label,tape,steps,k,n,horizon,stopped_early,steps_run_min,tq_10_n,tq_10_frac,tq_10_lo,tq_10_hi,tq_10_censored_early,tq_10_km_median,tq_10_cond_median,tq_10_min,t_rep_n,t_rep_frac,t_rep_lo,t_rep_hi,t_rep_censored_early,t_rep_km_median,t_rep_cond_median,t_rep_min,t_faith_n,t_faith_frac,t_faith_lo,t_faith_hi,t_faith_censored_early,t_faith_km_median,t_faith_cond_median,t_faith_min,trep_mechanisms,t02_mechanisms
call-rst-write,9,128,4,20,300000,0,300000,18,0.9,0.6989617935882066,0.9721341060158468,0,150.0,150.0,100,12,0.6,0.3865779423152061,0.7811960325858074,0,192000.0,148500.0,11000,12,0.6,0.3865779423152061,0.7811960325858074,0,192000.0,150250.0,11000,"block-copy:10, stack:1, -:1","block-copy:6, -:1"
call-rst-write,9,512,4,20,300000,0,300000,12,0.6,0.3865779423152061,0.7811960325858074,0,161000.0,87500.0,100,14,0.7,0.4810232237710206,0.854524726031006,0,160500.0,115250.0,22000,14,0.7,0.4810232237710206,0.854524726031006,0,160500.0,115250.0,22000,"block-copy:12, -:2",block-copy:8
none,9,32,4,20,300000,0,300000,20,1.0,0.8388698745050667,1.0,0,250.0,300.0,100,4,0.2,0.0806563532712,0.41602172202575993,0,inf,56750.0,15000,4,0.2,0.0806563532712,0.41602172202575993,0,inf,56750.0,15000,block-copy:4,block-copy:4
none,9,128,4,20,300000,0,300000,20,1.0,0.8388698745050667,1.0,0,100.0,100.0,50,6,0.3,0.14547527396899385,0.5189767762289793,0,inf,157500.0,73500,6,0.3,0.14547527396899385,0.5189767762289793,0,inf,157500.0,73500,block-copy:6,block-copy:4
none,9,128,6,20,300000,0,300000,20,1.0,0.8388698745050667,1.0,0,50.0,50.0,34,3,0.15,0.05236779195949584,0.36042329588695743,0,inf,34500.0,6000,3,0.15,0.05236779195949584,0.36042329588695743,0,inf,34500.0,6000,block-copy:3,block-copy:3
none,9,512,4,20,300000,0,300000,15,0.75,0.5312949900419365,0.888139947210597,0,100.0,100.0,50,5,0.25,0.11186005278940309,0.4687050099580636,0,inf,94000.0,20500,5,0.25,0.11186005278940309,0.4687050099580636,0,inf,94000.0,20500,block-copy:5,block-copy:4
push,9,128,4,20,300000,0,300000,10,0.5,0.2992949144298199,0.7007050855701801,0,287500.0,125500.0,66500,11,0.55,0.3420820083075997,0.7418049791429071,0,226500.0,131000.0,67000,11,0.55,0.3420820083075997,0.7418049791429071,0,226500.0,131000.0,67000,block-copy:11,block-copy:8
push,9,512,4,20,300000,0,300000,8,0.4,0.21880396741419272,0.613422057684794,0,inf,127500.0,84500,8,0.4,0.21880396741419272,0.613422057684794,0,inf,126750.0,82500,8,0.4,0.21880396741419272,0.613422057684794,0,inf,126750.0,82500,block-copy:8,block-copy:8
stack-read-only,9,128,4,20,300000,0,300000,20,1.0,0.8388698745050667,1.0,0,100.0,100.0,50,8,0.4,0.21880396741419272,0.613422057684794,0,inf,117500.0,15500,8,0.4,0.21880396741419272,0.613422057684794,0,inf,117500.0,15500,block-copy:8,block-copy:5
stack-read-only,9,512,4,20,300000,0,300000,14,0.7,0.4810232237710206,0.854524726031006,0,200.0,125.0,50,10,0.5,0.2992949144298199,0.7007050855701801,0,252000.0,140500.0,15000,10,0.5,0.2992949144298199,0.7007050855701801,0,252000.0,140500.0,15000,"block-copy:9, -:1","block-copy:5, -:1"
stack-write-only,9,128,4,20,300000,0,300000,9,0.45,0.25819502085709295,0.6579179916924003,0,inf,110500.0,6500,12,0.6,0.3865779423152061,0.7811960325858074,0,138500.0,107000.0,5500,12,0.6,0.3865779423152061,0.7811960325858074,0,138500.0,107000.0,5500,"block-copy:11, -:1",block-copy:9
stack-write-only,9,512,4,20,300000,0,300000,16,0.8,0.5839782779742401,0.9193436467288,0,91000.0,81250.0,5500,19,0.95,0.7638641064874331,0.9911187805671268,0,90000.0,90000.0,3700,19,0.95,0.7638641064874331,0.9911187805671268,0,90000.0,90000.0,3700,"block-copy:18, -:1",block-copy:15
stack-writes,9,128,4,20,300000,0,300000,11,0.55,0.3420820083075997,0.7418049791429071,0,210500.0,84500.0,41500,12,0.6,0.3865779423152061,0.7811960325858074,0,152000.0,85000.0,40500,12,0.6,0.3865779423152061,0.7811960325858074,0,152000.0,85000.0,40500,"block-copy:10, -:1, ld-mem:1",block-copy:11
stack-writes,9,512,4,20,300000,0,300000,16,0.8,0.5839782779742401,0.9193436467288,0,131000.0,81750.0,2950,18,0.9,0.6989617935882066,0.9721341060158468,0,82500.0,80750.0,1350,18,0.9,0.6989617935882066,0.9721341060158468,0,82500.0,80750.0,1350,block-copy:18,block-copy:16
