seed,step,heritable,confined_given_heritable,ldir_share,zero_frac,modal,modal_share
8201,20000,0.046875,0.0,5e-05,0.1428875,01 c5 01 c5 01 c5 01 c5 01 c5 01 c5 01 c5 01 c5,0.04175
8201,100000,0.140625,0.0,0.0,0.127234375,01 c5 01 c5 01 c5 01 c5 01 c5 01 c5 01 c5 01 c5,0.04245
8201,300000,0.09375,0.0,0.0,0.135834375,21 e5 21 e5 21 e5 21 e5 21 e5 21 e5 21 e5 21 e5,0.04105
8201,1000000,0.09375,0.0,0.0,0.127615625,01 c5 01 c5 01 c5 01 c5 01 c5 01 c5 01 c5 01 c5,0.0609
8201,2000000,0.078125,0.0,0.0,0.123425,01 c5 01 c5 01 c5 01 c5 01 c5 01 c5 01 c5 01 c5,0.06085
8201,3000000,0.09375,0.0,0.0,0.13435625,01 c5 01 c5 01 c5 01 c5 01 c5 01 c5 01 c5 01 c5,0.06645
8202,20000,0.0625,0.0,0.0,0.1301,01 c5 01 c5 01 c5 01 c5 01 c5 01 c5 01 c5 01 c5,0.0483
8202,100000,0.046875,0.0,5e-05,0.13075,01 c5 01 c5 01 c5 01 c5 01 c5 01 c5 01 c5 01 c5,0.0413
8202,300000,0.125,0.0,5e-05,0.122309375,01 c5 01 c5 01 c5 01 c5 01 c5 01 c5 01 c5 01 c5,0.06335
8202,1000000,0.046875,0.0,0.0,0.136009375,01 c5 01 c5 01 c5 01 c5 01 c5 01 c5 01 c5 01 c5,0.08645
8202,2000000,0.078125,0.0,5e-05,0.1320875,01 c5 01 c5 01 c5 01 c5 01 c5 01 c5 01 c5 01 c5,0.0389
8202,3000000,0.046875,0.0,0.0002,0.142934375,01 c5 01 c5 01 c5 01 c5 01 c5 01 c5 01 c5 01 c5,0.04935
8203,20000,0.078125,0.0,0.0,0.12534375,01 c5 01 c5 01 c5 01 c5 01 c5 01 c5 01 c5 01 c5,0.0386
8203,100000,0.109375,0.0,0.0,0.126015625,01 c5 01 c5 01 c5 01 c5 01 c5 01 c5 01 c5 01 c5,0.0445
8203,300000,0.046875,0.0,0.0,0.14605625,01 c5 01 c5 01 c5 01 c5 01 c5 01 c5 01 c5 01 c5,0.0347
8203,1000000,0.140625,0.0,0.0,0.10744375,01 c5 01 c5 01 c5 01 c5 01 c5 01 c5 01 c5 01 c5,0.06295
8203,2000000,0.140625,0.0,5e-05,0.12688125,01 c5 01 c5 01 c5 01 c5 01 c5 01 c5 01 c5 01 c5,0.04105
8203,3000000,0.140625,0.0,0.0,0.12913125,01 c5 01 c5 01 c5 01 c5 01 c5 01 c5 01 c5 01 c5,0.0769
8204,20000,0.109375,0.0,0.0,0.134078125,01 c5 01 c5 01 c5 01 c5 01 c5 01 c5 01 c5 01 c5,0.036
8204,100000,0.09375,0.0,0.0,0.142553125,21 e5 21 e5 21 e5 21 e5 21 e5 21 e5 21 e5 21 e5,0.034
8204,300000,0.09375,0.0,5e-05,0.126509375,01 c5 01 c5 01 c5 01 c5 01 c5 01 c5 01 c5 01 c5,0.042
8204,1000000,0.921875,0.9830508474576272,5e-05,0.0189,11 5d 00 21 ed a8 c3 84 e0 c5 71 1c ac 48 6b c3,0.0007
8204,2000000,0.84375,0.9814814814814815,0.00055,0.01863125,11 5d 8c 21 ed a8 c3 84 a1 ac d5 ed 8c 9e c0 ed,0.00075
8204,3000000,0.953125,1.0,0.0002,0.01810625,11 5d 68 2e ed a8 c2 04 57 1c 95 b0 c3 d0 e3 ed,0.0007
8205,20000,0.140625,0.0,5e-05,0.133584375,01 c5 01 c5 01 c5 01 c5 01 c5 01 c5 01 c5 01 c5,0.0679
8205,100000,0.078125,0.0,0.0,0.133446875,01 c5 01 c5 01 c5 01 c5 01 c5 01 c5 01 c5 01 c5,0.0411
8205,300000,0.078125,0.0,5e-05,0.12169375,21 e5 21 e5 21 e5 21 e5 21 e5 21 e5 21 e5 21 e5,0.0612
8205,1000000,0.109375,0.0,0.0,0.110725,01 c5 01 c5 01 c5 01 c5 01 c5 01 c5 01 c5 01 c5,0.08265
8205,2000000,0.09375,0.0,0.0,0.144034375,01 c5 01 c5 01 c5 01 c5 01 c5 01 c5 01 c5 01 c5,0.0386
8205,3000000,0.0625,0.0,0.0,0.127740625,01 c5 01 c5 01 c5 01 c5 01 c5 01 c5 01 c5 01 c5,0.0469
8206,20000,0.09375,0.0,0.0,0.132840625,01 c5 01 c5 01 c5 01 c5 01 c5 01 c5 01 c5 01 c5,0.03645
8206,100000,0.125,0.0,0.0,0.135446875,01 c5 01 c5 01 c5 01 c5 01 c5 01 c5 01 c5 01 c5,0.04965
8206,300000,0.109375,0.0,0.0,0.116946875,01 c5 01 c5 01 c5 01 c5 01 c5 01 c5 01 c5 01 c5,0.0531
8206,1000000,0.109375,0.0,0.0,0.14158125,01 c5 01 c5 01 c5 01 c5 01 c5 01 c5 01 c5 01 c5,0.04745
8206,2000000,0.03125,0.0,0.0,0.12684375,21 e5 21 e5 21 e5 21 e5 21 e5 21 e5 21 e5 21 e5,0.0368
8206,3000000,0.125,0.0,5e-05,0.127728125,01 c5 01 c5 01 c5 01 c5 01 c5 01 c5 01 c5 01 c5,0.0537
8207,20000,0.09375,0.0,0.0,0.13134375,01 c5 01 c5 01 c5 01 c5 01 c5 01 c5 01 c5 01 c5,0.0595
8207,100000,0.078125,0.0,5e-05,0.12949375,01 c5 01 c5 01 c5 01 c5 01 c5 01 c5 01 c5 01 c5,0.04565
8207,300000,0.078125,0.0,0.0,0.12280625,01 c5 01 c5 01 c5 01 c5 01 c5 01 c5 01 c5 01 c5,0.04395
8207,1000000,0.140625,0.0,0.0,0.120709375,01 c5 01 c5 01 c5 01 c5 01 c5 01 c5 01 c5 01 c5,0.0446
8207,2000000,0.125,0.0,0.00015,0.123184375,01 c5 01 c5 01 c5 01 c5 01 c5 01 c5 01 c5 01 c5,0.04005
8207,3000000,0.0625,0.0,0.0,0.1311625,01 c5 01 c5 01 c5 01 c5 01 c5 01 c5 01 c5 01 c5,0.0361
8208,20000,0.078125,0.0,0.0001,0.124028125,21 e5 21 e5 21 e5 21 e5 21 e5 21 e5 21 e5 21 e5,0.052
8208,100000,0.125,0.0,0.0,0.12529375,21 e5 21 e5 21 e5 21 e5 21 e5 21 e5 21 e5 21 e5,0.04725
8208,300000,0.09375,0.0,5e-05,0.137859375,01 c5 01 c5 01 c5 01 c5 01 c5 01 c5 01 c5 01 c5,0.048
8208,1000000,0.15625,0.0,0.0,0.130559375,01 c5 01 c5 01 c5 01 c5 01 c5 01 c5 01 c5 01 c5,0.06255
8208,2000000,0.09375,0.0,0.0,0.12396875,01 c5 01 c5 01 c5 01 c5 01 c5 01 c5 01 c5 01 c5,0.03955
8208,3000000,0.046875,0.0,5e-05,0.12205625,21 e5 21 e5 21 e5 21 e5 21 e5 21 e5 21 e5 21 e5,0.05475
8209,20000,0.078125,0.0,0.0,0.1153625,01 c5 01 c5 01 c5 01 c5 01 c5 01 c5 01 c5 01 c5,0.06655
8209,100000,0.078125,0.0,5e-05,0.12695625,01 c5 01 c5 01 c5 01 c5 01 c5 01 c5 01 c5 01 c5,0.05595
8209,300000,0.078125,0.0,0.0,0.1485625,21 e5 21 e5 21 e5 21 e5 21 e5 21 e5 21 e5 21 e5,0.0399
8209,1000000,0.15625,0.0,0.0,0.11915625,01 c5 01 c5 01 c5 01 c5 01 c5 01 c5 01 c5 01 c5,0.0375
8209,2000000,0.078125,0.0,5e-05,0.141515625,01 c5 01 c5 01 c5 01 c5 01 c5 01 c5 01 c5 01 c5,0.06355
8209,3000000,0.015625,0.0,0.0,0.13913125,01 c5 01 c5 01 c5 01 c5 01 c5 01 c5 01 c5 01 c5,0.04905
8210,20000,0.078125,0.0,0.0,0.12345,21 e5 21 e5 21 e5 21 e5 21 e5 21 e5 21 e5 21 e5,0.037
8210,100000,0.171875,0.0,0.0,0.12016875,01 c5 01 c5 01 c5 01 c5 01 c5 01 c5 01 c5 01 c5,0.0764
8210,300000,0.09375,0.0,5e-05,0.11294375,01 c5 01 c5 01 c5 01 c5 01 c5 01 c5 01 c5 01 c5,0.0576
8210,1000000,0.078125,0.0,0.0002,0.1220875,11 d5 11 d5 11 d5 11 d5 11 d5 11 d5 11 d5 11 d5,0.04405
8210,2000000,0.09375,0.0,0.0,0.1137625,01 c5 01 c5 01 c5 01 c5 01 c5 01 c5 01 c5 01 c5,0.0632
8210,3000000,0.109375,0.0,0.0,0.11371875,01 c5 01 c5 01 c5 01 c5 01 c5 01 c5 01 c5 01 c5,0.0626
8211,20000,0.140625,0.0,0.0,0.13091875,11 d5 11 d5 11 d5 11 d5 11 d5 11 d5 11 d5 11 d5,0.04465
8211,100000,0.171875,0.0,0.0,0.1049125,01 c5 01 c5 01 c5 01 c5 01 c5 01 c5 01 c5 01 c5,0.0646
8211,300000,0.140625,0.0,0.0001,0.1197125,21 e5 21 e5 21 e5 21 e5 21 e5 21 e5 21 e5 21 e5,0.0493
8211,1000000,0.109375,0.0,0.0,0.13335,01 c5 01 c5 01 c5 01 c5 01 c5 01 c5 01 c5 01 c5,0.0509
8211,2000000,0.0625,0.0,0.0,0.135021875,01 c5 01 c5 01 c5 01 c5 01 c5 01 c5 01 c5 01 c5,0.04855
8211,3000000,0.140625,0.0,0.0,0.125484375,01 c5 01 c5 01 c5 01 c5 01 c5 01 c5 01 c5 01 c5,0.0527
8212,20000,0.0625,0.0,0.0,0.129203125,01 c5 01 c5 01 c5 01 c5 01 c5 01 c5 01 c5 01 c5,0.05505
8212,100000,0.09375,0.0,0.0,0.1193125,21 e5 21 e5 21 e5 21 e5 21 e5 21 e5 21 e5 21 e5,0.03775
8212,300000,0.109375,0.0,5e-05,0.1345,01 c5 01 c5 01 c5 01 c5 01 c5 01 c5 01 c5 01 c5,0.0372
8212,1000000,0.046875,0.0,0.0,0.13398125,01 c5 01 c5 01 c5 01 c5 01 c5 01 c5 01 c5 01 c5,0.0329
8212,2000000,0.0625,0.0,0.0,0.143296875,01 c5 01 c5 01 c5 01 c5 01 c5 01 c5 01 c5 01 c5,0.05985
8212,3000000,0.125,0.0,0.0,0.133225,21 e5 21 e5 21 e5 21 e5 21 e5 21 e5 21 e5 21 e5,0.04845
8213,20000,0.078125,0.0,5e-05,0.1102625,01 c5 01 c5 01 c5 01 c5 01 c5 01 c5 01 c5 01 c5,0.0623
8213,100000,0.0625,0.0,0.0,0.12795625,01 c5 01 c5 01 c5 01 c5 01 c5 01 c5 01 c5 01 c5,0.0349
8213,300000,0.0625,0.0,0.0,0.137175,01 c5 01 c5 01 c5 01 c5 01 c5 01 c5 01 c5 01 c5,0.0454
8213,1000000,0.0625,0.0,0.0001,0.136640625,01 c5 01 c5 01 c5 01 c5 01 c5 01 c5 01 c5 01 c5,0.0484
8213,2000000,0.140625,0.0,0.0,0.1145,01 c5 01 c5 01 c5 01 c5 01 c5 01 c5 01 c5 01 c5,0.06005
8213,3000000,0.078125,0.0,0.0,0.123709375,01 c5 01 c5 01 c5 01 c5 01 c5 01 c5 01 c5 01 c5,0.0624
8214,20000,0.0625,0.0,0.0,0.116503125,21 e5 21 e5 21 e5 21 e5 21 e5 21 e5 21 e5 21 e5,0.07175
8214,100000,0.046875,0.0,0.0,0.1425375,01 c5 01 c5 01 c5 01 c5 01 c5 01 c5 01 c5 01 c5,0.06655
8214,300000,0.109375,0.0,0.0,0.12163125,01 c5 01 c5 01 c5 01 c5 01 c5 01 c5 01 c5 01 c5,0.0714
8214,1000000,0.046875,0.0,0.0001,0.10919375,01 c5 01 c5 01 c5 01 c5 01 c5 01 c5 01 c5 01 c5,0.04835
8214,2000000,0.125,0.0,0.0,0.1163375,01 c5 01 c5 01 c5 01 c5 01 c5 01 c5 01 c5 01 c5,0.04425
8214,3000000,0.109375,0.0,5e-05,0.13285,21 e5 21 e5 21 e5 21 e5 21 e5 21 e5 21 e5 21 e5,0.04355
8215,20000,0.125,0.0,0.0,0.12756875,21 e5 21 e5 21 e5 21 e5 21 e5 21 e5 21 e5 21 e5,0.0502
8215,100000,0.109375,0.0,0.0,0.121409375,01 c5 01 c5 01 c5 01 c5 01 c5 01 c5 01 c5 01 c5,0.03315
8215,300000,0.140625,0.0,5e-05,0.11699375,21 e5 21 e5 21 e5 21 e5 21 e5 21 e5 21 e5 21 e5,0.04005
8215,1000000,0.09375,0.0,0.0,0.146934375,21 e5 21 e5 21 e5 21 e5 21 e5 21 e5 21 e5 21 e5,0.0358
8215,2000000,0.09375,0.0,0.0001,0.133178125,01 c5 01 c5 01 c5 01 c5 01 c5 01 c5 01 c5 01 c5,0.0644
8215,3000000,0.078125,0.0,0.0,0.113684375,01 c5 01 c5 01 c5 01 c5 01 c5 01 c5 01 c5 01 c5,0.0648
8216,20000,0.09375,0.0,5e-05,0.116190625,11 d5 11 d5 11 d5 11 d5 11 d5 11 d5 11 d5 11 d5,0.0432
8216,100000,0.140625,0.0,0.0,0.140825,01 c5 01 c5 01 c5 01 c5 01 c5 01 c5 01 c5 01 c5,0.03765
8216,300000,0.0625,0.0,0.0,0.119178125,21 e5 21 e5 21 e5 21 e5 21 e5 21 e5 21 e5 21 e5,0.0569
8216,1000000,0.109375,0.0,0.0,0.11511875,01 c5 01 c5 01 c5 01 c5 01 c5 01 c5 01 c5 01 c5,0.0586
8216,2000000,0.0625,0.0,0.0,0.127690625,01 c5 01 c5 01 c5 01 c5 01 c5 01 c5 01 c5 01 c5,0.03565
8216,3000000,0.09375,0.0,0.0,0.1414625,01 c5 01 c5 01 c5 01 c5 01 c5 01 c5 01 c5 01 c5,0.07065
8217,20000,0.09375,0.0,0.0,0.144896875,01 c5 01 c5 01 c5 01 c5 01 c5 01 c5 01 c5 01 c5,0.05245
8217,100000,0.125,0.0,0.0,0.122971875,01 c5 01 c5 01 c5 01 c5 01 c5 01 c5 01 c5 01 c5,0.0434
8217,300000,0.03125,0.0,0.0,0.130859375,01 c5 01 c5 01 c5 01 c5 01 c5 01 c5 01 c5 01 c5,0.05995
8217,1000000,0.0625,0.0,0.0,0.13978125,01 c5 01 c5 01 c5 01 c5 01 c5 01 c5 01 c5 01 c5,0.04885
8217,2000000,0.15625,0.0,0.0,0.122765625,21 e5 21 e5 21 e5 21 e5 21 e5 21 e5 21 e5 21 e5,0.0445
8217,3000000,0.0625,0.0,0.0,0.113965625,11 d5 11 d5 11 d5 11 d5 11 d5 11 d5 11 d5 11 d5,0.03975
8218,20000,0.03125,0.0,0.0001,0.13528125,01 c5 01 c5 01 c5 01 c5 01 c5 01 c5 01 c5 01 c5,0.0548
8218,100000,0.09375,0.0,0.0,0.117925,01 c5 01 c5 01 c5 01 c5 01 c5 01 c5 01 c5 01 c5,0.0485
8218,300000,0.015625,0.0,0.0,0.120578125,01 c5 01 c5 01 c5 01 c5 01 c5 01 c5 01 c5 01 c5,0.05675
8218,1000000,0.84375,0.9444444444444444,0.93085,0.026453125,2e 60 11 90 c4 c3 ce 30 50 1f 8c ee e7 6a ed b0,0.00215
8218,2000000,0.828125,0.9433962264150944,0.92995,0.008128125,2e 40 11 90 9b c3 2e 4c 3e 61 cd 7e 78 d2 ed b0,0.00235
8218,3000000,0.84375,0.9629629629629629,0.92925,0.0172125,2e e0 11 90 e5 c3 eb ad 56 bc 42 ed b0 41 a4 ed,0.00225
8219,20000,0.109375,0.0,0.0002,0.119084375,01 c5 01 c5 01 c5 01 c5 01 c5 01 c5 01 c5 01 c5,0.05715
8219,100000,0.0625,0.0,0.0,0.12819375,11 d5 11 d5 11 d5 11 d5 11 d5 11 d5 11 d5 11 d5,0.0288
8219,300000,0.125,0.0,0.0,0.12963125,01 c5 01 c5 01 c5 01 c5 01 c5 01 c5 01 c5 01 c5,0.05345
8219,1000000,0.0625,0.0,0.0001,0.142759375,01 c5 01 c5 01 c5 01 c5 01 c5 01 c5 01 c5 01 c5,0.04765
8219,2000000,0.140625,0.0,0.0,0.11519375,21 e5 21 e5 21 e5 21 e5 21 e5 21 e5 21 e5 21 e5,0.0471
8219,3000000,0.109375,0.0,0.0,0.134078125,01 c5 01 c5 01 c5 01 c5 01 c5 01 c5 01 c5 01 c5,0.0576
8220,20000,0.09375,0.0,5e-05,0.1096375,11 d5 11 d5 11 d5 11 d5 11 d5 11 d5 11 d5 11 d5,0.04335
8220,100000,0.046875,0.0,0.0001,0.124634375,01 c5 01 c5 01 c5 01 c5 01 c5 01 c5 01 c5 01 c5,0.06005
8220,300000,0.109375,0.0,0.0,0.12871875,11 d5 11 d5 11 d5 11 d5 11 d5 11 d5 11 d5 11 d5,0.0349
8220,1000000,0.046875,0.0,0.0001,0.1365875,01 c5 01 c5 01 c5 01 c5 01 c5 01 c5 01 c5 01 c5,0.06
8220,2000000,0.078125,0.0,0.0,0.1151,01 c5 01 c5 01 c5 01 c5 01 c5 01 c5 01 c5 01 c5,0.0569
8220,3000000,0.140625,0.0,0.0,0.12331875,01 c5 01 c5 01 c5 01 c5 01 c5 01 c5 01 c5 01 c5,0.0673
