file,top1,top1_share,zero_frac,cell,tape,confined,n_sites,n_sites_unexecuted,n_executed,class
std_R4_SI13_s1_final.npy,44 5e ed b0 44 5e ed b0 44 5e ed b0 44 5e ed b0,0.00475,0.0142375,49,c8 7b 5e ed b0 ab 7d bd c8 7b 5e ed b0 ab 7d bd,True,4,3,5,intermediate
std_R4_SI13_s1_final.npy,44 5e ed b0 44 5e ed b0 44 5e ed b0 44 5e ed b0,0.00475,0.0142375,37,28 fe 5e ed b0 60 4d b2 28 fe 5e ed b0 60 4d b2,True,4,3,5,intermediate
std_R4_SI13_s1_final.npy,44 5e ed b0 44 5e ed b0 44 5e ed b0 44 5e ed b0,0.00475,0.0142375,21,28 a3 5e ed b0 0a d5 35 28 a3 5e ed b0 0a d5 35,True,4,3,5,intermediate
std_R4_SI13_s1_final.npy,44 5e ed b0 44 5e ed b0 44 5e ed b0 44 5e ed b0,0.00475,0.0142375,47,28 e3 5e ed b0 3f aa 28 28 e3 5e ed b0 3f aa 28,True,4,3,5,intermediate
std_R4_SI13_s1_final.npy,44 5e ed b0 44 5e ed b0 44 5e ed b0 44 5e ed b0,0.00475,0.0142375,48,28 e6 5e ed b0 f6 9c c5 28 e6 5e ed b0 f6 9c c5,True,4,3,5,intermediate
std_R4_SI13_s1_final.npy,44 5e ed b0 44 5e ed b0 44 5e ed b0 44 5e ed b0,0.00475,0.0142375,29,28 f7 5e ed b0 7d a2 ac 28 f7 5e ed b0 7d a2 ac,True,4,3,5,intermediate
std_R4_SI13_s1_final.npy,44 5e ed b0 44 5e ed b0 44 5e ed b0 44 5e ed b0,0.00475,0.0142375,15,28 24 5e ed b0 d5 00 85 28 24 5e ed b0 d5 00 85,True,4,3,5,intermediate
std_R4_SI13_s1_final.npy,44 5e ed b0 44 5e ed b0 44 5e ed b0 44 5e ed b0,0.00475,0.0142375,14,28 93 5e ed b0 29 2b b0 28 93 5e ed b0 29 2b b0,True,4,3,5,intermediate
std_R4_SI13_s1_final.npy,44 5e ed b0 44 5e ed b0 44 5e ed b0 44 5e ed b0,0.00475,0.0142375,54,28 66 5e ed b0 5a c5 56 28 66 5e ed b0 5a c5 56,True,4,3,5,intermediate
std_R4_SI13_s1_final.npy,44 5e ed b0 44 5e ed b0 44 5e ed b0 44 5e ed b0,0.00475,0.0142375,25,28 98 5e ed b0 35 94 4f 28 98 5e ed b0 35 94 4f,True,4,3,5,intermediate
std_R4_SI13_s1_final.npy,44 5e ed b0 44 5e ed b0 44 5e ed b0 44 5e ed b0,0.00475,0.0142375,39,b0 0d d3 86 32 5f 9b 3c 81 d9 5e ed b0 ff 00 ff,True,12,3,13,transmitter
std_R4_SI13_s1_final.npy,44 5e ed b0 44 5e ed b0 44 5e ed b0 44 5e ed b0,0.00475,0.0142375,7,28 de 5e ed b0 23 2b dc 28 de 5e ed b0 23 2b dc,True,4,3,5,intermediate
std_R4_SI13_s1_final.npy,44 5e ed b0 44 5e ed b0 44 5e ed b0 44 5e ed b0,0.00475,0.0142375,35,28 f7 5e ed b0 71 24 c6 28 f7 5e ed b0 71 24 c6,True,4,3,5,intermediate
std_R4_SI13_s1_final.npy,44 5e ed b0 44 5e ed b0 44 5e ed b0 44 5e ed b0,0.00475,0.0142375,53,28 08 5e ed b0 13 4f 5b 28 08 5e ed b0 13 4f 5b,True,4,3,5,intermediate
std_R4_SI13_s1_final.npy,44 5e ed b0 44 5e ed b0 44 5e ed b0 44 5e ed b0,0.00475,0.0142375,57,28 1b 5e ed b0 46 df b7 28 1b 5e ed b0 46 df b7,True,4,3,5,intermediate
std_R4_SI13_s1_final.npy,44 5e ed b0 44 5e ed b0 44 5e ed b0 44 5e ed b0,0.00475,0.0142375,24,28 e3 5e ed b0 3f aa 28 28 e3 5e ed b0 3f aa 28,True,4,3,5,intermediate
std_R4_SI13_s2_final.npy,28 03 5e ed b0 e9 9d 0c 28 03 5e ed b0 e9 9d 0c,0.00295,0.016734375,13,28 d6 5e ed b0 89 e8 df 28 d6 5e ed b0 89 e8 df,True,4,3,5,intermediate
std_R4_SI13_s2_final.npy,28 03 5e ed b0 e9 9d 0c 28 03 5e ed b0 e9 9d 0c,0.00295,0.016734375,4,28 20 5e ed b0 0a 46 6a 28 20 5e ed b0 0a 46 6a,True,4,3,5,intermediate
std_R4_SI13_s2_final.npy,28 03 5e ed b0 e9 9d 0c 28 03 5e ed b0 e9 9d 0c,0.00295,0.016734375,16,28 b8 5e ed b0 d5 d1 f3 28 b8 5e ed b0 d5 d1 f3,True,4,3,5,intermediate
std_R4_SI13_s2_final.npy,28 03 5e ed b0 e9 9d 0c 28 03 5e ed b0 e9 9d 0c,0.00295,0.016734375,6,28 2a 5e ed b0 56 3c 56 28 2a 5e ed b0 56 3c 56,True,4,3,5,intermediate
std_R4_SI13_s2_final.npy,28 03 5e ed b0 e9 9d 0c 28 03 5e ed b0 e9 9d 0c,0.00295,0.016734375,22,28 16 5e ed b0 b3 36 12 28 16 5e ed b0 b3 36 12,True,4,3,5,intermediate
std_R4_SI13_s2_final.npy,28 03 5e ed b0 e9 9d 0c 28 03 5e ed b0 e9 9d 0c,0.00295,0.016734375,17,c8 5e ed b0 79 9c 00 01 c8 5e ed b0 79 9c 00 01,True,4,4,4,intermediate
std_R4_SI13_s2_final.npy,28 03 5e ed b0 e9 9d 0c 28 03 5e ed b0 e9 9d 0c,0.00295,0.016734375,12,28 40 5e ed b0 53 a5 c7 28 8e 5e ed b0 53 a5 c7,True,4,3,5,intermediate
std_R4_SI13_s2_final.npy,28 03 5e ed b0 e9 9d 0c 28 03 5e ed b0 e9 9d 0c,0.00295,0.016734375,61,28 e2 5e ed b0 7e 00 90 28 e2 5e ed b0 7e 00 90,True,4,3,5,intermediate
std_R4_SI13_s2_final.npy,28 03 5e ed b0 e9 9d 0c 28 03 5e ed b0 e9 9d 0c,0.00295,0.016734375,59,b0 ee 71 1a 43 04 5e ed b0 8f 71 74 a9 e0 33 96,True,11,7,9,transmitter
std_R4_SI13_s2_final.npy,28 03 5e ed b0 e9 9d 0c 28 03 5e ed b0 e9 9d 0c,0.00295,0.016734375,10,28 b9 5e ed b0 ed 6e 25 28 b9 5e ed b0 ed 6e 25,True,4,3,5,intermediate
std_R4_SI13_s2_final.npy,28 03 5e ed b0 e9 9d 0c 28 03 5e ed b0 e9 9d 0c,0.00295,0.016734375,33,28 8e 5e ed b0 72 a5 4b 28 8e 5e ed b0 72 a5 4b,True,4,3,5,intermediate
std_R4_SI13_s2_final.npy,28 03 5e ed b0 e9 9d 0c 28 03 5e ed b0 e9 9d 0c,0.00295,0.016734375,44,28 a8 5e ed b0 fd 1e e7 28 a8 5e ed b0 fd 1e e7,True,4,3,5,intermediate
std_R4_SI13_s2_final.npy,28 03 5e ed b0 e9 9d 0c 28 03 5e ed b0 e9 9d 0c,0.00295,0.016734375,40,28 f9 5e ed b0 a5 06 37 28 f9 5e ed b0 a5 06 37,True,4,3,5,intermediate
std_R4_SI13_s2_final.npy,28 03 5e ed b0 e9 9d 0c 28 03 5e ed b0 e9 9d 0c,0.00295,0.016734375,47,28 75 5e ed b0 44 00 c4 28 75 5e ed b0 44 00 c4,True,4,3,5,intermediate
std_R4_SI13_s2_final.npy,28 03 5e ed b0 e9 9d 0c 28 03 5e ed b0 e9 9d 0c,0.00295,0.016734375,20,b0 41 9d 5e ed b0 65 9d ed 9d 5e ed b0 65 b0 65,True,14,10,6,transmitter
std_R4_SI13_s2_final.npy,28 03 5e ed b0 e9 9d 0c 28 03 5e ed b0 e9 9d 0c,0.00295,0.016734375,56,08 5e ed b0 6e 22 98 ca 08 5e ed b0 6e 22 98 ca,True,4,4,4,intermediate
std_R4_SI13_s3_final.npy,e8 5e ed b0 87 a1 24 75 e8 5e ed b0 87 a1 24 75,0.0038,0.015953125,19,28 9e 5e ed b0 d7 90 55 28 9e 5e ed b0 d7 90 55,True,4,3,5,intermediate
std_R4_SI13_s3_final.npy,e8 5e ed b0 87 a1 24 75 e8 5e ed b0 87 a1 24 75,0.0038,0.015953125,27,28 0c 5e ed b0 7a 53 63 28 0c 5e ed b0 7a 53 63,True,4,3,5,intermediate
std_R4_SI13_s3_final.npy,e8 5e ed b0 87 a1 24 75 e8 5e ed b0 87 a1 24 75,0.0038,0.015953125,63,88 b8 5e ed b0 a5 ae 6b 88 b8 5e ed b0 a5 ae 6b,True,4,3,5,intermediate
std_R4_SI13_s3_final.npy,e8 5e ed b0 87 a1 24 75 e8 5e ed b0 87 a1 24 75,0.0038,0.015953125,29,28 f4 5e ed b0 16 ef 40 28 f4 5e ed b0 16 ef 40,True,4,3,5,intermediate
std_R4_SI13_s3_final.npy,e8 5e ed b0 87 a1 24 75 e8 5e ed b0 87 a1 24 75,0.0038,0.015953125,15,28 19 5e ed b0 fd 82 44 28 19 5e ed b0 fd 82 44,True,4,3,5,intermediate
std_R4_SI13_s3_final.npy,e8 5e ed b0 87 a1 24 75 e8 5e ed b0 87 a1 24 75,0.0038,0.015953125,49,c8 5e ed b0 04 75 f4 71 c8 5e ed b0 04 75 f4 71,True,4,4,4,intermediate
std_R4_SI13_s3_final.npy,e8 5e ed b0 87 a1 24 75 e8 5e ed b0 87 a1 24 75,0.0038,0.015953125,23,28 0a 5e ed b0 49 c8 3b 28 0a 5e ed b0 49 c8 3b,True,4,3,5,intermediate
std_R4_SI13_s3_final.npy,e8 5e ed b0 87 a1 24 75 e8 5e ed b0 87 a1 24 75,0.0038,0.015953125,47,08 3b 5e ed b0 ba de 7d 08 3b 5e ed b0 ba de 7d,True,4,3,5,intermediate
std_R4_SI13_s3_final.npy,e8 5e ed b0 87 a1 24 75 e8 5e ed b0 87 a1 24 75,0.0038,0.015953125,30,28 11 5e ed b0 06 5e 30 28 11 5e ed b0 06 5e 30,True,4,3,5,intermediate
std_R4_SI13_s3_final.npy,e8 5e ed b0 87 a1 24 75 e8 5e ed b0 87 a1 24 75,0.0038,0.015953125,34,28 80 5e ed b0 89 d4 f6 28 80 5e ed b0 89 d4 f6,True,4,3,5,intermediate
std_R4_SI13_s3_final.npy,e8 5e ed b0 87 a1 24 75 e8 5e ed b0 87 a1 24 75,0.0038,0.015953125,37,28 0d 5e ed b0 75 78 6d 28 0d 5e ed b0 75 78 6d,True,4,3,5,intermediate
std_R4_SI13_s3_final.npy,e8 5e ed b0 87 a1 24 75 e8 5e ed b0 87 a1 24 75,0.0038,0.015953125,35,e8 5e ed b0 87 3b 24 a8 e8 5e ed b0 87 3b 24 a8,True,4,4,4,intermediate
std_R4_SI13_s3_final.npy,e8 5e ed b0 87 a1 24 75 e8 5e ed b0 87 a1 24 75,0.0038,0.015953125,39,28 ba 5e ed b0 12 b0 cd 28 ba 5e ed b0 12 b0 cd,True,4,3,5,intermediate
std_R4_SI13_s3_final.npy,e8 5e ed b0 87 a1 24 75 e8 5e ed b0 87 a1 24 75,0.0038,0.015953125,57,11 90 37 ed b0 1f af 28 28 90 5e 5f e6 0f a0 74,True,12,11,5,transmitter
std_R4_SI13_s3_final.npy,e8 5e ed b0 87 a1 24 75 e8 5e ed b0 87 a1 24 75,0.0038,0.015953125,3,28 6c 5e ed b0 7a 53 63 28 6c 5e ed b0 7a 53 63,True,4,3,5,intermediate
std_R4_SI13_s3_final.npy,e8 5e ed b0 87 a1 24 75 e8 5e ed b0 87 a1 24 75,0.0038,0.015953125,56,b0 5e ed b0 05 70 7f 88 81 5e ed b0 05 a2 c7 a5,True,12,12,4,transmitter
std_R4_SI13_s4_final.npy,04 5e ed b0 04 5e ed b0 04 5e ed b0 04 5e ed b0,0.0071,0.013153125,52,28 fe 5e ed b0 d5 42 62 28 fe 5e ed b0 d5 42 62,True,4,3,5,intermediate
std_R4_SI13_s4_final.npy,04 5e ed b0 04 5e ed b0 04 5e ed b0 04 5e ed b0,0.0071,0.013153125,22,28 da 5e ed b0 02 d7 14 28 da 5e ed b0 02 d7 14,True,4,3,5,intermediate
std_R4_SI13_s4_final.npy,04 5e ed b0 04 5e ed b0 04 5e ed b0 04 5e ed b0,0.0071,0.013153125,51,28 de 5e ed b0 84 e2 59 28 de 5e ed b0 84 e2 59,True,4,3,5,intermediate
std_R4_SI13_s4_final.npy,04 5e ed b0 04 5e ed b0 04 5e ed b0 04 5e ed b0,0.0071,0.013153125,31,b0 5d 5e ed b0 ec 75 3c 38 44 d2 c3 00 c8 00 a3,True,11,11,5,transmitter
std_R4_SI13_s4_final.npy,04 5e ed b0 04 5e ed b0 04 5e ed b0 04 5e ed b0,0.0071,0.013153125,56,28 18 5e ed b0 2c 80 a5 28 18 5e ed b0 2c 80 a5,True,4,3,5,intermediate
std_R4_SI13_s4_final.npy,04 5e ed b0 04 5e ed b0 04 5e ed b0 04 5e ed b0,0.0071,0.013153125,19,b0 c1 5e ed b0 73 68 8c e9 98 08 a0 48 e3 2c b5,True,12,11,5,transmitter
std_R4_SI13_s4_final.npy,04 5e ed b0 04 5e ed b0 04 5e ed b0 04 5e ed b0,0.0071,0.013153125,43,28 a7 5e ed b0 ee de 00 28 a7 5e ed b0 ee de 00,True,4,3,5,intermediate
std_R4_SI13_s4_final.npy,04 5e ed b0 04 5e ed b0 04 5e ed b0 04 5e ed b0,0.0071,0.013153125,45,28 43 5e ed b0 ba 92 fb 28 43 5e ed b0 ba 92 fb,True,4,3,5,intermediate
std_R4_SI13_s4_final.npy,04 5e ed b0 04 5e ed b0 04 5e ed b0 04 5e ed b0,0.0071,0.013153125,17,28 c6 5e ed b0 6b 99 73 28 c6 5e ed b0 6b 99 73,True,4,3,5,intermediate
std_R4_SI13_s4_final.npy,04 5e ed b0 04 5e ed b0 04 5e ed b0 04 5e ed b0,0.0071,0.013153125,44,28 27 5e ed b0 7e df 23 28 27 5e ed b0 7e df 23,True,4,3,5,intermediate
std_R4_SI13_s4_final.npy,04 5e ed b0 04 5e ed b0 04 5e ed b0 04 5e ed b0,0.0071,0.013153125,47,28 59 5e ed b0 e6 f8 8f 28 59 5e ed b0 e6 f8 8f,True,4,3,5,intermediate
std_R4_SI13_s4_final.npy,04 5e ed b0 04 5e ed b0 04 5e ed b0 04 5e ed b0,0.0071,0.013153125,61,28 df 5e ed b0 09 5d 6b 28 df 5e ed b0 09 5d 6b,True,4,3,5,intermediate
std_R4_SI13_s4_final.npy,04 5e ed b0 04 5e ed b0 04 5e ed b0 04 5e ed b0,0.0071,0.013153125,55,28 03 5e ed b0 a8 b0 52 28 03 5e ed b0 a8 b0 52,True,4,3,5,intermediate
std_R4_SI13_s4_final.npy,04 5e ed b0 04 5e ed b0 04 5e ed b0 04 5e ed b0,0.0071,0.013153125,46,28 65 5e ed b0 93 c2 75 28 65 5e ed b0 93 c2 75,True,4,3,5,intermediate
std_R4_SI13_s4_final.npy,04 5e ed b0 04 5e ed b0 04 5e ed b0 04 5e ed b0,0.0071,0.013153125,5,28 7d 37 5e 61 ed b0 b5 28 7d 37 5e 61 ed b0 b5,True,4,1,7,intermediate
std_R4_SI13_s4_final.npy,04 5e ed b0 04 5e ed b0 04 5e ed b0 04 5e ed b0,0.0071,0.013153125,62,28 8e 5e ed b0 da bf cd 28 8e 5e ed b0 da bf cd,True,4,3,5,intermediate
std_R4_SI13_s5_final.npy,28 9d 5e ed b0 4b 9c 9f 28 9d 5e ed b0 4b 9c 9f,0.00265,0.0161,8,b0 c2 b0 c2 ba a3 52 41 f3 e0 5e ed b0 1b 71 ca,True,10,3,13,transmitter
std_R4_SI13_s5_final.npy,28 9d 5e ed b0 4b 9c 9f 28 9d 5e ed b0 4b 9c 9f,0.00265,0.0161,36,28 c5 5e ed b0 39 dd 35 28 c5 5e ed b0 39 dd 35,True,4,3,5,intermediate
std_R4_SI13_s5_final.npy,28 9d 5e ed b0 4b 9c 9f 28 9d 5e ed b0 4b 9c 9f,0.00265,0.0161,56,28 0c 5e ed b0 d8 c6 ec 28 0c 5e ed b0 d8 c6 ec,True,4,3,5,intermediate
std_R4_SI13_s5_final.npy,28 9d 5e ed b0 4b 9c 9f 28 9d 5e ed b0 4b 9c 9f,0.00265,0.0161,53,28 a2 5e ed b0 38 a3 bf 28 a2 5e ed b0 38 a3 bf,True,4,3,5,intermediate
std_R4_SI13_s5_final.npy,28 9d 5e ed b0 4b 9c 9f 28 9d 5e ed b0 4b 9c 9f,0.00265,0.0161,21,28 24 5e ed b0 4d 5b f7 28 24 5e ed b0 4d 5b f7,True,4,3,5,intermediate
std_R4_SI13_s5_final.npy,28 9d 5e ed b0 4b 9c 9f 28 9d 5e ed b0 4b 9c 9f,0.00265,0.0161,55,28 63 5e ed b0 c1 51 2a 28 63 5e ed b0 c1 51 2a,True,4,3,5,intermediate
std_R4_SI13_s5_final.npy,28 9d 5e ed b0 4b 9c 9f 28 9d 5e ed b0 4b 9c 9f,0.00265,0.0161,9,28 95 5e ed b0 95 95 5e 28 95 5e ed b0 95 95 5e,True,4,3,5,intermediate
std_R4_SI13_s5_final.npy,28 9d 5e ed b0 4b 9c 9f 28 9d 5e ed b0 4b 9c 9f,0.00265,0.0161,51,28 76 5e ed b0 51 7a 97 28 76 5e ed b0 51 e7 97,True,4,3,5,intermediate
std_R4_SI13_s5_final.npy,28 9d 5e ed b0 4b 9c 9f 28 9d 5e ed b0 4b 9c 9f,0.00265,0.0161,12,28 24 5e ed b0 3d 06 21 28 24 5e ed b0 3d 06 21,True,4,3,5,intermediate
std_R4_SI13_s5_final.npy,28 9d 5e ed b0 4b 9c 9f 28 9d 5e ed b0 4b 9c 9f,0.00265,0.0161,30,28 00 5e ed b0 f7 9a 78 28 00 5e ed b0 f7 9a 78,True,4,3,5,intermediate
std_R4_SI13_s5_final.npy,28 9d 5e ed b0 4b 9c 9f 28 9d 5e ed b0 4b 9c 9f,0.00265,0.0161,1,28 ee 5e ed b0 7c 97 4f 28 ee 5e ed b0 7c 97 4f,True,4,3,5,intermediate
std_R4_SI13_s5_final.npy,28 9d 5e ed b0 4b 9c 9f 28 9d 5e ed b0 4b 9c 9f,0.00265,0.0161,11,28 cc 5e ed b0 7f 9c 9a 28 cc 5e ed b0 7f 9c 9a,True,4,3,5,intermediate
std_R4_SI13_s5_final.npy,28 9d 5e ed b0 4b 9c 9f 28 9d 5e ed b0 4b 9c 9f,0.00265,0.0161,44,b0 c2 3e 69 28 3f bf 5e ed b0 a3 b0 b6 ca 00 d4,True,11,6,10,transmitter
std_R4_SI13_s5_final.npy,28 9d 5e ed b0 4b 9c 9f 28 9d 5e ed b0 4b 9c 9f,0.00265,0.0161,7,28 ec 5e ed b0 a9 5e 1b 28 ec 5e ed b0 a9 5e 1b,True,4,3,5,intermediate
std_R4_SI13_s5_final.npy,28 9d 5e ed b0 4b 9c 9f 28 9d 5e ed b0 4b 9c 9f,0.00265,0.0161,15,28 1d 5e ed b0 f4 80 38 28 1d 5e ed b0 f4 80 38,True,4,3,5,intermediate
std_R4_SI13_s5_final.npy,28 9d 5e ed b0 4b 9c 9f 28 9d 5e ed b0 4b 9c 9f,0.00265,0.0161,5,28 0a 5e ed b0 15 65 c9 28 0a 5e ed b0 15 65 c9,True,4,3,5,intermediate
std_R4_none_s1_final.npy,64 5e ed b0 64 5e ed b0 64 5e ed b0 64 5e ed b0,0.01635,0.018425,11,28 0a 5e ed b0 3d d8 63 28 0a 5e ed b0 3d d8 63,True,4,3,5,intermediate
std_R4_none_s1_final.npy,64 5e ed b0 64 5e ed b0 64 5e ed b0 64 5e ed b0,0.01635,0.018425,49,28 1e 5e ed b0 7f dd 54 28 1e 5e ed b0 7f dd 54,True,4,3,5,intermediate
std_R4_none_s1_final.npy,64 5e ed b0 64 5e ed b0 64 5e ed b0 64 5e ed b0,0.01635,0.018425,41,28 6f 5e ed b0 34 53 5e 28 6f 5e ed b0 34 53 5e,True,4,3,5,intermediate
std_R4_none_s1_final.npy,64 5e ed b0 64 5e ed b0 64 5e ed b0 64 5e ed b0,0.01635,0.018425,57,b0 5c 5d a6 33 f8 5e ed b0 d1 1e 3c 5e ed 5e 07,True,12,7,9,transmitter
std_R4_none_s1_final.npy,64 5e ed b0 64 5e ed b0 64 5e ed b0 64 5e ed b0,0.01635,0.018425,34,28 d8 5e ed b0 1d 0d 2e 28 d8 5e ed b0 1d 0d 2e,True,4,3,5,intermediate
std_R4_none_s1_final.npy,64 5e ed b0 64 5e ed b0 64 5e ed b0 64 5e ed b0,0.01635,0.018425,6,b0 25 b0 25 84 5e f2 a5 25 b0 25 84 5e ed b0 25,True,13,1,15,transmitter
std_R4_none_s1_final.npy,64 5e ed b0 64 5e ed b0 64 5e ed b0 64 5e ed b0,0.01635,0.018425,8,28 80 5e ed b0 e6 52 2c 28 80 5e ed b0 e6 52 2c,True,4,3,5,intermediate
std_R4_none_s1_final.npy,64 5e ed b0 64 5e ed b0 64 5e ed b0 64 5e ed b0,0.01635,0.018425,15,b0 83 f6 fc 28 1e 5e ed b0 83 f6 c5 28 c5 00 ed,True,11,7,9,transmitter
std_R4_none_s1_final.npy,64 5e ed b0 64 5e ed b0 64 5e ed b0 64 5e ed b0,0.01635,0.018425,37,28 8f 5e ed b0 e8 c3 d8 28 8f 5e ed b0 e8 c3 d8,True,4,3,5,intermediate
std_R4_none_s1_final.npy,64 5e ed b0 64 5e ed b0 64 5e ed b0 64 5e ed b0,0.01635,0.018425,43,b0 b5 5e ed b0 7f 5e 1a b0 a6 5e f0 b0 b5 93 00,True,12,11,5,transmitter
std_R4_none_s1_final.npy,64 5e ed b0 64 5e ed b0 64 5e ed b0 64 5e ed b0,0.01635,0.018425,32,28 c6 5e ed b0 24 db 77 28 c6 5e ed b0 24 db 77,True,4,3,5,intermediate
std_R4_none_s1_final.npy,64 5e ed b0 64 5e ed b0 64 5e ed b0 64 5e ed b0,0.01635,0.018425,45,28 eb 5e ed b0 35 59 81 28 eb 5e ed b0 35 59 81,True,4,3,5,intermediate
std_R4_none_s1_final.npy,64 5e ed b0 64 5e ed b0 64 5e ed b0 64 5e ed b0,0.01635,0.018425,27,28 46 5e ed b0 8e e9 7f 28 46 5e ed b0 8e e9 7f,True,4,3,5,intermediate
std_R4_none_s1_final.npy,64 5e ed b0 64 5e ed b0 64 5e ed b0 64 5e ed b0,0.01635,0.018425,61,04 5e ed b0 04 5e ed b0 04 5e ed b0 04 5e ed b0,True,0,0,4,regenerator
std_R4_none_s1_final.npy,64 5e ed b0 64 5e ed b0 64 5e ed b0 64 5e ed b0,0.01635,0.018425,46,b0 69 5e ed b0 69 f4 ed b0 69 8c ef b0 b1 5e 09,True,12,11,5,transmitter
std_R4_none_s1_final.npy,64 5e ed b0 64 5e ed b0 64 5e ed b0 64 5e ed b0,0.01635,0.018425,3,28 ce 5e ed b0 b1 69 37 28 ce 5e ed b0 b1 69 37,True,4,3,5,intermediate
std_R4_none_s2_final.npy,28 2c 5e ed b0 ab ca 2e 28 2c 5e ed b0 ab ca 2e,0.00365,0.01375625,5,28 d5 5e ed b0 f4 b1 a6 28 d5 5e ed b0 f4 b1 a6,True,4,3,5,intermediate
std_R4_none_s2_final.npy,28 2c 5e ed b0 ab ca 2e 28 2c 5e ed b0 ab ca 2e,0.00365,0.01375625,16,28 7a 5e ed b0 81 a1 1a 28 7a 5e ed b0 81 a1 1a,True,4,3,5,intermediate
std_R4_none_s2_final.npy,28 2c 5e ed b0 ab ca 2e 28 2c 5e ed b0 ab ca 2e,0.00365,0.01375625,63,28 80 5e ed b0 c9 ff e2 28 80 5e ed b0 c9 ff e2,True,4,3,5,intermediate
std_R4_none_s2_final.npy,28 2c 5e ed b0 ab ca 2e 28 2c 5e ed b0 ab ca 2e,0.00365,0.01375625,30,b0 f1 5e ed b0 57 7e ee b0 eb 06 dc b0 b6 5e c8,True,12,11,5,transmitter
std_R4_none_s2_final.npy,28 2c 5e ed b0 ab ca 2e 28 2c 5e ed b0 ab ca 2e,0.00365,0.01375625,25,c8 5e ed b0 8c 97 00 5c c8 5e ed b0 8c 97 00 5c,True,4,4,4,intermediate
std_R4_none_s2_final.npy,28 2c 5e ed b0 ab ca 2e 28 2c 5e ed b0 ab ca 2e,0.00365,0.01375625,38,28 c3 5e ed b0 9c 69 0b 28 c3 5e ed b0 9c 69 0b,True,4,3,5,intermediate
std_R4_none_s2_final.npy,28 2c 5e ed b0 ab ca 2e 28 2c 5e ed b0 ab ca 2e,0.00365,0.01375625,46,28 57 5e ed b0 7a 8f 87 28 57 5e ed b0 7a 8f 87,True,4,3,5,intermediate
std_R4_none_s2_final.npy,28 2c 5e ed b0 ab ca 2e 28 2c 5e ed b0 ab ca 2e,0.00365,0.01375625,37,c8 5e ed b0 63 e8 fa 26 c8 5e ed b0 63 e8 fa 26,True,4,4,4,intermediate
std_R4_none_s2_final.npy,28 2c 5e ed b0 ab ca 2e 28 2c 5e ed b0 ab ca 2e,0.00365,0.01375625,32,28 75 5e ed b0 38 2c ac 28 75 5e ed b0 38 2c ac,True,4,3,5,intermediate
std_R4_none_s2_final.npy,28 2c 5e ed b0 ab ca 2e 28 2c 5e ed b0 ab ca 2e,0.00365,0.01375625,55,28 93 5e ed b0 e9 4a 1f 28 93 5e ed b0 e9 4a 1f,True,4,3,5,intermediate
std_R4_none_s2_final.npy,28 2c 5e ed b0 ab ca 2e 28 2c 5e ed b0 ab ca 2e,0.00365,0.01375625,20,28 87 5e ed b0 d5 db 70 28 87 5e ed b0 d5 db 70,True,4,3,5,intermediate
std_R4_none_s2_final.npy,28 2c 5e ed b0 ab ca 2e 28 2c 5e ed b0 ab ca 2e,0.00365,0.01375625,43,28 2b 5e ed b0 93 e0 ed 28 2b 5e ed b0 93 e0 ed,True,4,3,5,intermediate
std_R4_none_s2_final.npy,28 2c 5e ed b0 ab ca 2e 28 2c 5e ed b0 ab ca 2e,0.00365,0.01375625,17,b0 eb 5e ed b0 5d 64 72 20 50 52 6e 80 ce bb 87,True,12,11,5,transmitter
std_R4_none_s2_final.npy,28 2c 5e ed b0 ab ca 2e 28 2c 5e ed b0 ab ca 2e,0.00365,0.01375625,0,b0 1a 01 ed b0 12 8a f0 99 1a 5e ed b0 12 8a b6,True,10,3,13,transmitter
std_R4_none_s2_final.npy,28 2c 5e ed b0 ab ca 2e 28 2c 5e ed b0 ab ca 2e,0.00365,0.01375625,47,28 2c 5e ed b0 ab ca 2e 28 2c 5e ed b0 ab ca 2e,True,4,3,5,intermediate
std_R4_none_s2_final.npy,28 2c 5e ed b0 ab ca 2e 28 2c 5e ed b0 ab ca 2e,0.00365,0.01375625,3,28 9b 5e ed b0 e2 34 c8 28 9b 5e ed b0 e2 34 c8,True,4,3,5,intermediate
std_R4_none_s3_final.npy,b0 1e 24 ed b0 1e 24 ed b0 1e 24 ed b0 1e 24 ed,0.09405,0.00731875,27,b0 1e a4 ed b0 1e a4 ed b0 1e a4 ed b0 1e a4 ed,True,0,0,5,regenerator
std_R4_none_s3_final.npy,b0 1e 24 ed b0 1e 24 ed b0 1e 24 ed b0 1e 24 ed,0.09405,0.00731875,33,28 c3 5e ed b0 6b 92 61 28 c3 5e ed b0 6b 92 61,True,4,3,5,intermediate
std_R4_none_s3_final.npy,b0 1e 24 ed b0 1e 24 ed b0 1e 24 ed b0 1e 24 ed,0.09405,0.00731875,40,1e e8 ed b0 1e 24 ed f9 1e e8 ed b0 1e 24 ed f9,True,4,4,4,intermediate
std_R4_none_s3_final.npy,b0 1e 24 ed b0 1e 24 ed b0 1e 24 ed b0 1e 24 ed,0.09405,0.00731875,18,28 7b 5e ed b0 b9 bd aa 28 7b 5e ed b0 b9 bd aa,True,4,3,5,intermediate
std_R4_none_s3_final.npy,b0 1e 24 ed b0 1e 24 ed b0 1e 24 ed b0 1e 24 ed,0.09405,0.00731875,52,28 5f 5e ed b0 4d 2b 18 28 5f 5e ed b0 4d 2b 18,True,4,3,5,intermediate
std_R4_none_s3_final.npy,b0 1e 24 ed b0 1e 24 ed b0 1e 24 ed b0 1e 24 ed,0.09405,0.00731875,19,1e a4 ed b0 1e a4 ed b0 1e a4 ed b0 1e a4 ed b0,True,0,0,4,regenerator
std_R4_none_s3_final.npy,b0 1e 24 ed b0 1e 24 ed b0 1e 24 ed b0 1e 24 ed,0.09405,0.00731875,60,28 1c 5e ed b0 62 2d 50 28 1c 5e ed b0 62 2d 50,True,4,3,5,intermediate
std_R4_none_s3_final.npy,b0 1e 24 ed b0 1e 24 ed b0 1e 24 ed b0 1e 24 ed,0.09405,0.00731875,28,28 92 5e ed b0 d8 ae 73 28 92 5e ed b0 d8 ae 73,True,4,3,5,intermediate
std_R4_none_s3_final.npy,b0 1e 24 ed b0 1e 24 ed b0 1e 24 ed b0 1e 24 ed,0.09405,0.00731875,6,b0 1e 24 ed b0 1e 24 ed b0 1e 24 ed b0 1e 24 ed,True,0,0,5,regenerator
std_R4_none_s3_final.npy,b0 1e 24 ed b0 1e 24 ed b0 1e 24 ed b0 1e 24 ed,0.09405,0.00731875,36,1e 04 ed b0 1e 04 ed b0 1e 04 ed b0 1e 04 ed b0,True,0,0,4,regenerator
std_R4_none_s3_final.npy,b0 1e 24 ed b0 1e 24 ed b0 1e 24 ed b0 1e 24 ed,0.09405,0.00731875,16,b0 1e d0 ed b0 15 44 ed 7e 49 13 ed c5 dd 18 de,True,12,11,5,transmitter
std_R4_none_s3_final.npy,b0 1e 24 ed b0 1e 24 ed b0 1e 24 ed b0 1e 24 ed,0.09405,0.00731875,54,e8 5e ed b0 aa d0 5c 08 e8 5e ed b0 aa d0 5c 08,True,4,4,4,intermediate
std_R4_none_s3_final.npy,b0 1e 24 ed b0 1e 24 ed b0 1e 24 ed b0 1e 24 ed,0.09405,0.00731875,21,28 cd 5e ed b0 a1 03 7c 28 cd 5e ed b0 a1 03 7c,True,4,3,5,intermediate
std_R4_none_s3_final.npy,b0 1e 24 ed b0 1e 24 ed b0 1e 24 ed b0 1e 24 ed,0.09405,0.00731875,56,28 66 5e ed b0 26 9d 3f 28 66 5e ed b0 26 9d 3f,True,4,3,5,intermediate
std_R4_none_s3_final.npy,b0 1e 24 ed b0 1e 24 ed b0 1e 24 ed b0 1e 24 ed,0.09405,0.00731875,41,1e 84 ed b0 1e 84 ed b0 1e 84 ed b0 1e 84 ed b0,True,0,0,4,regenerator
std_R4_none_s3_final.npy,b0 1e 24 ed b0 1e 24 ed b0 1e 24 ed b0 1e 24 ed,0.09405,0.00731875,31,e8 5e ed b0 a7 8a 72 6a e8 5e ed b0 a7 8a 72 6a,True,4,4,4,intermediate
std_SI13_R4_s1_final.npy,44 5e ed b0 44 5e ed b0 44 5e ed b0 44 5e ed b0,0.02045,0.0150625,25,b0 5e ed b0 1f 98 18 66 00 08 00 0b 72 0b 00 c1,True,12,12,4,transmitter
std_SI13_R4_s1_final.npy,44 5e ed b0 44 5e ed b0 44 5e ed b0 44 5e ed b0,0.02045,0.0150625,26,c8 5e ed b0 13 93 0f fc c8 5e ed b0 13 93 0f fc,True,4,4,4,intermediate
std_SI13_R4_s1_final.npy,44 5e ed b0 44 5e ed b0 44 5e ed b0 44 5e ed b0,0.02045,0.0150625,46,c8 5e ed b0 61 58 b0 67 c8 5e ed b0 61 58 b0 67,True,4,4,4,intermediate
std_SI13_R4_s1_final.npy,44 5e ed b0 44 5e ed b0 44 5e ed b0 44 5e ed b0,0.02045,0.0150625,62,68 5e ed b0 41 7a 15 e2 68 5e ed b0 41 7a 15 e2,True,4,4,4,intermediate
std_SI13_R4_s1_final.npy,44 5e ed b0 44 5e ed b0 44 5e ed b0 44 5e ed b0,0.02045,0.0150625,14,c8 b3 5e ed b0 fb 6b 95 c8 b3 5e ed b0 fb 6b 95,True,4,3,5,intermediate
std_SI13_R4_s1_final.npy,44 5e ed b0 44 5e ed b0 44 5e ed b0 44 5e ed b0,0.02045,0.0150625,47,b0 b1 5e ed b0 d0 49 ed 43 92 6d c5 9e af ed 5f,True,12,11,5,transmitter
std_SI13_R4_s1_final.npy,44 5e ed b0 44 5e ed b0 44 5e ed b0 44 5e ed b0,0.02045,0.0150625,48,e8 5e ed b0 b7 53 4a b7 e8 5e ed b0 b7 53 4a b7,True,4,4,4,intermediate
std_SI13_R4_s1_final.npy,44 5e ed b0 44 5e ed b0 44 5e ed b0 44 5e ed b0,0.02045,0.0150625,22,c8 5e ed b0 bc 4c cc 51 c8 5e ed b0 bc 4c cc 51,True,4,4,4,intermediate
std_SI13_R4_s1_final.npy,44 5e ed b0 44 5e ed b0 44 5e ed b0 44 5e ed b0,0.02045,0.0150625,7,88 5e ed b0 ff 84 58 9e 88 5e ed b0 ff 84 58 9e,True,4,4,4,intermediate
std_SI13_R4_s1_final.npy,44 5e ed b0 44 5e ed b0 44 5e ed b0 44 5e ed b0,0.02045,0.0150625,15,b0 5e ed b0 99 6f 18 57 1f e8 2d 00 57 00 53 40,True,12,12,4,transmitter
std_SI13_R4_s1_final.npy,44 5e ed b0 44 5e ed b0 44 5e ed b0 44 5e ed b0,0.02045,0.0150625,56,b0 e6 8f 5e ed b0 e9 ed ae e6 b3 c9 dd b0 5e c3,True,12,10,6,transmitter
std_SI13_R4_s1_final.npy,44 5e ed b0 44 5e ed b0 44 5e ed b0 44 5e ed b0,0.02045,0.0150625,61,b0 8f 5c c2 6a c8 5e ed b0 b0 8f c9 8f 5c 5e 5f,True,11,7,9,transmitter
std_SI13_R4_s1_final.npy,44 5e ed b0 44 5e ed b0 44 5e ed b0 44 5e ed b0,0.02045,0.0150625,40,b0 84 84 5e ed b0 d7 ed 78 b0 84 f9 78 de b0 14,True,12,10,6,transmitter
std_SI13_R4_s1_final.npy,44 5e ed b0 44 5e ed b0 44 5e ed b0 44 5e ed b0,0.02045,0.0150625,32,b0 26 37 1e c8 fd b0 ed b0 26 37 1e c8 fd b0 ed,True,3,0,9,intermediate
std_SI13_R4_s1_final.npy,44 5e ed b0 44 5e ed b0 44 5e ed b0 44 5e ed b0,0.02045,0.0150625,54,c8 5e ed b0 f3 81 83 83 c8 5e ed b0 f3 81 83 83,True,4,4,4,intermediate
std_SI13_R4_s1_final.npy,44 5e ed b0 44 5e ed b0 44 5e ed b0 44 5e ed b0,0.02045,0.0150625,2,c8 5e ed b0 d0 5b 68 e5 c8 5e ed b0 d0 5b 68 e5,True,4,4,4,intermediate
std_SI13_R4_s2_final.npy,04 5e ed b0 04 5e ed b0 04 5e ed b0 04 5e ed b0,0.0061,0.012921875,14,28 2d 5e ed b0 1c 01 16 28 2d 5e ed b0 1c 01 16,True,4,3,5,intermediate
std_SI13_R4_s2_final.npy,04 5e ed b0 04 5e ed b0 04 5e ed b0 04 5e ed b0,0.0061,0.012921875,5,28 98 5e ed b0 bf 9a d3 28 98 5e ed b0 bf 9a d3,True,4,3,5,intermediate
std_SI13_R4_s2_final.npy,04 5e ed b0 04 5e ed b0 04 5e ed b0 04 5e ed b0,0.0061,0.012921875,17,28 ca 5e ed b0 ae f2 82 28 ca 5e ed b0 ae f2 82,True,4,3,5,intermediate
std_SI13_R4_s2_final.npy,04 5e ed b0 04 5e ed b0 04 5e ed b0 04 5e ed b0,0.0061,0.012921875,7,28 db 5e ed b0 bd 56 8b 28 db 5e ed b0 bd 56 8b,True,4,3,5,intermediate
std_SI13_R4_s2_final.npy,04 5e ed b0 04 5e ed b0 04 5e ed b0 04 5e ed b0,0.0061,0.012921875,24,28 46 5e ed b0 19 2d e6 28 46 5e ed b0 19 2d e6,True,4,3,5,intermediate
std_SI13_R4_s2_final.npy,04 5e ed b0 04 5e ed b0 04 5e ed b0 04 5e ed b0,0.0061,0.012921875,18,28 a9 5e ed b0 43 8e fc 28 a9 5e ed b0 43 8e fc,True,4,3,5,intermediate
std_SI13_R4_s2_final.npy,04 5e ed b0 04 5e ed b0 04 5e ed b0 04 5e ed b0,0.0061,0.012921875,12,28 10 5e ed b0 29 0c 2a 28 10 5e ed b0 29 0c 2a,True,4,3,5,intermediate
std_SI13_R4_s2_final.npy,04 5e ed b0 04 5e ed b0 04 5e ed b0 04 5e ed b0,0.0061,0.012921875,61,b0 3d 5e ed 0d 86 5e 61 b0 f0 5e ed b0 3d 9f ed,True,13,3,13,transmitter
std_SI13_R4_s2_final.npy,04 5e ed b0 04 5e ed b0 04 5e ed b0 04 5e ed b0,0.0061,0.012921875,59,28 12 5e ed b0 06 84 5d 28 12 5e ed b0 06 84 5d,True,4,3,5,intermediate
std_SI13_R4_s2_final.npy,04 5e ed b0 04 5e ed b0 04 5e ed b0 04 5e ed b0,0.0061,0.012921875,10,28 cd 5e ed b0 af 01 16 28 cd 5e ed b0 af 01 16,True,4,3,5,intermediate
std_SI13_R4_s2_final.npy,04 5e ed b0 04 5e ed b0 04 5e ed b0 04 5e ed b0,0.0061,0.012921875,34,b0 ac d6 09 b0 d6 9d f2 28 5c 5e ed b0 d6 9d f2,True,12,3,13,transmitter
std_SI13_R4_s2_final.npy,04 5e ed b0 04 5e ed b0 04 5e ed b0 04 5e ed b0,0.0061,0.012921875,44,28 b4 5e ed b0 07 6c 21 28 b4 5e ed b0 07 6c 21,True,4,3,5,intermediate
std_SI13_R4_s2_final.npy,04 5e ed b0 04 5e ed b0 04 5e ed b0 04 5e ed b0,0.0061,0.012921875,40,28 ab 5e ed b0 b6 48 f5 28 ab 5e ed b0 b6 48 f5,True,4,3,5,intermediate
std_SI13_R4_s2_final.npy,04 5e ed b0 04 5e ed b0 04 5e ed b0 04 5e ed b0,0.0061,0.012921875,46,28 31 5e ed b0 5b 96 20 28 f5 5e ed b0 5b 96 20,True,4,3,5,intermediate
std_SI13_R4_s2_final.npy,04 5e ed b0 04 5e ed b0 04 5e ed b0 04 5e ed b0,0.0061,0.012921875,22,28 a3 5e ed b0 19 af cb 28 a3 5e ed b0 19 af cb,True,4,3,5,intermediate
std_SI13_R4_s2_final.npy,04 5e ed b0 04 5e ed b0 04 5e ed b0 04 5e ed b0,0.0061,0.012921875,57,28 1e 5e ed b0 d2 5d 8d 88 1e 5e ed b0 d2 5d 8d,True,4,3,5,intermediate
std_SI13_R4_s3_final.npy,44 5e ed b0 44 5e ed b0 44 5e ed b0 44 5e ed b0,0.01175,0.01695,28,28 ce 5e ed b0 e2 fd a5 28 ce 5e ed b0 e2 fd a5,True,4,3,5,intermediate
std_SI13_R4_s3_final.npy,44 5e ed b0 44 5e ed b0 44 5e ed b0 44 5e ed b0,0.01175,0.01695,48,28 9d 5e ed b0 18 c6 80 28 9d 5e ed b0 18 5e ed,True,4,3,5,intermediate
std_SI13_R4_s3_final.npy,44 5e ed b0 44 5e ed b0 44 5e ed b0 44 5e ed b0,0.01175,0.01695,23,28 4b 5e ed b0 50 bd c6 28 4b 5e ed b0 50 bd c6,True,4,3,5,intermediate
std_SI13_R4_s3_final.npy,44 5e ed b0 44 5e ed b0 44 5e ed b0 44 5e ed b0,0.01175,0.01695,26,28 bc 5e ed b0 e5 89 b9 28 bc 5e ed b0 e5 89 b9,True,4,3,5,intermediate
std_SI13_R4_s3_final.npy,44 5e ed b0 44 5e ed b0 44 5e ed b0 44 5e ed b0,0.01175,0.01695,18,28 01 5e ed b0 f5 4c 8a 28 01 5e ed b0 f5 4c 8a,True,4,3,5,intermediate
std_SI13_R4_s3_final.npy,44 5e ed b0 44 5e ed b0 44 5e ed b0 44 5e ed b0,0.01175,0.01695,13,28 ec 5e ed b0 c4 e3 af 28 ec 5e ed b0 c4 e3 af,True,4,3,5,intermediate
std_SI13_R4_s3_final.npy,44 5e ed b0 44 5e ed b0 44 5e ed b0 44 5e ed b0,0.01175,0.01695,60,28 de 5e ed b0 be 8f e7 28 de 5e ed b0 be 8f e7,True,4,3,5,intermediate
std_SI13_R4_s3_final.npy,44 5e ed b0 44 5e ed b0 44 5e ed b0 44 5e ed b0,0.01175,0.01695,46,28 c2 5e ed b0 94 fc fc 28 c2 5e ed b0 94 fc fc,True,4,3,5,intermediate
std_SI13_R4_s3_final.npy,44 5e ed b0 44 5e ed b0 44 5e ed b0 44 5e ed b0,0.01175,0.01695,57,28 fa 5e ed b0 00 f1 3c 28 fa 5e ed b0 00 f1 3c,True,4,3,5,intermediate
std_SI13_R4_s3_final.npy,44 5e ed b0 44 5e ed b0 44 5e ed b0 44 5e ed b0,0.01175,0.01695,51,28 6e 5e ed b0 d1 43 1f 28 6e 5e ed b0 d1 43 1f,True,4,3,5,intermediate
std_SI13_R4_s3_final.npy,44 5e ed b0 44 5e ed b0 44 5e ed b0 44 5e ed b0,0.01175,0.01695,2,28 40 5e ed b0 d1 ff 87 28 40 5e ed b0 d1 ff 87,True,4,3,5,intermediate
std_SI13_R4_s3_final.npy,44 5e ed b0 44 5e ed b0 44 5e ed b0 44 5e ed b0,0.01175,0.01695,16,b0 09 5e ed b0 09 3a ed b0 09 5e ed 74 09 66 ed,True,12,11,5,transmitter
std_SI13_R4_s3_final.npy,44 5e ed b0 44 5e ed b0 44 5e ed b0 44 5e ed b0,0.01175,0.01695,34,28 1b 5e ed b0 8a 66 58 28 1b 5e ed b0 8a 66 58,True,4,3,5,intermediate
std_SI13_R4_s3_final.npy,44 5e ed b0 44 5e ed b0 44 5e ed b0 44 5e ed b0,0.01175,0.01695,54,28 21 5e ed b0 2c fb 61 28 21 5e ed b0 2c fb 61,True,4,3,5,intermediate
std_SI13_R4_s3_final.npy,44 5e ed b0 44 5e ed b0 44 5e ed b0 44 5e ed b0,0.01175,0.01695,32,28 1d 5e ed b0 89 ac 6e 28 1d 5e ed b0 89 ac 6e,True,4,3,5,intermediate
std_SI13_R4_s3_final.npy,44 5e ed b0 44 5e ed b0 44 5e ed b0 44 5e ed b0,0.01175,0.01695,19,08 d8 5e ed b0 12 56 f2 08 d8 5e ed b0 12 56 f2,True,4,3,5,intermediate
std_SI13_R4_s4_final.npy,28 5d 57 9e 5e ed b0 b0 28 5d 57 9e 5e ed b0 b0,0.0037,0.013628125,34,28 0c 5e ed b0 34 98 fb 28 0c 5e ed b0 34 98 fb,True,4,3,5,intermediate
std_SI13_R4_s4_final.npy,28 5d 57 9e 5e ed b0 b0 28 5d 57 9e 5e ed b0 b0,0.0037,0.013628125,50,28 7c 53 42 5e ed b0 1e 28 7c 53 42 5e ed b0 1e,True,4,1,7,intermediate
std_SI13_R4_s4_final.npy,28 5d 57 9e 5e ed b0 b0 28 5d 57 9e 5e ed b0 b0,0.0037,0.013628125,39,28 ac 5e ed b0 06 1a f5 28 ac 5e ed b0 06 1a f5,True,4,3,5,intermediate
std_SI13_R4_s4_final.npy,28 5d 57 9e 5e ed b0 b0 28 5d 57 9e 5e ed b0 b0,0.0037,0.013628125,43,28 e6 5e ed b0 0d f6 8c 28 e6 5e ed b0 0d f6 8c,True,4,3,5,intermediate
std_SI13_R4_s4_final.npy,28 5d 57 9e 5e ed b0 b0 28 5d 57 9e 5e ed b0 b0,0.0037,0.013628125,15,28 bb 5e ed b0 d4 5a 95 28 bb 5e ed b0 d4 5a 95,True,4,3,5,intermediate
std_SI13_R4_s4_final.npy,28 5d 57 9e 5e ed b0 b0 28 5d 57 9e 5e ed b0 b0,0.0037,0.013628125,47,b0 e5 5e ed b0 ce 8a 6d 47 44 5e fd 19 00 00 57,True,11,11,5,transmitter
std_SI13_R4_s4_final.npy,28 5d 57 9e 5e ed b0 b0 28 5d 57 9e 5e ed b0 b0,0.0037,0.013628125,62,28 be 82 a0 5e ed b0 5c 28 be 82 a0 5e ed b0 5c,True,4,1,7,intermediate
std_SI13_R4_s4_final.npy,28 5d 57 9e 5e ed b0 b0 28 5d 57 9e 5e ed b0 b0,0.0037,0.013628125,23,28 88 5e ed b0 e9 65 5e 28 88 5e ed b0 e9 65 5e,True,4,3,5,intermediate
std_SI13_R4_s4_final.npy,28 5d 57 9e 5e ed b0 b0 28 5d 57 9e 5e ed b0 b0,0.0037,0.013628125,28,68 5e ed b0 50 07 00 91 68 5e ed b0 50 07 00 91,True,4,4,4,intermediate
std_SI13_R4_s4_final.npy,28 5d 57 9e 5e ed b0 b0 28 5d 57 9e 5e ed b0 b0,0.0037,0.013628125,20,28 50 5e ed b0 87 86 0f 28 50 5e ed b0 87 86 0f,True,4,3,5,intermediate
std_SI13_R4_s4_final.npy,28 5d 57 9e 5e ed b0 b0 28 5d 57 9e 5e ed b0 b0,0.0037,0.013628125,45,b0 89 5e ed b0 5f 29 2f 78 6b 5e ed b0 91 c3 08,True,14,11,5,transmitter
std_SI13_R4_s4_final.npy,28 5d 57 9e 5e ed b0 b0 28 5d 57 9e 5e ed b0 b0,0.0037,0.013628125,17,28 d4 5e ed b0 ec d8 bb 28 d4 5e ed b0 ec d8 bb,True,4,3,5,intermediate
std_SI13_R4_s4_final.npy,28 5d 57 9e 5e ed b0 b0 28 5d 57 9e 5e ed b0 b0,0.0037,0.013628125,61,28 64 5e ed b0 87 86 0f 28 64 5e ed b0 87 86 0f,True,4,3,5,intermediate
std_SI13_R4_s4_final.npy,28 5d 57 9e 5e ed b0 b0 28 5d 57 9e 5e ed b0 b0,0.0037,0.013628125,57,b0 44 5e ed b0 94 a8 4d 07 e5 dc 7b 12 0d 00 8a,True,12,11,5,transmitter
std_SI13_R4_s4_final.npy,28 5d 57 9e 5e ed b0 b0 28 5d 57 9e 5e ed b0 b0,0.0037,0.013628125,55,b0 5b 91 0f b0 5b 91 05 28 be 5e ed b0 5b 91 05,True,11,3,13,transmitter
std_SI13_R4_s4_final.npy,28 5d 57 9e 5e ed b0 b0 28 5d 57 9e 5e ed b0 b0,0.0037,0.013628125,46,b0 84 5e ed b0 ce b0 b0 30 2b 40 30 30 70 75 2a,True,11,11,5,transmitter
std_SI13_R4_s5_final.npy,28 e9 5e ed b0 2a c3 22 28 e9 5e ed b0 2a c3 22,0.00355,0.0118125,5,28 6e 7a 4c 5e ed b0 d7 28 6e 7a 4c 5e ed b0 d7,True,4,1,7,intermediate
std_SI13_R4_s5_final.npy,28 e9 5e ed b0 2a c3 22 28 e9 5e ed b0 2a c3 22,0.00355,0.0118125,31,28 91 c8 5e ed b0 a1 e6 28 91 c8 5e ed b0 a1 e6,True,4,2,6,intermediate
std_SI13_R4_s5_final.npy,28 e9 5e ed b0 2a c3 22 28 e9 5e ed b0 2a c3 22,0.00355,0.0118125,45,28 8e 5e ed b0 a4 8b 23 28 8e 5e ed b0 a4 00 23,True,4,3,5,intermediate
std_SI13_R4_s5_final.npy,28 e9 5e ed b0 2a c3 22 28 e9 5e ed b0 2a c3 22,0.00355,0.0118125,63,b0 8f f9 b3 b0 8f f9 14 28 32 5e ed b0 8f f9 05,True,10,3,13,transmitter
std_SI13_R4_s5_final.npy,28 e9 5e ed b0 2a c3 22 28 e9 5e ed b0 2a c3 22,0.00355,0.0118125,55,28 49 5e ed b0 1b 18 62 28 49 5e ed b0 1b 18 62,True,4,3,5,intermediate
std_SI13_R4_s5_final.npy,28 e9 5e ed b0 2a c3 22 28 e9 5e ed b0 2a c3 22,0.00355,0.0118125,2,50 b1 5e ed b0 be 95 af ae ac 6f 08 8e 7f 74 57,True,12,11,5,transmitter
std_SI13_R4_s5_final.npy,28 e9 5e ed b0 2a c3 22 28 e9 5e ed b0 2a c3 22,0.00355,0.0118125,6,28 1a 5e ed b0 a7 49 9b 28 1a 5e ed b0 a7 49 9b,True,4,3,5,intermediate
std_SI13_R4_s5_final.npy,28 e9 5e ed b0 2a c3 22 28 e9 5e ed b0 2a c3 22,0.00355,0.0118125,29,28 bd 5e ed b0 9f 56 00 28 bd 5e ed b0 9f 56 00,True,4,3,5,intermediate
std_SI13_R4_s5_final.npy,28 e9 5e ed b0 2a c3 22 28 e9 5e ed b0 2a c3 22,0.00355,0.0118125,10,28 f9 bd 5e ed b0 69 77 28 f9 bd 5e ed b0 69 77,True,4,2,6,intermediate
std_SI13_R4_s5_final.npy,28 e9 5e ed b0 2a c3 22 28 e9 5e ed b0 2a c3 22,0.00355,0.0118125,46,28 83 5e ed b0 d8 f9 12 fc 83 5e ed b0 d8 f9 12,True,4,3,5,intermediate
std_SI13_R4_s5_final.npy,28 e9 5e ed b0 2a c3 22 28 e9 5e ed b0 2a c3 22,0.00355,0.0118125,18,28 df 5e ed b0 c4 82 81 28 df 5e ed b0 c4 82 81,True,4,3,5,intermediate
std_SI13_R4_s5_final.npy,28 e9 5e ed b0 2a c3 22 28 e9 5e ed b0 2a c3 22,0.00355,0.0118125,0,28 b5 92 85 94 5e ed b0 28 b5 92 85 94 5e ed b0,True,4,0,8,intermediate
std_SI13_R4_s5_final.npy,28 e9 5e ed b0 2a c3 22 28 e9 5e ed b0 2a c3 22,0.00355,0.0118125,56,28 3f 5e ed b0 95 37 80 28 3f 5e ed b0 95 37 80,True,4,3,5,intermediate
std_SI13_R4_s5_final.npy,28 e9 5e ed b0 2a c3 22 28 e9 5e ed b0 2a c3 22,0.00355,0.0118125,9,28 bd 5e ed b0 37 97 6c 28 bd 5e ed b0 37 97 6c,True,4,3,5,intermediate
std_SI13_R4_s5_final.npy,28 e9 5e ed b0 2a c3 22 28 e9 5e ed b0 2a c3 22,0.00355,0.0118125,43,28 64 5e ed b0 5d 6b 61 28 64 5e ed b0 5d 6b 61,True,4,3,5,intermediate
std_SI13_R4_s5_final.npy,28 e9 5e ed b0 2a c3 22 28 e9 5e ed b0 2a c3 22,0.00355,0.0118125,4,28 fe 5e ed b0 a8 c8 e8 28 fe 5e ed b0 a8 c8 e8,True,4,3,5,intermediate
std_SI13_none_s1_final.npy,11 30 85 c3 eb ea 3d 52 76 76 cf ed b0 82 03 20,0.00195,0.016990625,13,11 10 50 c3 6b ba d7 46 b5 18 1b ed b0 de 26 14,True,10,8,8,transmitter
std_SI13_none_s1_final.npy,11 30 85 c3 eb ea 3d 52 76 76 cf ed b0 82 03 20,0.00195,0.016990625,7,11 10 1c ef eb 9e 65 dc 04 4a 00 ed b0 03 00 4f,True,11,7,9,transmitter
std_SI13_none_s1_final.npy,11 30 85 c3 eb ea 3d 52 76 76 cf ed b0 82 03 20,0.00195,0.016990625,20,11 90 86 f2 6c f8 87 32 b2 c5 2f 67 78 0f ed b0,True,11,6,10,transmitter
std_SI13_none_s1_final.npy,11 30 85 c3 eb ea 3d 52 76 76 cf ed b0 82 03 20,0.00195,0.016990625,2,11 90 d4 c3 6e 30 d3 79 e3 cd 40 63 62 be ed b0,True,10,8,8,transmitter
std_SI13_none_s1_final.npy,11 30 85 c3 eb ea 3d 52 76 76 cf ed b0 82 03 20,0.00195,0.016990625,60,11 90 d3 c3 0e fc 91 39 c1 f2 18 6c bc 45 ed b0,True,10,8,8,transmitter
std_SI13_none_s1_final.npy,11 30 85 c3 eb ea 3d 52 76 76 cf ed b0 82 03 20,0.00195,0.016990625,43,11 50 37 c3 cd 99 d8 a3 37 25 e4 3f be 0f ed b0,True,10,7,9,transmitter
std_SI13_none_s1_final.npy,11 30 85 c3 eb ea 3d 52 76 76 cf ed b0 82 03 20,0.00195,0.016990625,6,11 50 a9 c3 ee 47 02 e0 78 52 03 bd 42 7f ed b0,True,10,8,8,transmitter
std_SI13_none_s1_final.npy,11 30 85 c3 eb ea 3d 52 76 76 cf ed b0 82 03 20,0.00195,0.016990625,36,11 10 7c c3 6b 6d 01 35 35 27 9e ed b0 05 eb ce,True,10,8,8,transmitter
std_SI13_none_s1_final.npy,11 30 85 c3 eb ea 3d 52 76 76 cf ed b0 82 03 20,0.00195,0.016990625,14,11 50 78 c3 4e 89 88 05 9c 21 59 f3 2c ab ed b0,True,10,8,8,transmitter
std_SI13_none_s1_final.npy,11 30 85 c3 eb ea 3d 52 76 76 cf ed b0 82 03 20,0.00195,0.016990625,0,11 30 72 d2 6b a7 5d 66 d7 80 11 ed b0 d4 00 54,True,10,8,8,transmitter
std_SI13_none_s1_final.npy,11 30 85 c3 eb ea 3d 52 76 76 cf ed b0 82 03 20,0.00195,0.016990625,59,11 30 dd c3 6b 92 1d 7b 52 b5 90 ed b0 78 f7 03,True,10,8,8,transmitter
std_SI13_none_s1_final.npy,11 30 85 c3 eb ea 3d 52 76 76 cf ed b0 82 03 20,0.00195,0.016990625,21,11 50 3f c3 4e ee 6f fc 9b 79 84 e1 77 51 ed b0,True,10,8,8,transmitter
std_SI13_none_s1_final.npy,11 30 85 c3 eb ea 3d 52 76 76 cf ed b0 82 03 20,0.00195,0.016990625,33,11 50 79 c3 ee 69 86 ca ff 7c 5c e6 48 6a ed b0,True,10,8,8,transmitter
std_SI13_none_s1_final.npy,11 30 85 c3 eb ea 3d 52 76 76 cf ed b0 82 03 20,0.00195,0.016990625,53,11 50 7c c3 2e 85 9a bd 78 e2 88 b9 78 a5 ed b0,True,10,8,8,transmitter
std_SI13_none_s1_final.npy,11 30 85 c3 eb ea 3d 52 76 76 cf ed b0 82 03 20,0.00195,0.016990625,32,11 50 46 c3 2b 33 df 81 bd 3b d7 ed b0 01 e3 8a,True,10,8,8,transmitter
std_SI13_none_s1_final.npy,11 30 85 c3 eb ea 3d 52 76 76 cf ed b0 82 03 20,0.00195,0.016990625,62,11 10 7c c3 6b b1 4a 22 7b 96 8e ed b0 3a de 04,True,10,8,8,transmitter
std_SI13_none_s2_final.npy,b0 1e 24 ed b0 1e 24 ed b0 1e 24 ed b0 1e 24 ed,0.1803,0.004578125,55,b0 1e a4 ed b0 1e a4 ed b0 1e a4 ed b0 1e a4 ed,True,0,0,5,regenerator
std_SI13_none_s2_final.npy,b0 1e 24 ed b0 1e 24 ed b0 1e 24 ed b0 1e 24 ed,0.1803,0.004578125,31,b0 1e 84 ed b0 1e 84 ed b0 1e 84 ed b0 1e 84 ed,True,0,0,5,regenerator
std_SI13_none_s2_final.npy,b0 1e 24 ed b0 1e 24 ed b0 1e 24 ed b0 1e 24 ed,0.1803,0.004578125,52,b0 1e 04 ed b0 1e 04 ed b0 1e 04 ed b0 1e 04 ed,True,0,0,5,regenerator
std_SI13_none_s2_final.npy,b0 1e 24 ed b0 1e 24 ed b0 1e 24 ed b0 1e 24 ed,0.1803,0.004578125,29,1e b0 d2 a4 ed b0 ae 95 ed 8d 0d 55 ed cf 1e e9,True,11,10,6,transmitter
std_SI13_none_s2_final.npy,b0 1e 24 ed b0 1e 24 ed b0 1e 24 ed b0 1e 24 ed,0.1803,0.004578125,12,b0 1e 24 ed b0 1e 24 ed b0 1e 24 ed b0 1e 24 ed,True,0,0,5,regenerator
std_SI13_none_s2_final.npy,b0 1e 24 ed b0 1e 24 ed b0 1e 24 ed b0 1e 24 ed,0.1803,0.004578125,50,1e 44 ed b0 1e 44 ed b0 1e 44 ed b0 1e 44 ed b0,True,0,0,4,regenerator
std_SI13_none_s2_final.npy,b0 1e 24 ed b0 1e 24 ed b0 1e 24 ed b0 1e 24 ed,0.1803,0.004578125,8,b0 1e a8 ed 12 0f 24 ed b0 1e a8 ed 12 0f 24 ed,True,3,0,9,intermediate
std_SI13_none_s2_final.npy,b0 1e 24 ed b0 1e 24 ed b0 1e 24 ed b0 1e 24 ed,0.1803,0.004578125,40,b0 1e a4 ed b0 1e a4 ed b0 1e a4 ed b0 1e a4 ed,True,0,0,5,regenerator
std_SI13_none_s2_final.npy,b0 1e 24 ed b0 1e 24 ed b0 1e 24 ed b0 1e 24 ed,0.1803,0.004578125,26,b0 1e 24 ed b0 1e 24 ed b0 1e 24 ed b0 1e 24 ed,True,0,0,5,regenerator
std_SI13_none_s2_final.npy,b0 1e 24 ed b0 1e 24 ed b0 1e 24 ed b0 1e 24 ed,0.1803,0.004578125,9,b0 1e a4 ed b0 1e a4 ed b0 1e a4 ed b0 1e a4 ed,True,0,0,5,regenerator
std_SI13_none_s2_final.npy,b0 1e 24 ed b0 1e 24 ed b0 1e 24 ed b0 1e 24 ed,0.1803,0.004578125,0,1e 04 ed b0 1e 04 ed b0 1e 04 ed b0 1e 04 ed b0,True,0,0,4,regenerator
std_SI13_none_s2_final.npy,b0 1e 24 ed b0 1e 24 ed b0 1e 24 ed b0 1e 24 ed,0.1803,0.004578125,60,b0 1e 04 ed b0 1e 04 ed b0 1e 04 ed b0 1e 04 ed,True,0,0,5,regenerator
std_SI13_none_s2_final.npy,b0 1e 24 ed b0 1e 24 ed b0 1e 24 ed b0 1e 24 ed,0.1803,0.004578125,14,b0 1e 24 ed b0 1e 24 ed b0 1e 24 ed b0 1e 24 ed,True,0,0,5,regenerator
std_SI13_none_s2_final.npy,b0 1e 24 ed b0 1e 24 ed b0 1e 24 ed b0 1e 24 ed,0.1803,0.004578125,35,1e 6c ed b0 1e 04 ed e6 1e 04 ed e6 1e 04 ed e6,False,6,0,16,open
std_SI13_none_s2_final.npy,b0 1e 24 ed b0 1e 24 ed b0 1e 24 ed b0 1e 24 ed,0.1803,0.004578125,2,1e 04 ed b0 1e 04 ed b0 1e 04 ed b0 1e 04 ed 9e,True,0,0,4,regenerator
std_SI13_none_s2_final.npy,b0 1e 24 ed b0 1e 24 ed b0 1e 24 ed b0 1e 24 ed,0.1803,0.004578125,53,b0 1e 64 ed b0 1e 64 ed b0 1e 64 ed b0 1e 64 ed,True,0,0,5,regenerator
std_SI13_none_s3_final.npy,11 70 23 c3 ce b5 95 26 4a 8e 96 be b1 12 ed b0,0.0017,0.00920625,51,11 b0 ed c3 8e d9 a9 cf 51 7f 09 65 fd be ed b0,True,10,8,8,transmitter
std_SI13_none_s3_final.npy,11 70 23 c3 ce b5 95 26 4a 8e 96 be b1 12 ed b0,0.0017,0.00920625,15,11 10 68 c3 ae 8b 94 d9 80 2a 26 54 eb 22 ed b0,True,10,8,8,transmitter
std_SI13_none_s3_final.npy,11 70 23 c3 ce b5 95 26 4a 8e 96 be b1 12 ed b0,0.0017,0.00920625,10,11 50 9c c3 0e 94 f8 4e bd 9e 12 8b 85 47 ed b0,True,11,8,8,transmitter
std_SI13_none_s3_final.npy,11 70 23 c3 ce b5 95 26 4a 8e 96 be b1 12 ed b0,0.0017,0.00920625,59,11 90 86 d2 2e fa 6d d6 46 79 62 9c 0d e8 ed b0,True,11,8,8,transmitter
std_SI13_none_s3_final.npy,11 70 23 c3 ce b5 95 26 4a 8e 96 be b1 12 ed b0,0.0017,0.00920625,14,11 70 d9 c3 ce 22 6c 44 17 d1 80 18 59 9f ed b0,True,10,8,8,transmitter
std_SI13_none_s3_final.npy,11 70 23 c3 ce b5 95 26 4a 8e 96 be b1 12 ed b0,0.0017,0.00920625,60,11 b0 4f c3 2e 4f a4 63 25 9e 37 0e 2f 03 ed b0,True,10,8,8,transmitter
std_SI13_none_s3_final.npy,11 70 23 c3 ce b5 95 26 4a 8e 96 be b1 12 ed b0,0.0017,0.00920625,3,11 70 29 c3 ce d5 f9 66 2c 64 f6 4c eb 68 ed b0,True,10,8,8,transmitter
std_SI13_none_s3_final.npy,11 70 23 c3 ce b5 95 26 4a 8e 96 be b1 12 ed b0,0.0017,0.00920625,31,11 90 67 c3 0e 21 74 3c d6 c6 52 ed 8e 93 ed b0,True,10,8,8,transmitter
std_SI13_none_s3_final.npy,11 70 23 c3 ce b5 95 26 4a 8e 96 be b1 12 ed b0,0.0017,0.00920625,39,11 70 52 c3 8e 75 2a b8 88 65 09 c9 0f 3e ed b0,True,10,8,8,transmitter
std_SI13_none_s3_final.npy,11 70 23 c3 ce b5 95 26 4a 8e 96 be b1 12 ed b0,0.0017,0.00920625,38,11 b0 87 c3 ae 6b 46 29 b0 bb 3c 00 76 b8 ed b0,True,10,8,8,transmitter
std_SI13_none_s3_final.npy,11 70 23 c3 ce b5 95 26 4a 8e 96 be b1 12 ed b0,0.0017,0.00920625,61,11 50 25 c3 ec a8 85 cf e0 00 2f 2d 8c 43 ed b0,True,10,6,10,transmitter
std_SI13_none_s3_final.npy,11 70 23 c3 ce b5 95 26 4a 8e 96 be b1 12 ed b0,0.0017,0.00920625,63,11 50 64 c3 0e c1 fe 85 34 13 9a 4d ac 47 ed b0,True,10,8,8,transmitter
std_SI13_none_s3_final.npy,11 70 23 c3 ce b5 95 26 4a 8e 96 be b1 12 ed b0,0.0017,0.00920625,25,11 50 09 c3 6e 9f 6e 63 b7 44 94 3c 9d 23 ed b0,True,10,8,8,transmitter
std_SI13_none_s3_final.npy,11 70 23 c3 ce b5 95 26 4a 8e 96 be b1 12 ed b0,0.0017,0.00920625,37,11 90 2c c3 2e f5 8e 59 e6 de b2 27 5d 6b ed b0,True,10,8,8,transmitter
std_SI13_none_s3_final.npy,11 70 23 c3 ce b5 95 26 4a 8e 96 be b1 12 ed b0,0.0017,0.00920625,34,11 b0 96 d2 8e 06 a8 1f cf 3f 1a 50 eb 93 ed b0,True,10,8,8,transmitter
std_SI13_none_s3_final.npy,11 70 23 c3 ce b5 95 26 4a 8e 96 be b1 12 ed b0,0.0017,0.00920625,6,11 50 59 c3 4d f0 31 85 2d c9 e1 40 29 ed b0 11,True,10,8,8,transmitter
