file,top1,top1_share,zero_frac,n_cells,frac_heritable,frac_open_of_heritable,frac_confined_of_heritable,n_scanned,n_scanned_confined,frac_regenerator_of_heritable,frac_intermediate_of_heritable,frac_transmitter_of_heritable,median_unexec_sites_transmitters,median_sites_confined_scanned
std_R4_SI13_s1_final.npy,44 5e ed b0 44 5e ed b0 44 5e ed b0 44 5e ed b0,0.00475,0.0142375,64,0.9375,0.0,1.0,16,16,0.0,0.9375,0.0625,3.0,4.0
std_R4_SI13_s2_final.npy,28 03 5e ed b0 e9 9d 0c 28 03 5e ed b0 e9 9d 0c,0.00295,0.016734375,64,0.890625,0.017543859649122806,0.9824561403508771,16,16,0.0,0.8596491228070176,0.12280701754385964,8.5,4.0
std_R4_SI13_s3_final.npy,e8 5e ed b0 87 a1 24 75 e8 5e ed b0 87 a1 24 75,0.0038,0.015953125,64,0.921875,0.0,1.0,16,16,0.0,0.875,0.125,11.5,4.0
std_R4_SI13_s4_final.npy,04 5e ed b0 04 5e ed b0 04 5e ed b0 04 5e ed b0,0.0071,0.013153125,64,0.9375,0.0,1.0,16,16,0.0,0.875,0.125,11.0,4.0
std_R4_SI13_s5_final.npy,28 9d 5e ed b0 4b 9c 9f 28 9d 5e ed b0 4b 9c 9f,0.00265,0.0161,64,0.890625,0.0,1.0,16,16,0.0,0.875,0.125,4.5,4.0
std_R4_none_s1_final.npy,64 5e ed b0 64 5e ed b0 64 5e ed b0 64 5e ed b0,0.01635,0.018425,64,0.953125,0.0,1.0,16,16,0.0625,0.625,0.3125,7.0,4.0
std_R4_none_s2_final.npy,28 2c 5e ed b0 ab ca 2e 28 2c 5e ed b0 ab ca 2e,0.00365,0.01375625,64,0.875,0.0,1.0,16,16,0.0,0.8125,0.1875,11.0,4.0
std_R4_none_s3_final.npy,b0 1e 24 ed b0 1e 24 ed b0 1e 24 ed b0 1e 24 ed,0.09405,0.00731875,64,0.921875,0.0,1.0,16,16,0.3125,0.625,0.0625,11.0,4.0
std_SI13_R4_s1_final.npy,44 5e ed b0 44 5e ed b0 44 5e ed b0 44 5e ed b0,0.02045,0.0150625,64,0.890625,0.0,1.0,16,16,0.0,0.625,0.375,10.5,4.0
std_SI13_R4_s2_final.npy,04 5e ed b0 04 5e ed b0 04 5e ed b0 04 5e ed b0,0.0061,0.012921875,64,0.890625,0.0,1.0,16,16,0.0,0.875,0.125,3.0,4.0
std_SI13_R4_s3_final.npy,44 5e ed b0 44 5e ed b0 44 5e ed b0 44 5e ed b0,0.01175,0.01695,64,0.96875,0.0,1.0,16,16,0.0,0.9375,0.0625,11.0,4.0
std_SI13_R4_s4_final.npy,28 5d 57 9e 5e ed b0 b0 28 5d 57 9e 5e ed b0 b0,0.0037,0.013628125,64,0.953125,0.0,1.0,16,16,0.0,0.6875,0.3125,11.0,4.0
std_SI13_R4_s5_final.npy,28 e9 5e ed b0 2a c3 22 28 e9 5e ed b0 2a c3 22,0.00355,0.0118125,64,0.90625,0.017241379310344827,0.9827586206896551,16,16,0.0,0.8599137931034483,0.12284482758620689,7.0,4.0
std_SI13_none_s1_final.npy,11 30 85 c3 eb ea 3d 52 76 76 cf ed b0 82 03 20,0.00195,0.016990625,64,0.90625,0.0,1.0,16,16,0.0,0.0,1.0,8.0,10.0
std_SI13_none_s2_final.npy,b0 1e 24 ed b0 1e 24 ed b0 1e 24 ed b0 1e 24 ed,0.1803,0.004578125,64,0.96875,0.016129032258064516,0.9838709677419355,16,15,0.8526881720430108,0.06559139784946237,0.06559139784946237,10.0,0.0
std_SI13_none_s3_final.npy,11 70 23 c3 ce b5 95 26 4a 8e 96 be b1 12 ed b0,0.0017,0.00920625,64,0.890625,0.0,1.0,16,16,0.0,0.0,1.0,8.0,10.0
