label,tape_len,steps,k,seed,which,tape,signature
none@closure10M,16,128,4,6001,first,21 e5 21 e5 21 e5 21 e5 21 e5 21 e5 21 e5 21 e5,"[LD rr,nn ; PUSH rr] ×8"
none@closure10M,16,128,4,6001,final,ad e3 21 e3 21 c0 ad c0 ad e3 21 e3 21 c0 ad c0,"[EX (SP),rr ; LD rr,nn ; RET NZ ; XOR L ; RET NZ ; XOR L] ×2"
none@closure10M,16,128,4,6002,first,21 e5 21 e5 21 e5 21 e5 21 e5 21 e5 21 e5 21 e5,"[LD rr,nn ; PUSH rr] ×8"
none@closure10M,16,128,4,6002,final,ad e3 21 e3 21 c0 ad c0 ad e3 21 e3 21 c0 ad c0,"[EX (SP),rr ; LD rr,nn ; RET NZ ; XOR L ; RET NZ ; XOR L] ×2"
none@closure10M,16,128,4,6003,first,01 c5 01 c5 01 c5 01 c5 01 c5 01 c5 01 c5 01 c5,"[LD rr,nn ; PUSH rr] ×8"
none@closure10M,16,128,4,6003,final,ad e3 21 e3 21 c0 ad c0 ad e3 21 e3 21 c0 ad c0,"[EX (SP),rr ; LD rr,nn ; RET NZ ; XOR L ; RET NZ ; XOR L] ×2"
none@closure10M,16,128,4,6004,first,01 c5 01 c5 01 c5 01 c5 01 c5 01 c5 01 c5 01 c5,"[LD rr,nn ; PUSH rr] ×8"
none@closure10M,16,128,4,6004,final,ad e3 21 e3 21 c0 ad c0 ad e3 21 e3 21 c0 ad c0,"[EX (SP),rr ; LD rr,nn ; RET NZ ; XOR L ; RET NZ ; XOR L] ×2"
none@closure10M,16,128,4,6005,first,01 c5 01 c5 01 c5 01 c5 01 c5 01 c5 01 c5 01 c5,"[LD rr,nn ; PUSH rr] ×8"
none@closure10M,16,128,4,6005,final,ad e3 21 e3 21 c0 ad c0 ad e3 21 e3 21 c0 ad c0,"[EX (SP),rr ; LD rr,nn ; RET NZ ; XOR L ; RET NZ ; XOR L] ×2"
none@closure10M,16,128,4,6006,first,01 c5 01 c5 01 c5 01 c5 01 c5 01 c5 01 c5 01 c5,"[LD rr,nn ; PUSH rr] ×8"
none@closure10M,16,128,4,6006,final,6b f3 cb db 9c ed b0 b3 6b f3 cb db 9c ed b0 b3,"[DI ; SET 3,E ; SBC A,H ; LDIR ; OR E ; LD r,r] ×2"
none@closure10M,16,128,4,6007,first,01 c5 01 c5 01 c5 01 c5 01 c5 01 c5 01 c5 01 c5,"[LD rr,nn ; PUSH rr] ×8"
none@closure10M,16,128,4,6007,final,ad e3 21 e3 21 c0 ad c0 ad e3 21 e3 21 c0 ad c0,"[EX (SP),rr ; LD rr,nn ; RET NZ ; XOR L ; RET NZ ; XOR L] ×2"
none@closure10M,16,128,4,6008,first,01 c5 01 c5 01 c5 01 c5 01 c5 01 c5 01 c5 01 c5,"[LD rr,nn ; PUSH rr] ×8"
none@closure10M,16,128,4,6008,final,ad e3 21 e3 21 c0 ad c0 ad e3 21 e3 21 c0 ad c0,"[EX (SP),rr ; LD rr,nn ; RET NZ ; XOR L ; RET NZ ; XOR L] ×2"
none@closure10M,16,128,4,6009,first,11 d5 11 d5 11 d5 11 d5 11 d5 11 d5 11 d5 11 d5,"[LD rr,nn ; PUSH rr] ×8"
none@closure10M,16,128,4,6009,final,ad e3 21 e3 21 c0 ad c0 ad e3 21 e3 21 c0 ad c0,"[EX (SP),rr ; LD rr,nn ; RET NZ ; XOR L ; RET NZ ; XOR L] ×2"
none@closure10M,16,128,4,6010,first,01 c5 01 c5 01 c5 01 c5 01 c5 01 c5 01 c5 01 c5,"[LD rr,nn ; PUSH rr] ×8"
none@closure10M,16,128,4,6010,final,ad e3 21 e3 21 c0 ad c0 ad e3 21 e3 21 c0 ad c0,"[EX (SP),rr ; LD rr,nn ; RET NZ ; XOR L ; RET NZ ; XOR L] ×2"
none@closure10M,20,128,4,6001,first,21 e5 21 e5 21 e5 21 e5 21 e5 21 e5 21 e5 21 e5 21 e5 21 e5,"[LD rr,nn ; PUSH rr] ×10"
none@closure10M,20,128,4,6001,final,1e a4 ed b0 1e a4 ed b0 1e a4 ed b0 1e a4 ed b0 1e a4 ed b0,"[LD r,n ; LDIR] ×5"
none@closure10M,20,128,4,6002,first,01 c5 01 c5 01 c5 01 c5 01 c5 01 c5 01 c5 01 c5 01 c5 01 c5,"[LD rr,nn ; PUSH rr] ×10"
none@closure10M,20,128,4,6002,final,1e 04 ed b0 1e 04 ed b0 1e 04 ed b0 1e 04 ed b0 1e 04 ed b0,"[LD r,n ; LDIR] ×5"
none@closure10M,20,128,4,6003,first,01 c5 01 c5 01 c5 01 c5 01 c5 01 c5 01 c5 01 c5 01 c5 01 c5,"[LD rr,nn ; PUSH rr] ×10"
none@closure10M,20,128,4,6003,final,11 44 6b ed b8 94 be 5a 11 44 6b ed b8 94 be 5a 11 44 6b ed,"[CP (HL) ; LD r,r ; LD rr,nn ; LDDR ; SUB H] ×2+4B"
none@closure10M,20,128,4,6004,first,01 c5 01 c5 01 c5 01 c5 01 c5 01 c5 01 c5 01 c5 01 c5 01 c5,"[LD rr,nn ; PUSH rr] ×10"
none@closure10M,20,128,4,6004,final,1e 2c ed b0 1e 2c ed b0 1e 2c ed b0 1e 2c ed b0 1e 2c ed b0,"[LD r,n ; LDIR] ×5"
none@closure10M,20,128,4,6005,first,01 c5 01 c5 01 c5 01 c5 01 c5 01 c5 01 c5 01 c5 01 c5 01 c5,"[LD rr,nn ; PUSH rr] ×10"
none@closure10M,20,128,4,6005,final,1e a4 ed b0 1e a4 ed b0 1e a4 ed b0 1e a4 ed b0 1e a4 ed b0,"[LD r,n ; LDIR] ×5"
none@closure10M,20,128,4,6006,first,01 c5 01 c5 01 c5 01 c5 01 c5 01 c5 01 c5 01 c5 01 c5 01 c5,"[LD rr,nn ; PUSH rr] ×10"
none@closure10M,20,128,4,6006,final,1e 7c ed b0 1e 7c ed b0 1e 7c ed b0 1e 7c ed b0 1e 7c ed b0,"[LD r,n ; LDIR] ×5"
none@closure10M,20,128,4,6007,first,01 c5 01 c5 01 c5 01 c5 01 c5 01 c5 01 c5 01 c5 01 c5 01 c5,"[LD rr,nn ; PUSH rr] ×10"
none@closure10M,20,128,4,6007,final,1e 7c ed b0 1e 7c ed b0 1e 7c ed b0 1e 7c ed b0 1e 7c ed b0,"[LD r,n ; LDIR] ×5"
none@closure10M,20,128,4,6008,first,01 c5 01 c5 01 c5 01 c5 01 c5 01 c5 01 c5 01 c5 01 c5 01 c5,"[LD rr,nn ; PUSH rr] ×10"
none@closure10M,20,128,4,6008,final,1e 7c ed b0 1e 7c ed b0 1e 7c ed b0 1e 7c ed b0 1e 7c ed b0,"[LD r,n ; LDIR] ×5"
none@closure10M,20,128,4,6009,first,01 c5 01 c5 01 c5 01 c5 01 c5 01 c5 01 c5 01 c5 01 c5 01 c5,"[LD rr,nn ; PUSH rr] ×10"
none@closure10M,20,128,4,6009,final,1e a4 ed b0 1e a4 ed b0 1e a4 ed b0 1e a4 ed b0 1e a4 ed b0,"[LD r,n ; LDIR] ×5"
none@closure10M,20,128,4,6010,first,01 c5 01 c5 01 c5 01 c5 01 c5 01 c5 01 c5 01 c5 01 c5 01 c5,"[LD rr,nn ; PUSH rr] ×10"
none@closure10M,20,128,4,6010,final,5d ce 65 11 e6 26 30 ed b8 11 5d ce 65 11 e6 26 30 ed b8 11,"[CP B ; LD rr,nn ; LD r,r ; LD rr,nn ; JR NC,d] ×2"
