file,label,tape_len,steps,k,seed,zero_halts,step,n,frac_heritable,frac_faithful,gen2_mean,zero_frac,q_share
mixed@closure_L16_st128_k4_s3001.summary.json,mixed@closure,16,128,4,3001,False,50,16,0.0625,0.0625,0.11279645647321429,0.35078125,0.03775
mixed@closure_L16_st128_k4_s3001.summary.json,mixed@closure,16,128,4,3001,False,100,16,0.4375,0.375,0.24969308035714285,0.064271875,0.5337
mixed@closure_L16_st128_k4_s3001.summary.json,mixed@closure,16,128,4,3001,False,150,16,0.3125,0.3125,0.19881882440476192,0.05065,0.2883
mixed@closure_L16_st128_k4_s3001.summary.json,mixed@closure,16,128,4,3001,False,200,16,0.1875,0.1875,0.12210518973214285,0.0673875,0.20235
mixed@closure_L16_st128_k4_s3001.summary.json,mixed@closure,16,128,4,3001,False,300,16,0.25,0.1875,0.12573009672619045,0.10560625,0.2257
mixed@closure_L16_st128_k4_s3001.summary.json,mixed@closure,16,128,4,3001,False,500,16,0.1875,0.1875,0.14303966703869048,0.10448125,0.3197
mixed@closure_L16_st128_k4_s3001.summary.json,mixed@closure,16,128,4,3001,False,750,16,0.0625,0.0625,0.097607421875,0.100228125,0.27965
mixed@closure_L16_st128_k4_s3001.summary.json,mixed@closure,16,128,4,3001,False,1000,16,0.0625,0.0625,0.05724516369047619,0.11271875,0.2517
mixed@closure_L16_st128_k4_s3001.summary.json,mixed@closure,16,128,4,3001,False,1500,16,0.0625,0.0625,0.06956263950892858,0.105346875,0.2714
mixed@closure_L16_st128_k4_s3001.summary.json,mixed@closure,16,128,4,3001,False,2000,16,0.125,0.125,0.07933872767857142,0.115553125,0.2439
mixed@closure_L16_st128_k4_s3001.summary.json,mixed@closure,16,128,4,3001,False,3000,16,0.4375,0.4375,0.2543073381696428,0.15643125,0.20715
mixed@closure_L16_st128_k4_s3001.summary.json,mixed@closure,16,128,4,3001,False,5000,16,0.125,0.125,0.1576607393257784,0.1828875,0.1144
mixed@closure_L16_st128_k4_s3001.summary.json,mixed@closure,16,128,4,3001,False,7500,16,0.125,0.125,0.14690755208333334,0.18223125,0.1376
mixed@closure_L16_st128_k4_s3001.summary.json,mixed@closure,16,128,4,3001,False,10000,16,0.3125,0.3125,0.21923246837797616,0.18966875,0.14
mixed@closure_L16_st128_k4_s3001.summary.json,mixed@closure,16,128,4,3001,False,15000,16,0.1875,0.1875,0.1584135509672619,0.187384375,0.1262
mixed@closure_L16_st128_k4_s3001.summary.json,mixed@closure,16,128,4,3001,False,20000,16,0.0,0.0,0.06851399739583333,0.18013125,0.1383
mixed@closure_L16_st128_k4_s3001.summary.json,mixed@closure,16,128,4,3001,False,30000,16,0.5,0.375,0.30310174851190474,0.170309375,0.31135
mixed@closure_L16_st128_k4_s3001.summary.json,mixed@closure,16,128,4,3001,False,50000,16,0.375,0.3125,0.23798014322916666,0.17385,0.2815
mixed@closure_L16_st128_k4_s3001.summary.json,mixed@closure,16,128,4,3001,False,75000,16,0.6875,0.6875,0.414306640625,0.176528125,0.3367
mixed@closure_L16_st128_k4_s3001.summary.json,mixed@closure,16,128,4,3001,False,100000,16,0.5625,0.5625,0.3850016276041667,0.17155625,0.2466
mixed@closure_L16_st128_k4_s3001.summary.json,mixed@closure,16,128,4,3001,False,150000,16,0.5625,0.3125,0.30216471354166663,0.17439375,0.2625
mixed@closure_L16_st128_k4_s3001.summary.json,mixed@closure,16,128,4,3001,False,200000,16,0.6875,0.5625,0.4015218098958333,0.1746625,0.2507
mixed@closure_L16_st128_k4_s3001.summary.json,mixed@closure,16,128,4,3001,False,300000,16,0.5,0.5,0.31961611793154765,0.1695,0.2752
mixed@closure_L16_st128_k4_s3002.summary.json,mixed@closure,16,128,4,3002,False,50,16,0.0,0.0,0.07169015066964285,0.352234375,0.0891
mixed@closure_L16_st128_k4_s3002.summary.json,mixed@closure,16,128,4,3002,False,100,16,0.8125,0.75,0.49870605468749996,0.136425,0.5164
mixed@closure_L16_st128_k4_s3002.summary.json,mixed@closure,16,128,4,3002,False,150,16,0.25,0.25,0.17127278645833333,0.053809375,0.371
mixed@closure_L16_st128_k4_s3002.summary.json,mixed@closure,16,128,4,3002,False,200,16,0.1875,0.1875,0.1930605933779762,0.062540625,0.24445
mixed@closure_L16_st128_k4_s3002.summary.json,mixed@closure,16,128,4,3002,False,300,16,0.1875,0.1875,0.1353422619047619,0.100828125,0.21725
mixed@closure_L16_st128_k4_s3002.summary.json,mixed@closure,16,128,4,3002,False,500,16,0.0625,0.0625,0.10362141927083333,0.10155625,0.3084
mixed@closure_L16_st128_k4_s3002.summary.json,mixed@closure,16,128,4,3002,False,750,16,0.125,0.125,0.1015473865327381,0.17946875,0.2222
mixed@closure_L16_st128_k4_s3002.summary.json,mixed@closure,16,128,4,3002,False,1000,16,0.375,0.3125,0.1904541015625,0.162103125,0.19875
mixed@closure_L16_st128_k4_s3002.summary.json,mixed@closure,16,128,4,3002,False,1500,16,0.0625,0.0625,0.10177408854166667,0.188184375,0.128
mixed@closure_L16_st128_k4_s3002.summary.json,mixed@closure,16,128,4,3002,False,2000,16,0.6875,0.6875,0.710693359375,0.1908375,0.8108
mixed@closure_L16_st128_k4_s3002.summary.json,mixed@closure,16,128,4,3002,False,3000,16,0.625,0.625,0.6425606863839286,0.109825,0.73425
mixed@closure_L16_st128_k4_s3002.summary.json,mixed@closure,16,128,4,3002,False,5000,16,0.6875,0.6875,0.6972005208333334,0.025946875,0.1688
mixed@closure_L16_st128_k4_s3002.summary.json,mixed@closure,16,128,4,3002,False,7500,16,0.9375,0.9375,0.9384765625,0.01870625,0.13215
mixed@closure_L16_st128_k4_s3002.summary.json,mixed@closure,16,128,4,3002,False,10000,16,0.8125,0.8125,0.8183756510416667,0.026209375,0.20115
mixed@closure_L16_st128_k4_s3002.summary.json,mixed@closure,16,128,4,3002,False,15000,16,0.625,0.625,0.64306640625,0.004696875,0.76255
mixed@closure_L16_st128_k4_s3002.summary.json,mixed@closure,16,128,4,3002,False,20000,16,0.75,0.75,0.7525878906250001,0.00568125,0.7455
mixed@closure_L16_st128_k4_s3002.summary.json,mixed@closure,16,128,4,3002,False,30000,16,0.8125,0.8125,0.8128173828125,0.00799375,0.76395
mixed@closure_L16_st128_k4_s3002.summary.json,mixed@closure,16,128,4,3002,False,50000,16,0.8125,0.8125,0.8190511067708333,0.0053,0.84145
mixed@closure_L16_st128_k4_s3002.summary.json,mixed@closure,16,128,4,3002,False,75000,16,0.8125,0.8125,0.813818359375,0.005271875,0.59565
mixed@closure_L16_st128_k4_s3002.summary.json,mixed@closure,16,128,4,3002,False,100000,16,0.875,0.875,0.8680489676339286,0.005565625,0.33015
mixed@closure_L16_st128_k4_s3002.summary.json,mixed@closure,16,128,4,3002,False,150000,16,0.9375,0.9375,0.9424604366987179,0.006359375,0.6988
mixed@closure_L16_st128_k4_s3002.summary.json,mixed@closure,16,128,4,3002,False,200000,16,0.75,0.75,0.7507568359375,0.00471875,0.2115
mixed@closure_L16_st128_k4_s3002.summary.json,mixed@closure,16,128,4,3002,False,300000,16,0.8125,0.8125,0.8162353515624999,0.004190625,0.6415
mixed@closure_L16_st128_k4_s3003.summary.json,mixed@closure,16,128,4,3003,False,50,16,0.0,0.0,0.055419921875,0.355728125,0.08505
mixed@closure_L16_st128_k4_s3003.summary.json,mixed@closure,16,128,4,3003,False,100,16,0.0,0.0,0.0732514880952381,0.3882125,0.09095
mixed@closure_L16_st128_k4_s3003.summary.json,mixed@closure,16,128,4,3003,False,150,16,0.0,0.0,0.04759695870535714,0.37761875,0.05605
mixed@closure_L16_st128_k4_s3003.summary.json,mixed@closure,16,128,4,3003,False,200,16,0.625,0.625,0.44931640625,0.063028125,0.54855
mixed@closure_L16_st128_k4_s3003.summary.json,mixed@closure,16,128,4,3003,False,300,16,0.0625,0.0625,0.06395321800595238,0.067653125,0.2093
mixed@closure_L16_st128_k4_s3003.summary.json,mixed@closure,16,128,4,3003,False,500,16,0.25,0.25,0.18654785156250003,0.102740625,0.29255
mixed@closure_L16_st128_k4_s3003.summary.json,mixed@closure,16,128,4,3003,False,750,16,0.1875,0.1875,0.1906889415922619,0.097659375,0.31085
mixed@closure_L16_st128_k4_s3003.summary.json,mixed@closure,16,128,4,3003,False,1000,16,0.0,0.0,0.04959658668154762,0.113109375,0.2579
mixed@closure_L16_st128_k4_s3003.summary.json,mixed@closure,16,128,4,3003,False,1500,16,0.1875,0.125,0.12554292224702382,0.11675,0.26055
mixed@closure_L16_st128_k4_s3003.summary.json,mixed@closure,16,128,4,3003,False,2000,16,0.0,0.0,0.03808710007440476,0.109815625,0.26505
mixed@closure_L16_st128_k4_s3003.summary.json,mixed@closure,16,128,4,3003,False,3000,16,0.0625,0.0625,0.0800688244047619,0.118225,0.247
mixed@closure_L16_st128_k4_s3003.summary.json,mixed@closure,16,128,4,3003,False,5000,16,0.125,0.125,0.1256591796875,0.1149375,0.2437
mixed@closure_L16_st128_k4_s3003.summary.json,mixed@closure,16,128,4,3003,False,7500,16,0.0625,0.0625,0.0607177734375,0.120853125,0.23475
mixed@closure_L16_st128_k4_s3003.summary.json,mixed@closure,16,128,4,3003,False,10000,16,0.625,0.5625,0.3691929408482143,0.0931,0.2187
mixed@closure_L16_st128_k4_s3003.summary.json,mixed@closure,16,128,4,3003,False,15000,16,0.125,0.125,0.11609700520833333,0.19371875,0.1401
mixed@closure_L16_st128_k4_s3003.summary.json,mixed@closure,16,128,4,3003,False,20000,16,0.0625,0.0625,0.07831798735119047,0.185775,0.11
mixed@closure_L16_st128_k4_s3003.summary.json,mixed@closure,16,128,4,3003,False,30000,16,0.1875,0.1875,0.17338750930059524,0.189128125,0.10405
mixed@closure_L16_st128_k4_s3003.summary.json,mixed@closure,16,128,4,3003,False,50000,16,0.6875,0.625,0.38702799479166666,0.1735375,0.30435
mixed@closure_L16_st128_k4_s3003.summary.json,mixed@closure,16,128,4,3003,False,75000,16,0.5625,0.5625,0.36904296875,0.165853125,0.28975
mixed@closure_L16_st128_k4_s3003.summary.json,mixed@closure,16,128,4,3003,False,100000,16,0.4375,0.3125,0.24448707217261906,0.17121875,0.273
mixed@closure_L16_st128_k4_s3003.summary.json,mixed@closure,16,128,4,3003,False,150000,16,0.4375,0.4375,0.265478515625,0.1695875,0.3244
mixed@closure_L16_st128_k4_s3003.summary.json,mixed@closure,16,128,4,3003,False,200000,16,0.5625,0.5,0.31359630766369045,0.181909375,0.2791
mixed@closure_L16_st128_k4_s3003.summary.json,mixed@closure,16,128,4,3003,False,300000,16,0.625,0.4375,0.38613630022321427,0.16961875,0.2753
mixed@closure_L16_st128_k4_s3004.summary.json,mixed@closure,16,128,4,3004,False,50,16,0.0,0.0,0.09694940476190476,0.35344375,0.08555
mixed@closure_L16_st128_k4_s3004.summary.json,mixed@closure,16,128,4,3004,False,100,16,0.4375,0.375,0.28223935081845236,0.088475,0.5724
mixed@closure_L16_st128_k4_s3004.summary.json,mixed@closure,16,128,4,3004,False,150,16,0.0625,0.0625,0.04980003720238096,0.0605,0.20885
mixed@closure_L16_st128_k4_s3004.summary.json,mixed@closure,16,128,4,3004,False,200,16,0.0,0.0,0.029337565104166664,0.1033625,0.2685
mixed@closure_L16_st128_k4_s3004.summary.json,mixed@closure,16,128,4,3004,False,300,16,0.0625,0.0625,0.11270345052083335,0.168296875,0.1173
mixed@closure_L16_st128_k4_s3004.summary.json,mixed@closure,16,128,4,3004,False,500,16,0.9375,0.9375,0.9408772786458333,0.03520625,0.0644
mixed@closure_L16_st128_k4_s3004.summary.json,mixed@closure,16,128,4,3004,False,750,16,1.0,1.0,1.0,0.042121875,0.00625
mixed@closure_L16_st128_k4_s3004.summary.json,mixed@closure,16,128,4,3004,False,1000,16,0.8125,0.8125,0.8190418061755952,0.049509375,0.0103
mixed@closure_L16_st128_k4_s3004.summary.json,mixed@closure,16,128,4,3004,False,1500,16,0.9375,0.9375,0.9420654296875,0.06560625,0.01255
mixed@closure_L16_st128_k4_s3004.summary.json,mixed@closure,16,128,4,3004,False,2000,16,0.875,0.875,0.8804675874255953,0.06044375,0.00475
mixed@closure_L16_st128_k4_s3004.summary.json,mixed@closure,16,128,4,3004,False,3000,16,1.0,1.0,1.0,0.079346875,0.008
mixed@closure_L16_st128_k4_s3004.summary.json,mixed@closure,16,128,4,3004,False,5000,16,0.8125,0.8125,0.8117292131696429,0.060434375,0.0158
mixed@closure_L16_st128_k4_s3004.summary.json,mixed@closure,16,128,4,3004,False,7500,16,0.9375,0.9375,0.938623046875,0.0707,0.01005
mixed@closure_L16_st128_k4_s3004.summary.json,mixed@closure,16,128,4,3004,False,10000,16,0.9375,0.9375,0.9384765625,0.0700625,0.0046
mixed@closure_L16_st128_k4_s3004.summary.json,mixed@closure,16,128,4,3004,False,15000,16,0.9375,0.9375,0.938232421875,0.054653125,0.00805
mixed@closure_L16_st128_k4_s3004.summary.json,mixed@closure,16,128,4,3004,False,20000,16,0.9375,0.9375,0.9377360026041667,0.040096875,0.0143
mixed@closure_L16_st128_k4_s3004.summary.json,mixed@closure,16,128,4,3004,False,30000,16,0.875,0.875,0.8759684244791667,0.033784375,0.01495
mixed@closure_L16_st128_k4_s3004.summary.json,mixed@closure,16,128,4,3004,False,50000,16,0.9375,0.9375,0.93798828125,0.03844375,0.01475
mixed@closure_L16_st128_k4_s3004.summary.json,mixed@closure,16,128,4,3004,False,75000,16,1.0,1.0,1.0,0.04166875,0.00735
mixed@closure_L16_st128_k4_s3004.summary.json,mixed@closure,16,128,4,3004,False,100000,16,0.9375,0.9375,0.9330647786458334,0.036321875,0.02695
mixed@closure_L16_st128_k4_s3004.summary.json,mixed@closure,16,128,4,3004,False,150000,16,0.9375,0.9375,0.9390950520833333,0.03479375,0.0118
mixed@closure_L16_st128_k4_s3004.summary.json,mixed@closure,16,128,4,3004,False,200000,16,1.0,1.0,1.0,0.02246875,0.02905
mixed@closure_L16_st128_k4_s3004.summary.json,mixed@closure,16,128,4,3004,False,300000,16,0.875,0.875,0.8780598958333333,0.041471875,0.00415
mixed@closure_L16_st128_k4_s3005.summary.json,mixed@closure,16,128,4,3005,False,50,16,0.0,0.0,0.08678850446428571,0.358559375,0.0891
mixed@closure_L16_st128_k4_s3005.summary.json,mixed@closure,16,128,4,3005,False,100,16,0.0,0.0,0.10844601362179487,0.376996875,0.0379
mixed@closure_L16_st128_k4_s3005.summary.json,mixed@closure,16,128,4,3005,False,150,16,0.5,0.5,0.2906412760416667,0.0724625,0.5426
mixed@closure_L16_st128_k4_s3005.summary.json,mixed@closure,16,128,4,3005,False,200,16,0.125,0.125,0.11579589843749999,0.0493625,0.30055
mixed@closure_L16_st128_k4_s3005.summary.json,mixed@closure,16,128,4,3005,False,300,16,0.25,0.0625,0.1511288597470238,0.07984375,0.2222
mixed@closure_L16_st128_k4_s3005.summary.json,mixed@closure,16,128,4,3005,False,500,16,0.0625,0.0,0.09079008556547619,0.105496875,0.3029
mixed@closure_L16_st128_k4_s3005.summary.json,mixed@closure,16,128,4,3005,False,750,16,0.1875,0.125,0.11930106026785715,0.10606875,0.27825
mixed@closure_L16_st128_k4_s3005.summary.json,mixed@closure,16,128,4,3005,False,1000,16,0.1875,0.1875,0.15438639322916664,0.116190625,0.25625
mixed@closure_L16_st128_k4_s3005.summary.json,mixed@closure,16,128,4,3005,False,1500,16,0.125,0.0625,0.08748372395833333,0.12485625,0.2358
mixed@closure_L16_st128_k4_s3005.summary.json,mixed@closure,16,128,4,3005,False,2000,16,0.0625,0.0625,0.07245279947916666,0.114134375,0.25155
mixed@closure_L16_st128_k4_s3005.summary.json,mixed@closure,16,128,4,3005,False,3000,16,0.0625,0.0625,0.0863037109375,0.110775,0.2582
mixed@closure_L16_st128_k4_s3005.summary.json,mixed@closure,16,128,4,3005,False,5000,16,0.125,0.125,0.11704566592261904,0.117915625,0.25465
mixed@closure_L16_st128_k4_s3005.summary.json,mixed@closure,16,128,4,3005,False,7500,16,0.25,0.25,0.10839029947916667,0.1154875,0.2623
mixed@closure_L16_st128_k4_s3005.summary.json,mixed@closure,16,128,4,3005,False,10000,16,0.125,0.125,0.10478864397321429,0.118703125,0.25235
mixed@closure_L16_st128_k4_s3005.summary.json,mixed@closure,16,128,4,3005,False,15000,16,0.5625,0.5625,0.5891868954613095,0.01179375,0.73975
mixed@closure_L16_st128_k4_s3005.summary.json,mixed@closure,16,128,4,3005,False,20000,16,0.625,0.625,0.63876953125,0.01135,0.15785
mixed@closure_L16_st128_k4_s3005.summary.json,mixed@closure,16,128,4,3005,False,30000,16,0.75,0.75,0.7499895368303572,0.009153125,0.12635
mixed@closure_L16_st128_k4_s3005.summary.json,mixed@closure,16,128,4,3005,False,50000,16,0.8125,0.8125,0.7978841145833333,0.004853125,0.71855
mixed@closure_L16_st128_k4_s3005.summary.json,mixed@closure,16,128,4,3005,False,75000,16,0.8125,0.8125,0.819047619047619,0.00545,0.71155
mixed@closure_L16_st128_k4_s3005.summary.json,mixed@closure,16,128,4,3005,False,100000,16,0.8125,0.8125,0.8217610677083333,0.003859375,0.75805
mixed@closure_L16_st128_k4_s3005.summary.json,mixed@closure,16,128,4,3005,False,150000,16,0.8125,0.8125,0.8062883649553572,0.004453125,0.8165
mixed@closure_L16_st128_k4_s3005.summary.json,mixed@closure,16,128,4,3005,False,200000,16,0.875,0.875,0.8664260137648809,0.0064125,0.82495
mixed@closure_L16_st128_k4_s3005.summary.json,mixed@closure,16,128,4,3005,False,300000,16,0.875,0.875,0.872891090029762,0.004078125,0.81625
mixed@closure_L16_st128_k4_s3006.summary.json,mixed@closure,16,128,4,3006,False,50,16,0.0,0.0,0.07378850804143772,0.3586375,0.0877
mixed@closure_L16_st128_k4_s3006.summary.json,mixed@closure,16,128,4,3006,False,100,16,0.0,0.0,0.05675455729166667,0.384815625,0.08915
mixed@closure_L16_st128_k4_s3006.summary.json,mixed@closure,16,128,4,3006,False,150,16,0.0,0.0,0.09688340630723444,0.389853125,0.0771
mixed@closure_L16_st128_k4_s3006.summary.json,mixed@closure,16,128,4,3006,False,200,16,0.0,0.0,0.09473353794642858,0.399084375,0.07745
mixed@closure_L16_st128_k4_s3006.summary.json,mixed@closure,16,128,4,3006,False,300,16,0.4375,0.3125,0.23904130537431317,0.068646875,0.5271
mixed@closure_L16_st128_k4_s3006.summary.json,mixed@closure,16,128,4,3006,False,500,16,0.1875,0.1875,0.11399739583333335,0.110715625,0.2288
mixed@closure_L16_st128_k4_s3006.summary.json,mixed@closure,16,128,4,3006,False,750,16,0.125,0.125,0.11671549479166668,0.104971875,0.3364
mixed@closure_L16_st128_k4_s3006.summary.json,mixed@closure,16,128,4,3006,False,1000,16,0.125,0.0625,0.11377301897321429,0.107615625,0.2666
mixed@closure_L16_st128_k4_s3006.summary.json,mixed@closure,16,128,4,3006,False,1500,16,0.1875,0.1875,0.18032691592261904,0.1067375,0.2688
mixed@closure_L16_st128_k4_s3006.summary.json,mixed@closure,16,128,4,3006,False,2000,16,0.0625,0.0625,0.07475004650297619,0.11733125,0.24835
mixed@closure_L16_st128_k4_s3006.summary.json,mixed@closure,16,128,4,3006,False,3000,16,0.0625,0.0625,0.07095889136904761,0.1112625,0.2656
mixed@closure_L16_st128_k4_s3006.summary.json,mixed@closure,16,128,4,3006,False,5000,16,0.0625,0.0,0.11152227492559524,0.12124375,0.25305
mixed@closure_L16_st128_k4_s3006.summary.json,mixed@closure,16,128,4,3006,False,7500,16,0.125,0.125,0.1344872331444597,0.1148125,0.2561
mixed@closure_L16_st128_k4_s3006.summary.json,mixed@closure,16,128,4,3006,False,10000,16,0.125,0.125,0.12497209821428572,0.1159375,0.2384
mixed@closure_L16_st128_k4_s3006.summary.json,mixed@closure,16,128,4,3006,False,15000,16,0.1875,0.0625,0.1636962890625,0.1825875,0.11355
mixed@closure_L16_st128_k4_s3006.summary.json,mixed@closure,16,128,4,3006,False,20000,16,0.125,0.0625,0.11541108630952382,0.188209375,0.14425
mixed@closure_L16_st128_k4_s3006.summary.json,mixed@closure,16,128,4,3006,False,30000,16,0.125,0.0625,0.12386067708333334,0.187709375,0.1255
mixed@closure_L16_st128_k4_s3006.summary.json,mixed@closure,16,128,4,3006,False,50000,16,0.125,0.125,0.13634556361607142,0.187428125,0.1458
mixed@closure_L16_st128_k4_s3006.summary.json,mixed@closure,16,128,4,3006,False,75000,16,0.5625,0.375,0.33124534970238095,0.158721875,0.33275
mixed@closure_L16_st128_k4_s3006.summary.json,mixed@closure,16,128,4,3006,False,100000,16,0.875,0.75,0.4262067522321429,0.169315625,0.31715
mixed@closure_L16_st128_k4_s3006.summary.json,mixed@closure,16,128,4,3006,False,150000,16,0.5625,0.5,0.3641764322916667,0.172790625,0.2995
mixed@closure_L16_st128_k4_s3006.summary.json,mixed@closure,16,128,4,3006,False,200000,16,0.6875,0.625,0.3801083519345238,0.1603375,0.2773
mixed@closure_L16_st128_k4_s3006.summary.json,mixed@closure,16,128,4,3006,False,300000,16,0.4375,0.4375,0.309663318452381,0.17226875,0.2891
mixed@closure_L16_st128_k4_s3007.summary.json,mixed@closure,16,128,4,3007,False,50,16,0.0,0.0,0.07889113653273809,0.35406875,0.0877
mixed@closure_L16_st128_k4_s3007.summary.json,mixed@closure,16,128,4,3007,False,100,16,0.0,0.0,0.1088527358058608,0.384096875,0.0924
mixed@closure_L16_st128_k4_s3007.summary.json,mixed@closure,16,128,4,3007,False,150,16,0.0,0.0,0.12211797805059524,0.40080625,0.09245
mixed@closure_L16_st128_k4_s3007.summary.json,mixed@closure,16,128,4,3007,False,200,16,0.0,0.0,0.06872442336309523,0.406878125,0.09345
mixed@closure_L16_st128_k4_s3007.summary.json,mixed@closure,16,128,4,3007,False,300,16,0.0625,0.0625,0.14261300223214288,0.381646875,0.0551
mixed@closure_L16_st128_k4_s3007.summary.json,mixed@closure,16,128,4,3007,False,500,16,0.125,0.125,0.17652994791666665,0.087959375,0.2115
mixed@closure_L16_st128_k4_s3007.summary.json,mixed@closure,16,128,4,3007,False,750,16,0.125,0.125,0.15681966145833331,0.10494375,0.31925
mixed@closure_L16_st128_k4_s3007.summary.json,mixed@closure,16,128,4,3007,False,1000,16,0.1875,0.125,0.15592447916666669,0.110359375,0.2796
mixed@closure_L16_st128_k4_s3007.summary.json,mixed@closure,16,128,4,3007,False,1500,16,0.0,0.0,0.0697114490327381,0.11179375,0.26365
mixed@closure_L16_st128_k4_s3007.summary.json,mixed@closure,16,128,4,3007,False,2000,16,0.0625,0.0625,0.07255626860119048,0.113440625,0.25275
mixed@closure_L16_st128_k4_s3007.summary.json,mixed@closure,16,128,4,3007,False,3000,16,0.125,0.125,0.09232352120535714,0.1240875,0.2615
mixed@closure_L16_st128_k4_s3007.summary.json,mixed@closure,16,128,4,3007,False,5000,16,0.9375,0.9375,0.9331217447916667,0.006665625,0.72425
mixed@closure_L16_st128_k4_s3007.summary.json,mixed@closure,16,128,4,3007,False,7500,16,0.5625,0.5625,0.587490699404762,0.008296875,0.2235
mixed@closure_L16_st128_k4_s3007.summary.json,mixed@closure,16,128,4,3007,False,10000,16,0.8125,0.8125,0.8159598214285715,0.005653125,0.66725
mixed@closure_L16_st128_k4_s3007.summary.json,mixed@closure,16,128,4,3007,False,15000,16,0.9375,0.9375,0.9332763671875,0.00631875,0.18125
mixed@closure_L16_st128_k4_s3007.summary.json,mixed@closure,16,128,4,3007,False,20000,16,0.8125,0.8125,0.8122718671302656,0.01289375,0.1589
mixed@closure_L16_st128_k4_s3007.summary.json,mixed@closure,16,128,4,3007,False,30000,16,0.6875,0.6875,0.6961018880208333,0.00541875,0.7206
mixed@closure_L16_st128_k4_s3007.summary.json,mixed@closure,16,128,4,3007,False,50000,16,0.8125,0.8125,0.8152913411458333,0.00415,0.74965
mixed@closure_L16_st128_k4_s3007.summary.json,mixed@closure,16,128,4,3007,False,75000,16,0.8125,0.8125,0.8037923177083334,0.012471875,0.71335
mixed@closure_L16_st128_k4_s3007.summary.json,mixed@closure,16,128,4,3007,False,100000,16,0.9375,0.9375,0.9412923177083333,0.0047,0.8033
mixed@closure_L16_st128_k4_s3007.summary.json,mixed@closure,16,128,4,3007,False,150000,16,0.875,0.875,0.8707682291666667,0.0069375,0.80815
mixed@closure_L16_st128_k4_s3007.summary.json,mixed@closure,16,128,4,3007,False,200000,16,0.875,0.875,0.87861328125,0.0043125,0.83385
mixed@closure_L16_st128_k4_s3007.summary.json,mixed@closure,16,128,4,3007,False,300000,16,0.9375,0.9375,0.936328125,0.004090625,0.81755
mixed@closure_L16_st128_k4_s3008.summary.json,mixed@closure,16,128,4,3008,False,50,16,0.0,0.0,0.08056989397321429,0.35228125,0.089
mixed@closure_L16_st128_k4_s3008.summary.json,mixed@closure,16,128,4,3008,False,100,16,0.0,0.0,0.081103515625,0.383890625,0.09355
mixed@closure_L16_st128_k4_s3008.summary.json,mixed@closure,16,128,4,3008,False,150,16,0.0,0.0,0.07351655505952381,0.374553125,0.0496
mixed@closure_L16_st128_k4_s3008.summary.json,mixed@closure,16,128,4,3008,False,200,16,0.375,0.375,0.21596214657738097,0.067740625,0.5544
mixed@closure_L16_st128_k4_s3008.summary.json,mixed@closure,16,128,4,3008,False,300,16,0.0625,0.0625,0.09545317150297619,0.06125625,0.22285
mixed@closure_L16_st128_k4_s3008.summary.json,mixed@closure,16,128,4,3008,False,500,16,0.0625,0.0625,0.09029366629464285,0.109696875,0.28175
mixed@closure_L16_st128_k4_s3008.summary.json,mixed@closure,16,128,4,3008,False,750,16,0.1875,0.1875,0.1420654296875,0.106984375,0.2882
mixed@closure_L16_st128_k4_s3008.summary.json,mixed@closure,16,128,4,3008,False,1000,16,0.1875,0.1875,0.17550455729166667,0.119653125,0.2525
mixed@closure_L16_st128_k4_s3008.summary.json,mixed@closure,16,128,4,3008,False,1500,16,0.0625,0.0625,0.08173014322916666,0.114434375,0.2619
mixed@closure_L16_st128_k4_s3008.summary.json,mixed@closure,16,128,4,3008,False,2000,16,0.0625,0.0625,0.08234049479166666,0.113059375,0.2595
mixed@closure_L16_st128_k4_s3008.summary.json,mixed@closure,16,128,4,3008,False,3000,16,0.125,0.125,0.12807617187499998,0.122378125,0.24755
mixed@closure_L16_st128_k4_s3008.summary.json,mixed@closure,16,128,4,3008,False,5000,16,0.375,0.25,0.22404785156249998,0.187975,0.10665
mixed@closure_L16_st128_k4_s3008.summary.json,mixed@closure,16,128,4,3008,False,7500,16,0.25,0.25,0.1857584635416667,0.184678125,0.1368
mixed@closure_L16_st128_k4_s3008.summary.json,mixed@closure,16,128,4,3008,False,10000,16,0.0625,0.0625,0.10383649553571428,0.1911375,0.1101
mixed@closure_L16_st128_k4_s3008.summary.json,mixed@closure,16,128,4,3008,False,15000,16,0.0,0.0,0.03369140625,0.182365625,0.1356
mixed@closure_L16_st128_k4_s3008.summary.json,mixed@closure,16,128,4,3008,False,20000,16,0.125,0.125,0.11913481212797619,0.191496875,0.1292
mixed@closure_L16_st128_k4_s3008.summary.json,mixed@closure,16,128,4,3008,False,30000,16,0.5,0.5,0.34248860677083337,0.175590625,0.2942
mixed@closure_L16_st128_k4_s3008.summary.json,mixed@closure,16,128,4,3008,False,50000,16,0.75,0.4375,0.3608154296875,0.16994375,0.3036
mixed@closure_L16_st128_k4_s3008.summary.json,mixed@closure,16,128,4,3008,False,75000,16,0.625,0.625,0.3403436569940476,0.17359375,0.2446
mixed@closure_L16_st128_k4_s3008.summary.json,mixed@closure,16,128,4,3008,False,100000,16,0.625,0.0625,0.3233863467261905,0.161215625,0.3315
mixed@closure_L16_st128_k4_s3008.summary.json,mixed@closure,16,128,4,3008,False,150000,16,0.6875,0.5,0.3563313802083333,0.183428125,0.25245
mixed@closure_L16_st128_k4_s3008.summary.json,mixed@closure,16,128,4,3008,False,200000,16,0.5,0.5,0.36746651785714285,0.166559375,0.2988
mixed@closure_L16_st128_k4_s3008.summary.json,mixed@closure,16,128,4,3008,False,300000,16,0.625,0.4375,0.33203125,0.163871875,0.33375
mixed@closure_L16_st128_k4_s3009.summary.json,mixed@closure,16,128,4,3009,False,50,16,0.0,0.0,0.07842610677083334,0.349396875,0.08
mixed@closure_L16_st128_k4_s3009.summary.json,mixed@closure,16,128,4,3009,False,100,16,0.5,0.4375,0.35299362909226184,0.0994125,0.53855
mixed@closure_L16_st128_k4_s3009.summary.json,mixed@closure,16,128,4,3009,False,150,16,0.3125,0.3125,0.2078125,0.048984375,0.3281
mixed@closure_L16_st128_k4_s3009.summary.json,mixed@closure,16,128,4,3009,False,200,16,0.125,0.125,0.09418945312499999,0.069240625,0.20955
mixed@closure_L16_st128_k4_s3009.summary.json,mixed@closure,16,128,4,3009,False,300,16,0.125,0.125,0.12762044270833334,0.09949375,0.2031
mixed@closure_L16_st128_k4_s3009.summary.json,mixed@closure,16,128,4,3009,False,500,16,0.1875,0.1875,0.14083658854166667,0.100078125,0.3157
mixed@closure_L16_st128_k4_s3009.summary.json,mixed@closure,16,128,4,3009,False,750,16,0.0625,0.0,0.06863025483630952,0.099409375,0.2889
mixed@closure_L16_st128_k4_s3009.summary.json,mixed@closure,16,128,4,3009,False,1000,16,0.0,0.0,0.03752208891369048,0.111021875,0.25445
mixed@closure_L16_st128_k4_s3009.summary.json,mixed@closure,16,128,4,3009,False,1500,16,0.1875,0.1875,0.11711309523809524,0.11170625,0.253
mixed@closure_L16_st128_k4_s3009.summary.json,mixed@closure,16,128,4,3009,False,2000,16,0.25,0.25,0.1887288411458333,0.11455,0.24425
mixed@closure_L16_st128_k4_s3009.summary.json,mixed@closure,16,128,4,3009,False,3000,16,0.125,0.125,0.11075846354166666,0.112,0.2631
mixed@closure_L16_st128_k4_s3009.summary.json,mixed@closure,16,128,4,3009,False,5000,16,0.0625,0.0625,0.08783133370535715,0.181275,0.09525
mixed@closure_L16_st128_k4_s3009.summary.json,mixed@closure,16,128,4,3009,False,7500,16,0.1875,0.1875,0.16954752604166667,0.186428125,0.116
mixed@closure_L16_st128_k4_s3009.summary.json,mixed@closure,16,128,4,3009,False,10000,16,0.1875,0.1875,0.12832845052083333,0.18348125,0.13605
mixed@closure_L16_st128_k4_s3009.summary.json,mixed@closure,16,128,4,3009,False,15000,16,0.625,0.5625,0.3214692615327381,0.173446875,0.29115
mixed@closure_L16_st128_k4_s3009.summary.json,mixed@closure,16,128,4,3009,False,20000,16,0.25,0.25,0.2214599609375,0.170753125,0.3115
mixed@closure_L16_st128_k4_s3009.summary.json,mixed@closure,16,128,4,3009,False,30000,16,0.4375,0.4375,0.2647681826636905,0.177165625,0.30515
mixed@closure_L16_st128_k4_s3009.summary.json,mixed@closure,16,128,4,3009,False,50000,16,0.3125,0.25,0.19603678385416667,0.1740375,0.27135
mixed@closure_L16_st128_k4_s3009.summary.json,mixed@closure,16,128,4,3009,False,75000,16,0.6875,0.6875,0.4050885881696428,0.179471875,0.259
mixed@closure_L16_st128_k4_s3009.summary.json,mixed@closure,16,128,4,3009,False,100000,16,0.6875,0.625,0.3710635230654762,0.166128125,0.31935
mixed@closure_L16_st128_k4_s3009.summary.json,mixed@closure,16,128,4,3009,False,150000,16,0.6875,0.6875,0.45737304687499997,0.172440625,0.31115
mixed@closure_L16_st128_k4_s3009.summary.json,mixed@closure,16,128,4,3009,False,200000,16,0.625,0.5625,0.3868594215029762,0.173225,0.2953
mixed@closure_L16_st128_k4_s3009.summary.json,mixed@closure,16,128,4,3009,False,300000,16,0.5625,0.4375,0.3201822916666667,0.1607375,0.3391
mixed@closure_L16_st128_k4_s3010.summary.json,mixed@closure,16,128,4,3010,False,50,16,0.0,0.0,0.08779180617559523,0.35633125,0.07675
mixed@closure_L16_st128_k4_s3010.summary.json,mixed@closure,16,128,4,3010,False,100,16,0.0,0.0,0.09982328869047619,0.3835375,0.0847
mixed@closure_L16_st128_k4_s3010.summary.json,mixed@closure,16,128,4,3010,False,150,16,0.0,0.0,0.07488490513392856,0.38704375,0.0756
mixed@closure_L16_st128_k4_s3010.summary.json,mixed@closure,16,128,4,3010,False,200,16,0.4375,0.375,0.2935872395833333,0.112590625,0.54345
mixed@closure_L16_st128_k4_s3010.summary.json,mixed@closure,16,128,4,3010,False,300,16,0.25,0.1875,0.15166829427083334,0.069746875,0.20095
mixed@closure_L16_st128_k4_s3010.summary.json,mixed@closure,16,128,4,3010,False,500,16,0.0,0.0,0.03497721354166666,0.121984375,0.251
mixed@closure_L16_st128_k4_s3010.summary.json,mixed@closure,16,128,4,3010,False,750,16,0.0625,0.0625,0.10547223772321428,0.116334375,0.3196
mixed@closure_L16_st128_k4_s3010.summary.json,mixed@closure,16,128,4,3010,False,1000,16,0.0,0.0,0.06140601748511905,0.11138125,0.2708
mixed@closure_L16_st128_k4_s3010.summary.json,mixed@closure,16,128,4,3010,False,1500,16,0.0,0.0,0.033214750744047616,0.1134125,0.2593
mixed@closure_L16_st128_k4_s3010.summary.json,mixed@closure,16,128,4,3010,False,2000,16,0.125,0.0625,0.115576171875,0.1233,0.2411
mixed@closure_L16_st128_k4_s3010.summary.json,mixed@closure,16,128,4,3010,False,3000,16,0.0,0.0,0.04837820870535714,0.117571875,0.25095
mixed@closure_L16_st128_k4_s3010.summary.json,mixed@closure,16,128,4,3010,False,5000,16,0.1875,0.1875,0.16759556361607142,0.12015,0.25905
mixed@closure_L16_st128_k4_s3010.summary.json,mixed@closure,16,128,4,3010,False,7500,16,0.25,0.25,0.17935965401785714,0.11176875,0.26175
mixed@closure_L16_st128_k4_s3010.summary.json,mixed@closure,16,128,4,3010,False,10000,16,0.0625,0.0625,0.0708984375,0.115478125,0.25275
mixed@closure_L16_st128_k4_s3010.summary.json,mixed@closure,16,128,4,3010,False,15000,16,0.0625,0.0625,0.08812430245535714,0.1141625,0.2521
mixed@closure_L16_st128_k4_s3010.summary.json,mixed@closure,16,128,4,3010,False,20000,16,0.1875,0.125,0.1528541201636905,0.11540625,0.2685
mixed@closure_L16_st128_k4_s3010.summary.json,mixed@closure,16,128,4,3010,False,30000,16,0.0625,0.0625,0.10601283482142856,0.115365625,0.25315
mixed@closure_L16_st128_k4_s3010.summary.json,mixed@closure,16,128,4,3010,False,50000,16,0.8125,0.8125,0.8251336960565476,0.00416875,0.84175
mixed@closure_L16_st128_k4_s3010.summary.json,mixed@closure,16,128,4,3010,False,75000,16,0.75,0.75,0.7559244791666666,0.0042875,0.73905
mixed@closure_L16_st128_k4_s3010.summary.json,mixed@closure,16,128,4,3010,False,100000,16,0.625,0.625,0.6363048735119048,0.006765625,0.73685
mixed@closure_L16_st128_k4_s3010.summary.json,mixed@closure,16,128,4,3010,False,150000,16,0.875,0.875,0.8783040364583333,0.00504375,0.7989
mixed@closure_L16_st128_k4_s3010.summary.json,mixed@closure,16,128,4,3010,False,200000,16,0.875,0.875,0.8739757719494048,0.0048625,0.79645
mixed@closure_L16_st128_k4_s3010.summary.json,mixed@closure,16,128,4,3010,False,300000,16,0.875,0.875,0.8645554315476192,0.005465625,0.7933
