label,step,copy_per_1k,partial_per_1k,zero_writes_per_ix,destroyed_per_1k,bytes_changed_b,zero_frac
call-rst-write,500,0.2538076951916454,0.37718424356250946,0.025129297109263503,1.9083511638462038,0.05410147425942723,0.27784444444444445
call-rst-write,1000,0.2538735208435381,0.25591995413285673,0.024432375835118043,1.8801762448436246,0.05542146264620845,0.2804444444444445
call-rst-write,2000,0.2567455188513832,0.0,0.02221362576304675,2.032839225041707,0.05036960607798057,0.28156666666666663
call-rst-write,3000,0.2520798013354447,0.2507222447614861,0.023381524381271293,1.9205829376125756,0.05516014690590953,0.2807361111111111
call-rst-write,5000,0.2536783521950031,0.2521455257329577,0.023110801453778397,2.276793942372673,0.054743697926924684,0.2798833333333334
call-rst-write,7500,0.25477748351248897,0.25138262020945645,0.02252500467728302,2.1713231721017237,0.053199039449876126,0.2795972222222222
call-rst-write,10000,0.2513301580714469,0.2515450198198873,0.024415358283587915,2.511316691792447,0.05490451087430966,0.27974444444444446
call-rst-write,15000,0.6359969257495759,0.0,0.02341399144232026,2.4221866521240933,0.05330477563189989,0.28036666666666665
call-rst-write,20000,0.25451874418158427,0.2554284415752947,0.025286225248270483,2.1596432475173843,0.05404474216380182,0.2811027777777778
call-rst-write,30000,0.3774586297053055,0.2544871205360323,0.025189564392646697,2.009841272128924,0.05323139086930461,0.28103611111111115
call-rst-write,50000,0.2564482985893404,0.25100592957406176,0.024328628869365217,2.0070348181643953,0.05764340680850191,0.2793333333333333
call-rst-write,75000,0.5108622160237317,0.0,0.023855009489561485,2.512104291514653,0.05377604997098455,0.27956666666666663
call-rst-write,100000,0.5061444618516986,0.5027792202030796,0.026546323300580148,2.653789246339967,0.059934582092217026,0.28013333333333335
call-rst-write,150000,0.4989583924590004,0.5120424693739678,0.028584381237988725,3.022891742403938,0.06490887377902341,0.2808861111111111
call-rst-write,200000,169.29828872459242,0.762042871057004,0.028675257816428094,5.936720630847521,1.0605977388423833,0.153625
call-rst-write,300000,388.0258230523583,0.7617202609659868,0.03301051789112817,8.553593160543983,2.332460663049627,0.017427777777777778
none,500,0.6378936869980787,0.8853012491627612,0.04541602429823409,6.923857256528038,0.1227582628248555,0.3373277777777778
none,1000,0.5130197260920767,0.5028290534184601,0.04230610316686187,6.535138793280345,0.1202941879302763,0.33748055555555556
none,2000,0.7562390195695672,0.75642965204236,0.0414440588450593,7.061794711045252,0.11849709801826656,0.33679166666666666
none,3000,0.6268833037868529,0.7650154895396837,0.04224994564221306,7.028255917427066,0.12062885608031891,0.33743333333333336
none,5000,0.7609387967806064,0.7629717322077882,0.04075629363040259,6.836075542594753,0.11520679552867287,0.3379333333333333
none,7500,0.504477243489005,0.75959626162089,0.04159626059587623,6.556177564604729,0.1189049190136188,0.3375111111111111
none,10000,0.5060106771133388,1.0228899249592989,0.04364917147237025,7.13210794832842,0.12050456098218279,0.33652777777777776
none,15000,0.6320799083956978,0.7625513293595085,0.03917367240678322,6.512550200803213,0.11203725101985584,0.3378305555555555
none,20000,0.510661035161356,0.6352437379466407,0.04212029048883131,6.635200788401043,0.11919929022100972,0.33720277777777774
none,30000,0.5067799881423884,0.7547217576631156,0.04202310318782229,6.61155720993553,0.12011951592847002,0.33740000000000003
none,50000,0.758635825260338,0.8850265815809806,0.040330848578179326,6.920414786589614,0.11909031727595949,0.3370361111111111
none,75000,0.5028284813176622,0.7594960561004165,0.04302486358873743,7.219203769377224,0.12328806633818051,0.33729722222222225
none,100000,0.7679177700994009,0.5102710353522335,0.04334107726681215,7.714119135895848,0.12496482356703673,0.3365027777777778
none,150000,0.8880494397041918,0.6357899456805227,0.04314950357189977,6.743318791320387,0.11951485541212951,0.3366527777777778
none,200000,0.5108677156657748,0.7563237492711463,0.04082350798171822,6.980949848274952,0.11583770545757265,0.3357027777777778
none,300000,1.0113785844484497,0.6288453657058927,0.04405638757053222,7.113911316454333,0.12031409835869437,0.33565833333333334
push,500,0.3792674197222671,0.6340677871426781,0.033154497405897834,5.9789773686464365,0.1073994087123967,0.29928333333333335
push,1000,0.25681145561115554,0.5023863667912642,0.033951449983708054,5.676686973600986,0.10776545999997947,0.298975
push,2000,0.2543976790337418,0.7563377730319296,0.03474075970902725,5.975926294289167,0.10941255155856926,0.2985916666666667
push,3000,0.5011286695887662,0.7519765891721655,0.034201499554902086,7.033023325649382,0.11156147954734899,0.2976
push,5000,0.38109996746039676,0.5081306060903378,0.036280609085560606,6.582278481012658,0.11069668141041328,0.299375
push,7500,0.5058810673418743,0.6285709568211506,0.03522643271543058,6.045426353883954,0.10652582234703964,0.29949166666666666
push,10000,0.2557545426193033,0.5045593633692957,0.035248738136632346,6.451994495506572,0.11025491912789026,0.2975361111111111
push,15000,0.5065221217459306,0.5042896407769163,0.03323625192914049,6.400436475028925,0.10686999473641448,0.2985833333333333
push,20000,0.25568923252173525,0.5086828290760362,0.03521944647353806,6.698482523531299,0.1067013144447915,0.2986916666666667
push,30000,0.253807253746894,0.5106044607823967,0.03316332511581738,5.966891446632562,0.10807263906882923,0.2991361111111111
push,50000,0.38054131239047184,0.5081340500484928,0.03434875802219399,5.9367566047570275,0.1079589117121303,0.29862500000000003
push,75000,0.5096270093874217,0.5104710404749595,0.03755362105715212,6.829593658227605,0.11357340254222592,0.29799166666666665
push,100000,0.5071960489254157,0.7557653884901282,0.033341600701299094,6.18323547999103,0.11397042468042058,0.29775833333333335
push,150000,0.5042632588564533,0.511352576261344,0.03406381092428512,7.4286340062492755,0.1110411876590631,0.2979583333333333
push,200000,0.5091127092727328,0.7638616331993813,0.03787977085208587,7.159937890231721,0.11884459859595861,0.2970138888888889
push,300000,359.70496597018223,1.2610369355651154,0.036782109519652946,10.517155729072238,2.058656960972802,0.02816388888888889
stack-read-only,500,0.7669024856958898,0.6301288931564824,0.03944191387929204,5.88117224623866,0.10822124635377281,0.3366083333333333
stack-read-only,1000,0.751981313843958,0.7512241369904759,0.04185958897706478,6.897702821498285,0.1145928233575273,0.33750833333333335
stack-read-only,2000,0.5069066757251637,0.8980975511030156,0.0394864554393316,6.563216624190137,0.11549515602236593,0.3362222222222222
stack-read-only,3000,0.5078759789557759,0.8818460014484537,0.044836114804207725,7.055594923334425,0.11910954083418128,0.3366055555555556
stack-read-only,5000,0.6338792480367754,1.0065476889643532,0.040977613375603364,7.1461705964273925,0.11808903259939954,0.33748333333333336
stack-read-only,7500,0.38149495650295384,0.7500641773661759,0.04164273590055233,6.126384936364962,0.11326282122530426,0.33772777777777774
stack-read-only,10000,0.6304850152929413,0.7529261986823177,0.040227716197279925,6.40644532928218,0.11057838689197155,0.3367027777777778
stack-read-only,15000,0.7648184674851248,0.5126233584128765,0.03887670030715226,6.496951856950284,0.11010431985441357,0.3367
stack-read-only,20000,0.7593990165585701,0.7621991070883936,0.03935791201338314,6.141248720573183,0.1092504985073893,0.3370888888888889
stack-read-only,30000,0.752267412830762,0.7628736011397419,0.04042869612378569,6.897168661874544,0.1098850179630124,0.33663333333333334
stack-read-only,50000,0.7580546297360456,0.632904209448154,0.03732096884624227,6.300470852224425,0.10312309809213835,0.33643055555555557
stack-read-only,75000,0.505129175671795,0.7617113236893092,0.04078815102527035,6.267323516946064,0.11424237023295272,0.33621666666666666
stack-read-only,100000,0.7593975567794086,0.771433513499789,0.043477884117951365,6.8303971263067655,0.11703299201746116,0.33616388888888893
stack-read-only,150000,0.7599752649469182,0.6316735112936345,0.04107839078672107,6.553658231631078,0.112081808827041,0.3348333333333333
stack-read-only,200000,0.7528222808701991,0.6263311541776543,0.04056302924870537,7.003545566840241,0.11161836285893806,0.3355472222222222
stack-read-only,300000,0.765893063183147,1.1315856129685917,0.04658071582741158,8.650470426818769,0.12495441842632411,0.3348361111111111
stack-write-only,500,0.0,0.0,0.013302976720175975,1.1459305789161507,0.042804561244015285,0.19124444444444444
stack-write-only,1000,0.12503125781445362,0.0,0.012690815531615888,1.271478200995274,0.039487813129753024,0.19421666666666665
stack-write-only,2000,0.12518778167250877,0.0,0.014057505853548211,1.3970602493746243,0.04275513826576145,0.1932
stack-write-only,3000,0.2495019920318725,0.0,0.012664721577580338,1.3808352258390109,0.04108933717872265,0.19349444444444444
stack-write-only,5000,0.0,0.0,0.013895069587445304,1.266479958179215,0.04164563351842504,0.1937638888888889
stack-write-only,7500,0.24931564068711914,0.0,0.013732778239708986,1.3838210270815885,0.04185258884546843,0.19346388888888888
stack-write-only,10000,0.12484394506866417,0.0,0.014429501526081929,1.279102527479108,0.041572512916025706,0.1924861111111111
stack-write-only,15000,0.0,0.12619888944977284,0.014312768028171056,1.5247785228519157,0.04088139607686689,0.19418611111111111
stack-write-only,20000,0.2524940521569004,0.0,0.014212313327005018,1.0232927369186755,0.04206075930432582,0.193125
stack-write-only,30000,0.0,0.0,0.013168218532087727,1.6456139224248651,0.04183221306472925,0.19300833333333334
stack-write-only,50000,0.0,0.0,0.013763221836873578,1.5329686168346117,0.04017688511489481,0.19330833333333333
stack-write-only,75000,0.2505344609633227,0.12562814070351758,0.01363522239112832,1.523196902697638,0.04385233166844603,0.1932611111111111
stack-write-only,100000,0.25050257392649733,0.25249427751891174,0.012703633939566753,1.5199600889348317,0.043401040390718876,0.1936388888888889
stack-write-only,150000,86.57052081190812,0.6229510602136492,0.014970973470384608,4.827484919368533,0.8218627304630673,0.13903333333333334
stack-write-only,200000,202.47479580793276,0.0,0.017281551445077578,8.609132939660867,1.8020013556775192,0.06327222222222223
stack-write-only,300000,329.10400573768834,0.0,0.0169640473311356,7.8461651700374,2.004870300183339,0.025544444444444446
