label,seed,t_rep,emerged,ldir_first,first_ldir_in_top10,episodes_pre,max_ldir_share_pre,frac_samples_with_ldir_pre
call-rst-write,1001,-1.0,False,False,226500,1,0.0001,0.0014326647564469914
call-rst-write,1002,-1.0,False,False,-1,0,0.0,0.0
call-rst-write,1003,209500.0,True,True,3050,1,0.0014,0.003875968992248062
call-rst-write,1004,222500.0,True,False,138000,1,0.00075,0.0036900369003690036
call-rst-write,1005,158500.0,True,True,1,3,0.0008,0.012077294685990338
call-rst-write,1006,-1.0,False,False,-1,0,0.0,0.0
call-rst-write,1007,138500.0,True,True,650,1,0.004,0.06684491978609626
call-rst-write,1008,189000.0,True,True,51500,0,0.00435,0.5789473684210527
call-rst-write,1009,66500.0,True,True,54500,0,0.0043,0.10434782608695652
call-rst-write,1010,11000.0,True,True,8500,0,0.004,0.04201680672268908
call-rst-write,1011,-1.0,False,False,16500,2,0.00015,0.0028653295128939827
call-rst-write,1012,192000.0,True,True,111500,1,0.00485,0.012474012474012475
call-rst-write,1013,185500.0,True,True,4750,2,0.00365,0.00641025641025641
call-rst-write,1014,-1.0,False,False,8000,4,0.0001,0.0057306590257879654
call-rst-write,1015,14000.0,True,False,10000,0,0.0025,0.064
call-rst-write,1016,-1.0,False,False,-1,0,0.0,0.0
call-rst-write,1017,82500.0,True,True,82000,0,0.0015,0.003816793893129771
call-rst-write,1018,39500.0,True,True,39000,0,0.0045,0.005681818181818182
call-rst-write,1019,-1.0,False,False,75000,1,0.0001,0.0014326647564469914
call-rst-write,1020,-1.0,False,False,-1,0,0.0,0.0
none,1001,-1.0,False,False,-1,0,0.0,0.0
none,1002,249500.0,True,True,249000,0,0.0006,0.0016778523489932886
none,1003,-1.0,False,False,-1,0,0.0,0.0
none,1004,-1.0,False,False,-1,0,0.0,0.0
none,1005,-1.0,False,False,-1,0,0.0,0.0
none,1006,114000.0,True,True,103500,0,0.00355,0.06461538461538462
none,1007,-1.0,False,False,-1,0,0.0,0.0
none,1008,-1.0,False,False,-1,0,0.0,0.0
none,1009,-1.0,False,False,-1,0,0.0,0.0
none,1010,212500.0,True,True,212000,0,0.0038,0.0019157088122605363
none,1011,119000.0,True,True,118500,0,0.00385,0.0029850746268656717
none,1012,-1.0,False,False,-1,0,0.0,0.0
none,1013,196000.0,True,True,-1,0,0.0,0.0
none,1014,-1.0,False,False,-1,0,0.0,0.0
none,1015,-1.0,False,False,-1,0,0.0,0.0
none,1016,-1.0,False,False,-1,0,0.0,0.0
none,1017,-1.0,False,False,-1,0,0.0,0.0
none,1018,-1.0,False,False,-1,0,0.0,0.0
none,1019,-1.0,False,False,-1,0,0.0,0.0
none,1020,73500.0,True,True,73000,0,0.0013,0.004098360655737705
push,1001,118000.0,True,True,117000,0,0.0047,0.006006006006006006
push,1002,-1.0,False,False,-1,0,0.0,0.0
push,1003,153500.0,True,True,-1,0,0.0,0.0
push,1004,-1.0,False,False,-1,0,0.0,0.0
push,1005,-1.0,False,False,-1,0,0.0,0.0
push,1006,100000.0,True,True,99000,0,0.0028,0.006734006734006734
push,1007,-1.0,False,False,-1,0,0.0,0.0
push,1008,-1.0,False,False,-1,0,0.0,0.0
push,1009,81500.0,True,True,81000,0,0.0013,0.0038461538461538464
push,1010,-1.0,False,False,267500,0,0.00345,0.09455587392550144
push,1011,-1.0,False,False,-1,0,0.0,0.0
push,1012,286000.0,True,True,285500,0,0.0026,0.0014947683109118087
push,1013,226500.0,True,True,-1,0,0.0,0.0
push,1014,-1.0,False,False,-1,0,0.0,0.0
push,1015,96500.0,True,True,-1,0,0.0,0.0
push,1016,-1.0,False,False,-1,0,0.0,0.0
push,1017,67000.0,True,True,64000,0,0.0049,0.025974025974025976
push,1018,226000.0,True,True,219000,1,0.00435,0.009107468123861567
push,1019,131000.0,True,True,130500,0,0.00195,0.002785515320334262
push,1020,214500.0,True,True,197000,0,0.0042,0.06653992395437262
stack-read-only,1001,135000.0,True,True,116500,0,0.00465,0.1008174386920981
stack-read-only,1002,244000.0,True,True,216500,0,0.00445,0.09401709401709402
stack-read-only,1003,-1.0,False,False,-1,0,0.0,0.0
stack-read-only,1004,-1.0,False,False,-1,0,0.0,0.0
stack-read-only,1005,-1.0,False,False,-1,0,0.0,0.0
stack-read-only,1006,165000.0,True,True,103500,0,0.0045,0.28805620608899296
stack-read-only,1007,15500.0,True,True,15000,0,0.0016,0.0078125
stack-read-only,1008,51500.0,True,True,-1,0,0.0,0.0
stack-read-only,1009,254500.0,True,True,254000,0,0.0041,0.0016501650165016502
stack-read-only,1010,-1.0,False,False,-1,0,0.0,0.0
stack-read-only,1011,-1.0,False,False,-1,0,0.0,0.0
stack-read-only,1012,100000.0,True,True,-1,0,0.0,0.0
stack-read-only,1013,-1.0,False,False,-1,0,0.0,0.0
stack-read-only,1014,-1.0,False,False,-1,0,0.0,0.0
stack-read-only,1015,-1.0,False,False,-1,0,0.0,0.0
stack-read-only,1016,-1.0,False,False,-1,0,0.0,0.0
stack-read-only,1017,90500.0,True,True,-1,0,0.0,0.0
stack-read-only,1018,-1.0,False,False,-1,0,0.0,0.0
stack-read-only,1019,-1.0,False,False,-1,0,0.0,0.0
stack-read-only,1020,-1.0,False,False,-1,0,0.0,0.0
stack-write-only,1001,104500.0,True,True,2350,3,0.0001,0.00980392156862745
stack-write-only,1002,-1.0,False,False,3450,14,0.0001,0.02005730659025788
stack-write-only,1003,-1.0,False,False,50,18,0.0001,0.025787965616045846
stack-write-only,1004,74000.0,True,True,600,7,0.0001,0.02857142857142857
stack-write-only,1005,156000.0,True,True,1,7,0.00225,0.029339853300733496
stack-write-only,1006,300000.0,True,True,4300,7,0.0001,0.010043041606886656
stack-write-only,1007,133500.0,True,True,650,4,0.00185,0.016483516483516484
stack-write-only,1008,138500.0,True,True,3350,7,0.0046,0.0213903743315508
stack-write-only,1009,-1.0,False,False,93000,9,0.0001,0.012893982808022923
stack-write-only,1010,100000.0,True,True,400,6,0.00105,0.026936026936026935
stack-write-only,1011,49000.0,True,False,150,1,0.00085,0.010256410256410256
stack-write-only,1012,5500.0,True,True,5000,0,0.0001,0.009259259259259259
stack-write-only,1013,-1.0,False,False,54500,7,0.0002,0.01002865329512894
stack-write-only,1014,128000.0,True,True,4600,3,0.00045,0.0113314447592068
stack-write-only,1015,55500.0,True,True,1350,2,0.00305,0.04807692307692308
stack-write-only,1016,-1.0,False,False,34,6,0.0001,0.01002865329512894
stack-write-only,1017,109500.0,True,True,34000,5,0.001,0.0189873417721519
stack-write-only,1018,-1.0,False,False,12000,11,0.001,0.017191977077363897
stack-write-only,1019,-1.0,False,False,119500,4,0.00015,0.0057306590257879654
stack-write-only,1020,-1.0,False,False,101500,7,0.0001,0.01002865329512894
