key,kind,L,tape,rule,n_mutants,n_identifiable,entered_frac,executed,ctrl_alive_g1,ctrl_alive_g2,ctrl_alive_g4,ctrl_alive_g8,sites_g1,sites_unexec_g1,retained_g1,erased_g1,lost_g1,sites_g2,sites_unexec_g2,retained_g2,erased_g2,lost_g2,sites_g4,sites_unexec_g4,retained_g4,erased_g4,lost_g4,sites_g8,sites_unexec_g8,retained_g8,erased_g8,lost_g8,modal_share
A1_closer_none_s1,invasion descendant,32,00 a8 77 31 40 42 2e 50 2b 46 2b 4e c5 85 c2 08 00 a8 77 31 40 42 2e 50 2b 46 2b 4e c5 85 c2 08,i8080,8160,8160,0.0,11111111111111111000000000000000,1.0,1.0,1.0,1.0,3,0,0.10415134803921569,0.5289828431372549,0.3668658088235294,3,0,0.09152113970588235,0.5268229166666667,0.381655943627451,3,0,0.09058670343137255,0.526953125,0.38246017156862744,3,0,0.09050245098039215,0.5266314338235294,0.38286611519607844,0.0061
A1_closer_none_s2,invasion descendant,32,21 50 b2 31 80 f2 2b 46 2b 4e c5 5a c2 c6 10 4e 21 50 b2 31 80 f2 2b 46 2b 4e c5 5a c2 c6 10 4e,i8080,8160,8160,0.0,11111111111111100000000000000000,1.0,1.0,1.0,1.0,7,1,0.15569087009803922,0.5092524509803922,0.33505667892156865,4,1,0.14313725490196078,0.500015318627451,0.35684742647058826,4,1,0.14313725490196078,0.5,0.3568627450980392,4,1,0.14313725490196078,0.5,0.3568627450980392,0.00635
A1_closer_none_s3,invasion descendant,32,21 90 f8 31 c0 a3 4f 7a 2b 46 2b 4e c5 48 c2 c8 21 90 f8 31 c0 a3 4f 7a 2b 46 2b 4e c5 48 c2 c8,i8080,8160,8160,0.0,11111111111111111000000000000000,1.0,1.0,1.0,1.0,6,0,0.12943474264705881,0.5084099264705882,0.36215533088235297,3,0,0.11392463235294117,0.5007046568627451,0.38537071078431373,3,0,0.11299019607843137,0.5,0.38700980392156864,3,0,0.11299019607843137,0.5,0.38700980392156864,0.00625
A1_closer_pusher_s1,invasion descendant,32,00 21 50 15 31 40 04 02 58 2b 46 2b 4e c5 f2 08 00 21 50 15 31 40 04 02 58 2b 46 2b 4e c5 f2 08,i8080,8160,8160,0.0,11111111111111111000000000000000,1.0,1.0,1.0,1.0,4,0,0.11356464460784314,0.5262331495098039,0.36020220588235297,3,0,0.10354626225490196,0.5218290441176471,0.374624693627451,3,0,0.10337009803921568,0.5213465073529412,0.37528339460784316,3,0,0.10334712009803922,0.5213388480392157,0.3753140318627451,0.00535
A1_closer_pusher_s2,invasion descendant,32,21 90 bc 31 40 0b 19 62 2b 46 2b 4e c5 6d d2 08 21 90 bc 31 40 0b 19 62 2b 46 2b 4e c5 6d d2 08,i8080,8160,8160,0.0,11111111111111111000000000000000,1.0,1.0,1.0,1.0,5,0,0.132437193627451,0.5086550245098039,0.3589077818627451,5,0,0.12291666666666666,0.501171875,0.37591145833333334,5,0,0.12230392156862745,0.5000076593137255,0.37768841911764706,5,0,0.12230392156862745,0.5000076593137255,0.37768841911764706,0.00355
A1_closer_pusher_s3,invasion descendant,32,21 10 6f 31 40 f5 57 3c 2b 46 2b 4e c5 92 c2 48 21 10 6f 31 40 f5 57 3c 2b 46 2b 4e c5 92 c2 48,i8080,8160,8160,0.0,11111111111111111000000000000000,1.0,1.0,1.0,1.0,4,0,0.11505821078431372,0.5086933210784313,0.3762484681372549,4,0,0.10896139705882353,0.5006663602941176,0.39037224264705883,4,0,0.10845588235294118,0.5,0.3915441176470588,4,0,0.10845588235294118,0.5,0.3915441176470588,0.00425
A1_closer_pusher_s4,invasion descendant,32,21 d0 e9 31 00 8a 9a 67 2d 46 2b 4e c5 5f c2 48 21 d0 e9 31 00 8a 9a 67 2d 46 2b 4e c5 5f c2 48,i8080,8160,8160,0.0,11111111111111111000000000000000,1.0,1.0,1.0,1.0,6,0,0.1437576593137255,0.5097732843137255,0.34646905637254904,4,0,0.12329963235294118,0.5010569852941177,0.3756433823529412,4,0,0.12267156862745097,0.5,0.377328431372549,4,0,0.12267156862745097,0.5,0.377328431372549,0.00475
A1_closer_pusher_s5,invasion descendant,32,21 50 9f 31 c0 ca 1a 5d 2b 46 2b 4e c5 30 c2 08 21 50 9f 31 c0 ca 1a 5d 2b 46 2b 4e c5 30 c2 08,i8080,8160,8160,0.0,11111111111111111000000000000000,1.0,1.0,1.0,1.0,7,0,0.13897058823529412,0.5091835171568627,0.35184589460784316,5,0,0.12122395833333334,0.501156556372549,0.37761948529411765,5,0,0.11973039215686275,0.5,0.38026960784313724,5,0,0.11973039215686275,0.5,0.38026960784313724,0.005
A1_pusher_closer_s1,invasion descendant,32,21 d0 55 31 8a d4 dd f9 2d 46 2b 4e c5 0a c2 08 21 d0 55 31 8a d4 dd f9 2d 46 2b 4e c5 0a c2 08,i8080,8160,8160,0.0,11111111111111111000000000000000,1.0,1.0,1.0,1.0,6,0,0.12863051470588235,0.5092830882352941,0.3620863970588235,3,0,0.11283700980392157,0.5000229779411764,0.38714001225490197,3,0,0.11274509803921569,0.5000076593137255,0.38724724264705884,3,0,0.11274509803921569,0.5000076593137255,0.38724724264705884,0.00585
A1_pusher_closer_s2,invasion descendant,32,00 6d 70 31 00 ff 2e 50 2b 46 2b 4e c5 08 c2 08 00 6d 70 31 00 ff 2e 50 2b 46 2b 4e c5 08 c2 08,i8080,8160,8160,0.0,11111111111111111000000000000000,1.0,1.0,1.0,1.0,3,0,0.09512867647058823,0.5223881740196078,0.38248314950980394,2,0,0.08424479166666667,0.5205499387254902,0.39520526960784313,2,0,0.08340226715686275,0.5205193014705882,0.396078431372549,2,0,0.08330269607843137,0.5202512254901961,0.39644607843137253,0.0072
A1_pusher_closer_s3,invasion descendant,32,21 d0 0a 31 40 07 30 52 2b 46 2b 4e c5 3d c2 08 21 d0 0a 31 40 07 30 52 2b 46 2b 4e c5 3d c2 08,i8080,8160,8160,0.0,11111111111111111000000000000000,1.0,1.0,1.0,1.0,6,0,0.1418045343137255,0.5095281862745098,0.34866727941176473,4,0,0.12278645833333333,0.5006663602941176,0.376547181372549,4,0,0.1221813725490196,0.5000076593137255,0.3778109681372549,4,0,0.1221813725490196,0.5000076593137255,0.3778109681372549,0.0044
A1_pusher_closer_s4,invasion descendant,32,21 10 1b 31 40 ca 61 24 2b 46 2b 4e c5 c2 48 be 21 10 1b 31 40 ca 61 24 2b 46 2b 4e c5 c2 48 be,i8080,8160,8160,0.0,11111111111111110000000000000000,1.0,1.0,1.0,1.0,5,0,0.1521905637254902,0.5085401348039216,0.33926930147058826,5,0,0.14019607843137255,0.5016620710784314,0.3581418504901961,5,0,0.13848805147058824,0.5,0.36151194852941176,5,0,0.13848039215686275,0.5,0.36151960784313725,0.0059
A1_pusher_closer_s5,invasion descendant,32,d9 1e 40 31 40 8e 2e 10 2b 46 2b 4e c5 17 c2 08 d9 1e 40 31 40 8e 2e 10 2b 46 2b 4e c5 17 c2 08,i8080,8160,8160,0.0,11111111111111111000000000000000,1.0,1.0,1.0,1.0,4,0,0.12984068627450981,0.5050015318627451,0.3651577818627451,4,0,0.1179764093137255,0.503469669117647,0.37855392156862744,4,0,0.11722579656862746,0.5033318014705882,0.3794424019607843,4,0,0.1171875,0.5030867034313725,0.3797257965686274,0.00575
A2_ldir_closer_s1,invasion descendant,32,04 5e ed b0 04 5e ed b0 04 5e ed b0 04 5e ed b0 04 5e ed b0 04 5e ed b0 04 5e ed b0 04 5e ed b0,Z80,8160,8160,0.0,11110000000000000000000000000000,1.0,1.0,1.0,1.0,0,0,0.008287377450980392,0.8788756127450981,0.11283700980392157,0,0,0.002029718137254902,0.877719056372549,0.12025122549019608,0,0,0.00196078431372549,0.877405024509804,0.12063419117647059,0,0,0.00196078431372549,0.8773820465686275,0.12065716911764705,0.4268
A2_ldir_closer_s2,invasion descendant,32,04 5e ed b0 04 5e ed b0 04 5e ed b0 04 5e ed b0 04 5e ed b0 04 5e ed b0 04 5e ed b0 04 5e ed b0,Z80,8160,8160,0.0,11110000000000000000000000000000,1.0,1.0,1.0,1.0,0,0,0.008287377450980392,0.8788756127450981,0.11283700980392157,0,0,0.002029718137254902,0.877719056372549,0.12025122549019608,0,0,0.00196078431372549,0.877405024509804,0.12063419117647059,0,0,0.00196078431372549,0.8773820465686275,0.12065716911764705,0.6296
A2_ldir_closer_s3,invasion descendant,32,04 5e ed b0 04 5e ed b0 04 5e ed b0 04 5e ed b0 04 5e ed b0 04 5e ed b0 04 5e ed b0 04 5e ed b0,Z80,8160,8160,0.0,11110000000000000000000000000000,1.0,1.0,1.0,1.0,0,0,0.008287377450980392,0.8788756127450981,0.11283700980392157,0,0,0.002029718137254902,0.877719056372549,0.12025122549019608,0,0,0.00196078431372549,0.877405024509804,0.12063419117647059,0,0,0.00196078431372549,0.8773820465686275,0.12065716911764705,0.3613
