label,steps,k,n,t_rep_n,t_rep_frac,t_rep_lo,t_rep_hi,t_rep_km,t_faith_n,t_faith_frac,t_faith_lo,t_faith_hi,t_faith_km,tq_10_n,tq_10_frac,tq_10_lo,tq_10_hi,tq_10_km,periods,ldir_first,fisher_p_greater
call-rst-write,128,4,20,12,0.6,0.3865779423152061,0.7811960325858074,192000.0,12,0.6,0.3865779423152061,0.7811960325858074,192000.0,18,0.9,0.6989617935882066,0.9721341060158468,150.0,"3×8, 6×1, 9×3",10,0.0554847685137379
call-rst-write,512,4,20,14,0.7,0.4810232237710206,0.854524726031006,160500.0,14,0.7,0.4810232237710206,0.854524726031006,160500.0,12,0.6,0.3865779423152061,0.7811960325858074,161000.0,"3×10, 9×4",12,0.005193351099430319
none,32,4,20,4,0.2,0.0806563532712,0.41602172202575993,inf,4,0.2,0.0806563532712,0.41602172202575993,inf,20,1.0,0.8388698745050667,1.0,250.0,3×4,4,
none,128,4,20,6,0.3,0.14547527396899385,0.5189767762289793,inf,6,0.3,0.14547527396899385,0.5189767762289793,inf,20,1.0,0.8388698745050667,1.0,100.0,"3×5, 9×1",6,
none,128,6,20,3,0.15,0.05236779195949584,0.36042329588695743,inf,3,0.15,0.05236779195949584,0.36042329588695743,inf,20,1.0,0.8388698745050667,1.0,50.0,3×3,3,
none,512,4,20,5,0.25,0.11186005278940309,0.4687050099580636,inf,5,0.25,0.11186005278940309,0.4687050099580636,inf,15,0.75,0.5312949900419365,0.888139947210597,100.0,"3×4, 9×1",5,
push,128,4,20,11,0.55,0.3420820083075997,0.7418049791429071,226500.0,11,0.55,0.3420820083075997,0.7418049791429071,226500.0,10,0.5,0.2992949144298199,0.7007050855701801,287500.0,"3×9, 9×2",11,0.1001436364061503
push,512,4,20,8,0.4,0.21880396741419272,0.613422057684794,inf,8,0.4,0.21880396741419272,0.613422057684794,inf,8,0.4,0.21880396741419272,0.613422057684794,inf,3×8,8,0.25030170803252005
stack-read-only,128,4,20,8,0.4,0.21880396741419272,0.613422057684794,inf,8,0.4,0.21880396741419272,0.613422057684794,inf,20,1.0,0.8388698745050667,1.0,100.0,3×8,8,0.3705268115724178
stack-read-only,512,4,20,10,0.5,0.2992949144298199,0.7007050855701801,252000.0,10,0.5,0.2992949144298199,0.7007050855701801,252000.0,14,0.7,0.4810232237710206,0.854524726031006,200.0,"3×8, 9×2",9,0.09539628616380563
stack-write-only,128,4,20,12,0.6,0.3865779423152061,0.7811960325858074,138500.0,12,0.6,0.3865779423152061,0.7811960325858074,138500.0,9,0.45,0.25819502085709295,0.6579179916924003,inf,"3×11, 9×1",11,0.0554847685137379
stack-write-only,512,4,20,19,0.95,0.7638641064874331,0.9911187805671268,90000.0,19,0.95,0.7638641064874331,0.9911187805671268,90000.0,16,0.8,0.5839782779742401,0.9193436467288,91000.0,"3×16, 9×3",18,5.01057230756897e-06
stack-writes,128,4,20,12,0.6,0.3865779423152061,0.7811960325858074,152000.0,12,0.6,0.3865779423152061,0.7811960325858074,152000.0,11,0.55,0.3420820083075997,0.7418049791429071,210500.0,"3×9, 9×3",10,0.0554847685137379
stack-writes,512,4,20,18,0.9,0.6989617935882066,0.9721341060158468,82500.0,18,0.9,0.6989617935882066,0.9721341060158468,82500.0,16,0.8,0.5839782779742401,0.9193436467288,131000.0,"3×16, 9×2",18,3.430314887489526e-05
