ablation,steps,n,t_rep_n,t_rep_frac,t_rep_lo,t_rep_hi,t_rep_km,t_rep_km_ix,t_faith_n,t_faith_frac,t_faith_lo,t_faith_hi,t_faith_km,t_faith_km_ix,tiled_frac,div2L_tiled,period_median,whole_tape_n,final_faithful_n,final_rep_n,func_rnd_min,func_rnd_median,final_hoe_median
none,32,10,0,0.0,0.0,0.2775401687666166,inf,inf,0,0.0,0.0,0.2775401687666166,inf,inf,,,,0,0,0,0.0,0.0,0.5061603825291798
none,64,10,0,0.0,0.0,0.2775401687666166,inf,inf,0,0.0,0.0,0.2775401687666166,inf,inf,,,,0,0,6,0.0,0.9375,3.799858500508382
none,128,10,10,1.0,0.7224598312333834,1.0,1650.0,651.3114971346705,9,0.9,0.5958436145024278,0.9821242504842788,1650.0,651.3114971346705,0.9,1.0,2.0,0,5,9,0.8125,0.9375,2.8605186379197463
none,256,10,10,1.0,0.7224598312333834,1.0,450.0,177.63079512893984,10,1.0,0.7224598312333834,1.0,450.0,177.63079512893984,1.0,1.0,2.0,0,10,10,0.90625,0.96875,1.51337710896254
none,1024,10,10,1.0,0.7224598312333834,1.0,150.0,59.22238538681948,10,1.0,0.7224598312333834,1.0,150.0,59.22238538681948,1.0,1.0,2.0,0,10,10,0.75,0.921875,1.214021158734456
none,2048,10,10,1.0,0.7224598312333834,1.0,100.0,39.48905444126075,10,1.0,0.7224598312333834,1.0,100.0,39.48905444126075,1.0,1.0,2.0,0,10,10,0.40625,0.75,1.3201088746651002
stack-write-only,32,10,0,0.0,0.0,0.2775401687666166,inf,inf,0,0.0,0.0,0.2775401687666166,inf,inf,,,,0,0,0,0.0,0.0,-0.03761795537879915
stack-write-only,64,10,0,0.0,0.0,0.2775401687666166,inf,inf,0,0.0,0.0,0.2775401687666166,inf,inf,,,,0,0,6,0.0,0.75,4.55303243877078
stack-write-only,128,10,10,1.0,0.7224598312333834,1.0,2150.0,848.261246418338,1,0.1,0.01787574951572113,0.4041563854975721,inf,inf,1.0,1.0,15.0,0,0,9,0.21875,0.890625,5.502172132941483
stack-write-only,256,10,10,1.0,0.7224598312333834,1.0,7500.0,2959.2818767908307,10,1.0,0.7224598312333834,1.0,7500.0,2959.2818767908307,1.0,0.9,15.0,0,10,10,0.9375,1.0,3.55198294144794
stack-write-only,1024,10,10,1.0,0.7224598312333834,1.0,6500.0,2566.434670487106,10,1.0,0.7224598312333834,1.0,6500.0,2566.434670487106,1.0,1.0,8.0,0,10,10,0.9375,1.0,4.1945012317138906
stack-write-only,2048,10,10,1.0,0.7224598312333834,1.0,2950.0,1165.0395272206304,10,1.0,0.7224598312333834,1.0,2950.0,1165.0395272206304,0.9,1.0,22.5,0,10,10,0.96875,1.0,2.7058367451470544
