unit,L,steps,tiles_exactly,score,gen2,heritable,faithful,self_preserved_as_B,copy_offset
pusher 01 c5,3,32,False,0.07291666666666666,0.002604166666666667,False,False,0.7916666666666666,
pusher 01 c5,3,128,False,0.06770833333333333,0.002604166666666667,False,False,0.7916666666666666,
LDIR-3 1d ed b0,3,32,True,1.0,1.0,True,True,0.4322916666666667,0.0
LDIR-3 1d ed b0,3,128,True,1.0,1.0,True,True,0.4322916666666667,0.0
LDIR-4 04 5e ed b0,3,32,False,0.010416666666666666,0.005208333333333333,False,False,0.828125,
LDIR-4 04 5e ed b0,3,128,False,0.010416666666666666,0.005208333333333333,False,False,0.828125,
pusher 01 c5,4,32,True,0.7057291666666667,0.3984375,True,True,0.515625,0.0
pusher 01 c5,4,128,True,0.7057291666666667,0.390625,True,True,0.51171875,0.0
LDIR-3 1d ed b0,4,32,False,0.26041666666666663,0.0,False,False,0.4921875,0.0
LDIR-3 1d ed b0,4,128,False,0.25260416666666663,0.0,False,False,0.484375,2.0
LDIR-4 04 5e ed b0,4,32,True,1.0,1.0,True,True,0.56640625,0.0
LDIR-4 04 5e ed b0,4,128,True,1.0,1.0,True,True,0.56640625,0.0
pusher 01 c5,5,32,False,0.17109375,-0.00390625,False,False,0.5125,
pusher 01 c5,5,128,False,0.17109375,-0.0007812499999999998,False,False,0.5125,
LDIR-3 1d ed b0,5,32,False,1.0,1.0,True,True,0.584375,0.0
LDIR-3 1d ed b0,5,128,False,1.0,1.0,True,True,0.584375,0.0
LDIR-4 04 5e ed b0,5,32,False,0.38125,-0.0007812499999999998,False,False,0.55625,
LDIR-4 04 5e ed b0,5,128,False,0.38125,-0.0007812499999999998,False,False,0.553125,
pusher 01 c5,6,32,True,0.4432291666666667,0.04739583333333333,False,False,0.59375,0.0
pusher 01 c5,6,128,True,0.4067708333333333,0.0421875,False,False,0.5807291666666666,0.0
LDIR-3 1d ed b0,6,32,True,1.0,1.0,True,True,0.3020833333333333,0.0
LDIR-3 1d ed b0,6,128,True,1.0,1.0,True,True,0.3020833333333333,0.0
LDIR-4 04 5e ed b0,6,32,False,0.6572916666666666,0.0,False,False,0.5182291666666666,
LDIR-4 04 5e ed b0,6,128,False,0.6572916666666666,0.0,False,False,0.5130208333333334,
pusher 01 c5,7,32,False,0.5003720238095237,0.13020833333333331,False,False,0.46205357142857145,1.0
pusher 01 c5,7,128,False,0.41666666666666663,0.06510416666666666,False,False,0.46205357142857145,1.0
LDIR-3 1d ed b0,7,32,False,0.8541666666666665,0.0,False,False,0.35044642857142855,6.0
LDIR-3 1d ed b0,7,128,False,0.8541666666666665,0.0,False,False,0.33705357142857145,6.0
LDIR-4 04 5e ed b0,7,32,False,0.5591517857142856,0.5197916666666667,True,False,0.5625,
LDIR-4 04 5e ed b0,7,128,False,0.5591517857142856,0.40148809523809514,True,False,0.5580357142857143,
pusher 01 c5,8,32,True,0.8049665178571429,0.5290178571428572,True,True,0.697265625,0.0
pusher 01 c5,8,128,True,0.8016183035714286,0.5306919642857143,True,True,0.58203125,0.0
LDIR-3 1d ed b0,8,32,False,0.15541294642857142,0.005580357142857143,False,False,0.5,5.0
LDIR-3 1d ed b0,8,128,False,0.14732142857142858,0.007533482142857143,False,False,0.46875,
LDIR-4 04 5e ed b0,8,32,True,1.0,1.0,True,True,0.546875,0.0
LDIR-4 04 5e ed b0,8,128,True,1.0,1.0,True,True,0.5390625,0.0
pusher 01 c5,9,32,False,0.5223524305555556,0.2510850694444444,False,False,0.3732638888888889,1.0
pusher 01 c5,9,128,False,0.4871961805555555,0.31705729166666663,True,False,0.3333333333333333,1.0
LDIR-3 1d ed b0,9,32,True,1.0,1.0,True,True,0.3298611111111111,0.0
LDIR-3 1d ed b0,9,128,True,1.0,1.0,True,True,0.3003472222222222,0.0
LDIR-4 04 5e ed b0,9,32,False,0.8860677083333335,0.5451388888888888,True,True,0.5347222222222222,8.0
LDIR-4 04 5e ed b0,9,128,False,0.43033854166666674,0.003472222222222222,False,False,0.4513888888888889,
pusher 01 c5,10,32,True,0.6217013888888889,0.4197916666666667,True,False,0.646875,0.0
pusher 01 c5,10,128,True,0.6758680555555555,0.31406249999999997,True,True,0.4984375,0.0
LDIR-3 1d ed b0,10,32,False,0.47291666666666665,0.051041666666666666,False,False,0.5390625,
LDIR-3 1d ed b0,10,128,False,0.4541666666666667,0.04756944444444444,False,False,0.446875,4.0
LDIR-4 04 5e ed b0,10,32,False,0.7951388888888888,0.0,False,False,0.5453125,2.0
LDIR-4 04 5e ed b0,10,128,False,0.7951388888888888,0.0,False,False,0.490625,2.0
pusher 01 c5,12,32,True,0.7685842803030303,0.4602272727272727,True,True,0.6875,0.0
pusher 01 c5,12,128,True,0.5886600378787878,0.19957386363636365,False,False,0.5677083333333334,0.0
LDIR-3 1d ed b0,12,32,True,0.7478693181818182,0.32587594696969696,True,True,0.5260416666666666,0.0
LDIR-3 1d ed b0,12,128,True,0.4289772727272727,0.1426373106060606,False,False,0.4427083333333333,0.0
LDIR-4 04 5e ed b0,12,32,True,1.0,1.0,True,True,0.57421875,0.0
LDIR-4 04 5e ed b0,12,128,True,1.0,1.0,True,True,0.4375,0.0
pusher 01 c5,16,32,True,0.8001302083333334,0.5428385416666667,True,True,0.703125,0.0
pusher 01 c5,16,128,True,0.8215494791666667,0.5853515625,True,True,0.587890625,0.0
LDIR-3 1d ed b0,16,32,False,0.08528645833333333,0.004036458333333333,False,False,0.7587890625,
LDIR-3 1d ed b0,16,128,False,0.14785156249999998,0.0008463541666666667,False,False,0.4873046875,
LDIR-4 04 5e ed b0,16,32,True,1.0,1.0,True,True,0.7138671875,0.0
LDIR-4 04 5e ed b0,16,128,True,1.0,1.0,True,True,0.4619140625,0.0
pusher 01 c5,18,32,True,0.7423406862745099,0.44858047385620914,True,True,0.7335069444444444,0.0
pusher 01 c5,18,128,True,0.7043504901960784,0.42856413398692805,True,True,0.5512152777777778,0.0
LDIR-3 1d ed b0,18,32,True,0.8869357638888891,0.8887867647058825,True,True,0.7282986111111112,0.0
LDIR-3 1d ed b0,18,128,True,1.0,1.0,True,True,0.4097222222222222,0.0
LDIR-4 04 5e ed b0,18,32,False,0.8864251429738563,0.0,False,False,0.7751736111111112,16.0
LDIR-4 04 5e ed b0,18,128,False,0.8864251429738563,0.0,False,False,0.4939236111111111,2.0
pusher 01 c5,20,32,True,0.7984786184210526,0.5144919590643275,True,True,0.77265625,0.0
pusher 01 c5,20,128,True,0.769078947368421,0.45899579678362573,True,True,0.54453125,0.0
LDIR-3 1d ed b0,20,32,False,0.9490542763157896,0.9495476973684212,True,True,0.73203125,1.0
LDIR-3 1d ed b0,20,128,False,0.4395970394736842,0.0006167763157894739,False,False,0.4296875,
LDIR-4 04 5e ed b0,20,32,True,0.6944078947368422,0.6970394736842106,True,False,0.759375,0.0
LDIR-4 04 5e ed b0,20,128,True,1.0,1.0,True,True,0.51015625,0.0
pusher 01 c5,24,32,True,0.7723335597826086,0.4238847373188406,True,True,0.7552083333333334,0.0
pusher 01 c5,24,128,True,0.8541666666666667,0.599213088768116,True,True,0.544921875,0.0
LDIR-3 1d ed b0,24,32,True,0.915246212121212,0.9159873188405798,True,True,0.7897135416666666,0.0
LDIR-3 1d ed b0,24,128,True,1.0,1.0,True,True,0.4127604166666667,0.0
LDIR-4 04 5e ed b0,24,32,True,0.4054214015151515,0.41462862318840576,True,False,0.7942708333333334,
LDIR-4 04 5e ed b0,24,128,True,1.0,1.0,True,True,0.509765625,0.0
pusher 01 c5,25,32,False,0.7463992506587616,0.3712760416666667,True,True,0.673125,24.0
pusher 01 c5,25,128,False,0.8027392127799736,0.6128645833333334,True,True,0.374375,1.0
LDIR-3 1d ed b0,25,32,False,0.2295255887681159,0.23421874999999998,False,False,0.808125,
LDIR-3 1d ed b0,25,128,False,0.39016644021739133,0.394921875,True,False,0.398125,
LDIR-4 04 5e ed b0,25,32,False,0.3572780797101449,0.03833333333333334,False,False,0.75875,
LDIR-4 04 5e ed b0,25,128,False,0.6737137681159421,0.16510416666666666,False,False,0.43875,
pusher 01 c5,32,32,True,0.6625850554435484,0.25542044690860216,False,False,0.796875,0.0
pusher 01 c5,32,128,True,0.8941301243279569,0.7241137432795699,True,True,0.6201171875,0.0
LDIR-3 1d ed b0,32,32,False,0.027645119287634405,-0.0010395665322580645,False,False,0.89501953125,
LDIR-3 1d ed b0,32,128,False,0.07451801915322581,0.0008978074596774194,False,False,0.39892578125,
LDIR-4 04 5e ed b0,32,32,True,0.05141339045698924,0.003907300067204301,False,False,0.81494140625,
LDIR-4 04 5e ed b0,32,128,True,1.0,1.0,True,True,0.5439453125,0.0
pusher 01 c5,36,32,True,0.6162202380952381,0.18271256419234358,False,False,0.8511284722222222,0.0
pusher 01 c5,36,128,True,0.8255704365079366,0.6378771300186742,True,True,0.6688368055555556,0.0
LDIR-3 1d ed b0,36,32,True,0.8594297093837534,0.45345982142857144,True,True,0.7000868055555556,0.0
LDIR-3 1d ed b0,36,128,True,0.9156578256302522,0.8322916666666667,True,True,0.3624131944444444,0.0
LDIR-4 04 5e ed b0,36,32,True,0.04154192927170869,-0.00047123015873015874,False,False,0.8151041666666666,
LDIR-4 04 5e ed b0,36,128,True,1.0,1.0,True,True,0.5069444444444444,0.0
pusher 01 c5,49,32,False,0.4933958522123003,0.09013421691815024,False,False,0.7493622448979592,
pusher 01 c5,49,128,False,0.7684776352579654,0.5825159269159792,True,True,0.37276785714285715,1.0
LDIR-3 1d ed b0,49,32,False,0.631607490938096,0.08218107721812129,False,False,0.7975127551020408,
LDIR-3 1d ed b0,49,128,False,0.587344800388356,0.5260625859386309,True,False,0.37149234693877553,
LDIR-4 04 5e ed b0,49,32,False,0.010976681231003038,-0.0013159352836879432,False,False,0.875,
LDIR-4 04 5e ed b0,49,128,False,0.9379507537722536,0.0,False,False,0.5599489795918368,44.0
pusher 01 c5,50,32,True,0.4946162840136054,0.0960908269557823,False,False,0.889375,
pusher 01 c5,50,128,True,0.7484497236394557,0.5833070259353741,True,True,0.70875,0.0
LDIR-3 1d ed b0,50,32,False,0.6186933992346939,0.22178970025510206,False,False,0.80375,
LDIR-3 1d ed b0,50,128,False,0.6970849277210884,0.0,False,False,0.41625,
LDIR-4 04 5e ed b0,50,32,False,0.021517591411564625,-0.0003188775510204082,False,False,0.8871875,
LDIR-4 04 5e ed b0,50,128,False,0.9594743835034014,0.0,False,False,0.615625,2.0
pusher 01 c5,64,32,True,0.4978798643113159,0.07735270057283666,False,False,0.927001953125,
pusher 01 c5,64,128,True,0.7866380948380697,0.6202804479486687,True,True,0.744140625,0.0
LDIR-3 1d ed b0,64,32,False,0.012812326136413714,-0.000744047619047619,False,False,0.93212890625,
LDIR-3 1d ed b0,64,128,False,0.05739229810707885,-0.001488095238095238,False,False,0.665771484375,
LDIR-4 04 5e ed b0,64,32,True,0.007874378960253456,-0.0005040322580645161,False,False,0.89892578125,
LDIR-4 04 5e ed b0,64,128,True,1.0,1.0,True,True,0.6455078125,0.0
pusher 01 c5,81,32,False,0.39458049428546527,0.06000494837684975,False,False,0.8566743827160493,
pusher 01 c5,81,128,False,0.8583611180608148,0.7131267717048637,True,True,0.5310570987654321,80.0
LDIR-3 1d ed b0,81,32,True,0.3793539024840119,0.02602799265510236,False,False,0.8813657407407407,
LDIR-3 1d ed b0,81,128,True,0.8511213652110605,0.3047108801179872,True,True,0.5815972222222222,0.0
LDIR-4 04 5e ed b0,81,32,False,0.0007763053797468352,-0.0009839794303797469,False,False,0.9137731481481481,
LDIR-4 04 5e ed b0,81,128,False,0.603163972341682,0.49725945948585715,True,False,0.6358024691358025,
pusher 01 c5,100,32,True,0.3177824159967017,0.026867946042053188,False,False,0.95890625,
pusher 01 c5,100,128,True,0.8603166228612658,0.7182730447888309,True,True,0.83484375,0.0
LDIR-3 1d ed b0,100,32,False,0.014196620834369362,-0.0006361778153935739,False,False,0.96375,
LDIR-3 1d ed b0,100,128,False,0.7178148609490657,0.7484514614772807,True,False,0.69171875,
LDIR-4 04 5e ed b0,100,32,True,0.002506248711605855,-0.00047828411667697385,False,False,0.92609375,
LDIR-4 04 5e ed b0,100,128,True,0.29670074469181607,0.29587631522462154,False,False,0.709375,
