label,L,seed,which,pos,frac_herit,frac_faith,frac_trans,frac_both,n_vals,transmissible,byte
L16_s4001_first,16,4001,first,0,0.23921568627450981,0.13333333333333333,0.30196078431372547,0.1450980392156863,255,False,84
L16_s4001_first,16,4001,first,1,0.00392156862745098,0.0,0.23529411764705882,0.0,255,False,5e
L16_s4001_first,16,4001,first,2,0.01568627450980392,0.01568627450980392,0.07058823529411765,0.01568627450980392,255,False,ed
L16_s4001_first,16,4001,first,3,0.0,0.0,0.047058823529411764,0.0,255,False,b0
L16_s4001_first,16,4001,first,4,1.0,1.0,0.0,0.0,255,False,84
L16_s4001_first,16,4001,first,5,1.0,1.0,0.0,0.0,255,False,5e
L16_s4001_first,16,4001,first,6,1.0,1.0,0.0,0.0,255,False,ed
L16_s4001_first,16,4001,first,7,1.0,1.0,0.0,0.0,255,False,b0
L16_s4001_first,16,4001,first,8,1.0,1.0,0.0,0.0,255,False,84
L16_s4001_first,16,4001,first,9,1.0,1.0,0.0,0.0,255,False,5e
L16_s4001_first,16,4001,first,10,1.0,1.0,0.0,0.0,255,False,ed
L16_s4001_first,16,4001,first,11,1.0,1.0,0.0,0.0,255,False,b0
L16_s4001_first,16,4001,first,12,1.0,1.0,0.0,0.0,255,False,84
L16_s4001_first,16,4001,first,13,1.0,1.0,0.0,0.0,255,False,5e
L16_s4001_first,16,4001,first,14,1.0,1.0,0.0,0.0,255,False,ed
L16_s4001_first,16,4001,first,15,1.0,1.0,0.0,0.0,255,False,b0
L16_s4001_final,16,4001,final,0,0.21568627450980393,0.12549019607843137,0.2901960784313726,0.1411764705882353,255,False,44
L16_s4001_final,16,4001,final,1,0.00784313725490196,0.0,0.23921568627450981,0.00392156862745098,255,False,5e
L16_s4001_final,16,4001,final,2,0.00784313725490196,0.00784313725490196,0.08627450980392157,0.00784313725490196,255,False,ed
L16_s4001_final,16,4001,final,3,0.0,0.0,0.03137254901960784,0.0,255,False,b0
L16_s4001_final,16,4001,final,4,1.0,1.0,0.0,0.0,255,False,44
L16_s4001_final,16,4001,final,5,1.0,1.0,0.0,0.0,255,False,5e
L16_s4001_final,16,4001,final,6,1.0,1.0,0.0,0.0,255,False,ed
L16_s4001_final,16,4001,final,7,1.0,1.0,0.0,0.0,255,False,b0
L16_s4001_final,16,4001,final,8,1.0,1.0,0.0,0.0,255,False,44
L16_s4001_final,16,4001,final,9,1.0,1.0,0.0,0.0,255,False,5e
L16_s4001_final,16,4001,final,10,1.0,1.0,0.0,0.0,255,False,ed
L16_s4001_final,16,4001,final,11,1.0,1.0,0.0,0.0,255,False,b0
L16_s4001_final,16,4001,final,12,1.0,1.0,0.0,0.0,255,False,44
L16_s4001_final,16,4001,final,13,1.0,1.0,0.0,0.0,255,False,5e
L16_s4001_final,16,4001,final,14,1.0,1.0,0.0,0.0,255,False,ed
L16_s4001_final,16,4001,final,15,1.0,1.0,0.0,0.0,255,False,b0
L16_s4002_first,16,4002,first,0,0.12156862745098039,0.06666666666666667,0.1568627450980392,0.0392156862745098,255,False,a8
L16_s4002_first,16,4002,first,1,0.0,0.0,0.06666666666666667,0.0,255,False,6e
L16_s4002_first,16,4002,first,2,0.0196078431372549,0.0196078431372549,0.10588235294117647,0.0,255,False,eb
L16_s4002_first,16,4002,first,3,0.611764705882353,0.6078431372549019,0.7098039215686275,0.6078431372549019,255,True,a0
L16_s4002_first,16,4002,first,4,0.0,0.0,0.0,0.0,255,False,ed
L16_s4002_first,16,4002,first,5,0.0,0.0,0.0,0.0,255,False,b0
L16_s4002_first,16,4002,first,6,1.0,1.0,1.0,1.0,255,True,28
L16_s4002_first,16,4002,first,7,1.0,1.0,1.0,1.0,255,True,56
L16_s4002_first,16,4002,first,8,1.0,1.0,0.0,0.0,255,False,a8
L16_s4002_first,16,4002,first,9,1.0,1.0,0.0,0.0,255,False,6e
L16_s4002_first,16,4002,first,10,1.0,1.0,0.0,0.0,255,False,eb
L16_s4002_first,16,4002,first,11,1.0,1.0,0.0,0.0,255,False,a0
L16_s4002_first,16,4002,first,12,1.0,1.0,0.0,0.0,255,False,ed
L16_s4002_first,16,4002,first,13,1.0,1.0,0.0,0.0,255,False,b0
L16_s4002_first,16,4002,first,14,1.0,1.0,0.0,0.0,255,False,28
L16_s4002_first,16,4002,first,15,1.0,1.0,0.0,0.0,255,False,56
L16_s4002_final,16,4002,final,0,0.08627450980392157,0.03529411764705882,0.11764705882352941,0.03529411764705882,255,False,c8
L16_s4002_final,16,4002,final,1,0.00392156862745098,0.0,0.10980392156862745,0.0,255,False,6e
L16_s4002_final,16,4002,final,2,0.0,0.0,0.23529411764705882,0.0,255,False,eb
L16_s4002_final,16,4002,final,3,0.011764705882352941,0.00392156862745098,0.00784313725490196,0.0,255,False,ed
L16_s4002_final,16,4002,final,4,0.01568627450980392,0.0,0.0,0.0,255,False,b0
L16_s4002_final,16,4002,final,5,1.0,1.0,1.0,1.0,255,True,ee
L16_s4002_final,16,4002,final,6,1.0,1.0,1.0,1.0,255,True,b6
L16_s4002_final,16,4002,final,7,1.0,1.0,1.0,1.0,255,True,4e
L16_s4002_final,16,4002,final,8,1.0,1.0,0.0,0.0,255,False,c8
L16_s4002_final,16,4002,final,9,1.0,1.0,0.0,0.0,255,False,6e
L16_s4002_final,16,4002,final,10,1.0,1.0,0.0,0.0,255,False,eb
L16_s4002_final,16,4002,final,11,1.0,1.0,0.0,0.0,255,False,ed
L16_s4002_final,16,4002,final,12,1.0,1.0,0.0,0.0,255,False,b0
L16_s4002_final,16,4002,final,13,1.0,1.0,0.0,0.0,255,False,ee
L16_s4002_final,16,4002,final,14,1.0,1.0,0.0,0.0,255,False,b6
L16_s4002_final,16,4002,final,15,1.0,1.0,0.0,0.0,255,False,4e
L16_s4003_first,16,4003,first,0,0.0,0.0,0.09803921568627451,0.0,255,False,31
L16_s4003_first,16,4003,first,1,0.21568627450980393,0.15294117647058825,0.7490196078431373,0.15294117647058825,255,False,a4
L16_s4003_first,16,4003,first,2,1.0,1.0,1.0,1.0,255,True,02
L16_s4003_first,16,4003,first,3,0.00784313725490196,0.00784313725490196,0.1411764705882353,0.00784313725490196,255,False,d1
L16_s4003_first,16,4003,first,4,0.08627450980392157,0.058823529411764705,0.3137254901960784,0.058823529411764705,255,False,e8
L16_s4003_first,16,4003,first,5,0.5803921568627451,0.5764705882352941,0.803921568627451,0.5764705882352941,255,True,9e
L16_s4003_first,16,4003,first,6,0.0,0.0,0.07450980392156863,0.0,255,False,ed
L16_s4003_first,16,4003,first,7,0.0,0.0,0.00392156862745098,0.0,255,False,b0
L16_s4003_first,16,4003,first,8,1.0,1.0,0.0,0.0,255,False,31
L16_s4003_first,16,4003,first,9,1.0,1.0,0.0,0.0,255,False,a4
L16_s4003_first,16,4003,first,10,1.0,1.0,0.0,0.0,255,False,02
L16_s4003_first,16,4003,first,11,1.0,1.0,0.0,0.0,255,False,d1
L16_s4003_first,16,4003,first,12,1.0,1.0,0.0,0.0,255,False,e8
L16_s4003_first,16,4003,first,13,1.0,1.0,0.0,0.0,255,False,9e
L16_s4003_first,16,4003,first,14,1.0,1.0,0.0,0.0,255,False,ed
L16_s4003_first,16,4003,first,15,1.0,1.0,0.0,0.0,255,False,b0
L16_s4003_final,16,4003,final,0,0.0,0.0,0.8274509803921568,0.0,255,False,11
L16_s4003_final,16,4003,final,1,0.10980392156862745,0.10980392156862745,0.2823529411764706,0.10980392156862745,255,False,48
L16_s4003_final,16,4003,final,2,1.0,1.0,1.0,1.0,255,True,da
L16_s4003_final,16,4003,final,3,0.0,0.0,0.01568627450980392,0.0,255,False,ed
L16_s4003_final,16,4003,final,4,0.0,0.0,0.0,0.0,255,False,b0
L16_s4003_final,16,4003,final,5,1.0,1.0,1.0,1.0,255,True,44
L16_s4003_final,16,4003,final,6,1.0,1.0,1.0,1.0,255,True,c8
L16_s4003_final,16,4003,final,7,1.0,1.0,1.0,1.0,255,True,11
L16_s4003_final,16,4003,final,8,1.0,1.0,0.0,0.0,255,False,11
L16_s4003_final,16,4003,final,9,1.0,1.0,0.0,0.0,255,False,48
L16_s4003_final,16,4003,final,10,1.0,1.0,0.0,0.0,255,False,da
L16_s4003_final,16,4003,final,11,1.0,1.0,0.0,0.0,255,False,ed
L16_s4003_final,16,4003,final,12,1.0,1.0,0.0,0.0,255,False,b0
L16_s4003_final,16,4003,final,13,1.0,1.0,0.0,0.0,255,False,44
L16_s4003_final,16,4003,final,14,1.0,1.0,0.0,0.0,255,False,c8
L16_s4003_final,16,4003,final,15,1.0,1.0,0.0,0.0,255,False,11
L16_s4004_first,16,4004,first,0,0.2196078431372549,0.12549019607843137,0.26666666666666666,0.13333333333333333,255,False,a4
L16_s4004_first,16,4004,first,1,0.00392156862745098,0.0,0.23921568627450981,0.00392156862745098,255,False,5e
L16_s4004_first,16,4004,first,2,0.00392156862745098,0.00392156862745098,0.06274509803921569,0.00392156862745098,255,False,ed
L16_s4004_first,16,4004,first,3,0.0,0.0,0.023529411764705882,0.0,255,False,b0
L16_s4004_first,16,4004,first,4,1.0,1.0,0.0,0.0,255,False,a4
L16_s4004_first,16,4004,first,5,1.0,1.0,0.0,0.0,255,False,5e
L16_s4004_first,16,4004,first,6,1.0,1.0,0.0,0.0,255,False,ed
L16_s4004_first,16,4004,first,7,1.0,1.0,0.0,0.0,255,False,b0
L16_s4004_first,16,4004,first,8,1.0,1.0,0.0,0.0,255,False,a4
L16_s4004_first,16,4004,first,9,1.0,1.0,0.0,0.0,255,False,5e
L16_s4004_first,16,4004,first,10,1.0,1.0,0.0,0.0,255,False,ed
L16_s4004_first,16,4004,first,11,1.0,1.0,0.0,0.0,255,False,b0
L16_s4004_first,16,4004,first,12,1.0,1.0,0.0,0.0,255,False,a4
L16_s4004_first,16,4004,first,13,1.0,1.0,0.0,0.0,255,False,5e
L16_s4004_first,16,4004,first,14,1.0,1.0,0.0,0.0,255,False,ed
L16_s4004_first,16,4004,first,15,1.0,1.0,0.0,0.0,255,False,b0
L16_s4004_final,16,4004,final,0,0.2196078431372549,0.1411764705882353,0.2549019607843137,0.13725490196078433,255,False,a4
L16_s4004_final,16,4004,final,1,0.00392156862745098,0.0,0.23921568627450981,0.0,255,False,5e
L16_s4004_final,16,4004,final,2,0.00392156862745098,0.00392156862745098,0.07058823529411765,0.00392156862745098,255,False,ed
L16_s4004_final,16,4004,final,3,0.0,0.0,0.027450980392156862,0.0,255,False,b0
L16_s4004_final,16,4004,final,4,1.0,1.0,0.0,0.0,255,False,a4
L16_s4004_final,16,4004,final,5,1.0,1.0,0.0,0.0,255,False,5e
L16_s4004_final,16,4004,final,6,1.0,1.0,0.0,0.0,255,False,ed
L16_s4004_final,16,4004,final,7,1.0,1.0,0.0,0.0,255,False,b0
L16_s4004_final,16,4004,final,8,1.0,1.0,0.0,0.0,255,False,a4
L16_s4004_final,16,4004,final,9,1.0,1.0,0.0,0.0,255,False,5e
L16_s4004_final,16,4004,final,10,1.0,1.0,0.0,0.0,255,False,ed
L16_s4004_final,16,4004,final,11,1.0,1.0,0.0,0.0,255,False,b0
L16_s4004_final,16,4004,final,12,1.0,1.0,0.0,0.0,255,False,a4
L16_s4004_final,16,4004,final,13,1.0,1.0,0.0,0.0,255,False,5e
L16_s4004_final,16,4004,final,14,1.0,1.0,0.0,0.0,255,False,ed
L16_s4004_final,16,4004,final,15,1.0,1.0,0.0,0.0,255,False,b0
L16_s4005_first,16,4005,first,0,0.6705882352941176,0.6705882352941176,0.7490196078431373,0.6627450980392157,255,True,b7
L16_s4005_first,16,4005,first,1,0.0,0.0,0.08235294117647059,0.0,255,False,11
L16_s4005_first,16,4005,first,2,0.058823529411764705,0.058823529411764705,0.24705882352941178,0.058823529411764705,255,False,88
L16_s4005_first,16,4005,first,3,1.0,1.0,1.0,1.0,255,True,d9
L16_s4005_first,16,4005,first,4,0.6431372549019608,0.6431372549019608,0.8705882352941177,0.6431372549019608,255,True,69
L16_s4005_first,16,4005,first,5,0.0,0.0,0.0,0.0,255,False,ed
L16_s4005_first,16,4005,first,6,0.0,0.0,0.03137254901960784,0.0,255,False,b0
L16_s4005_first,16,4005,first,7,1.0,1.0,1.0,1.0,255,True,a0
L16_s4005_first,16,4005,first,8,1.0,1.0,0.0,0.0,255,False,b7
L16_s4005_first,16,4005,first,9,1.0,1.0,0.0,0.0,255,False,11
L16_s4005_first,16,4005,first,10,1.0,1.0,0.0,0.0,255,False,88
L16_s4005_first,16,4005,first,11,1.0,1.0,0.0,0.0,255,False,d9
L16_s4005_first,16,4005,first,12,1.0,1.0,0.0,0.0,255,False,69
L16_s4005_first,16,4005,first,13,1.0,1.0,0.0,0.0,255,False,ed
L16_s4005_first,16,4005,first,14,1.0,1.0,0.0,0.0,255,False,b0
L16_s4005_first,16,4005,first,15,1.0,1.0,0.0,0.0,255,False,a0
L16_s4005_final,16,4005,final,0,0.0,0.0,0.22745098039215686,0.0,255,False,11
L16_s4005_final,16,4005,final,1,0.06274509803921569,0.06274509803921569,0.18823529411764706,0.06274509803921569,255,False,e8
L16_s4005_final,16,4005,final,2,1.0,1.0,1.0,1.0,255,True,da
L16_s4005_final,16,4005,final,3,0.0,0.0,0.0,0.0,255,False,ed
L16_s4005_final,16,4005,final,4,0.0,0.0,0.0,0.0,255,False,b0
L16_s4005_final,16,4005,final,5,1.0,1.0,1.0,1.0,255,True,58
L16_s4005_final,16,4005,final,6,1.0,1.0,1.0,1.0,255,True,6e
L16_s4005_final,16,4005,final,7,1.0,1.0,1.0,1.0,255,True,9b
L16_s4005_final,16,4005,final,8,1.0,1.0,0.0,0.0,255,False,11
L16_s4005_final,16,4005,final,9,1.0,1.0,0.0,0.0,255,False,e8
L16_s4005_final,16,4005,final,10,1.0,1.0,0.0,0.0,255,False,da
L16_s4005_final,16,4005,final,11,1.0,1.0,0.0,0.0,255,False,ed
L16_s4005_final,16,4005,final,12,1.0,1.0,0.0,0.0,255,False,b0
L16_s4005_final,16,4005,final,13,1.0,1.0,0.0,0.0,255,False,58
L16_s4005_final,16,4005,final,14,1.0,1.0,0.0,0.0,255,False,6e
L16_s4005_final,16,4005,final,15,1.0,1.0,0.0,0.0,255,False,9b
L16_s4006_first,16,4006,first,0,0.00392156862745098,0.00392156862745098,0.08235294117647059,0.00392156862745098,255,False,11
L16_s4006_first,16,4006,first,1,0.07450980392156863,0.058823529411764705,0.15294117647058825,0.058823529411764705,255,False,68
L16_s4006_first,16,4006,first,2,1.0,1.0,1.0,1.0,255,True,4f
L16_s4006_first,16,4006,first,3,0.0,0.0,0.0,0.0,255,False,ed
L16_s4006_first,16,4006,first,4,0.0,0.0,0.00784313725490196,0.0,255,False,b0
L16_s4006_first,16,4006,first,5,1.0,1.0,1.0,1.0,255,True,9b
L16_s4006_first,16,4006,first,6,1.0,1.0,1.0,1.0,255,True,11
L16_s4006_first,16,4006,first,7,1.0,1.0,1.0,1.0,255,True,dc
L16_s4006_first,16,4006,first,8,1.0,1.0,0.0,0.0,255,False,11
L16_s4006_first,16,4006,first,9,1.0,1.0,0.0,0.0,255,False,68
L16_s4006_first,16,4006,first,10,1.0,1.0,0.0,0.0,255,False,4f
L16_s4006_first,16,4006,first,11,1.0,1.0,0.0,0.0,255,False,ed
L16_s4006_first,16,4006,first,12,1.0,1.0,0.0,0.0,255,False,b0
L16_s4006_first,16,4006,first,13,1.0,1.0,0.0,0.0,255,False,9b
L16_s4006_first,16,4006,first,14,1.0,1.0,0.0,0.0,255,False,11
L16_s4006_first,16,4006,first,15,1.0,1.0,0.0,0.0,255,False,dc
L16_s4006_final,16,4006,final,0,0.00392156862745098,0.00392156862745098,0.3058823529411765,0.00392156862745098,255,False,11
L16_s4006_final,16,4006,final,1,0.09019607843137255,0.058823529411764705,0.12549019607843137,0.058823529411764705,255,False,c8
L16_s4006_final,16,4006,final,2,1.0,1.0,1.0,1.0,255,True,b7
L16_s4006_final,16,4006,final,3,0.0,0.0,0.0196078431372549,0.0,255,False,ed
L16_s4006_final,16,4006,final,4,0.0,0.0,0.0,0.0,255,False,b0
L16_s4006_final,16,4006,final,5,1.0,1.0,1.0,1.0,255,True,4a
L16_s4006_final,16,4006,final,6,1.0,1.0,1.0,1.0,255,True,0c
L16_s4006_final,16,4006,final,7,1.0,1.0,1.0,1.0,255,True,77
L16_s4006_final,16,4006,final,8,1.0,1.0,0.0,0.0,255,False,11
L16_s4006_final,16,4006,final,9,1.0,1.0,0.0,0.0,255,False,c8
L16_s4006_final,16,4006,final,10,1.0,1.0,0.0,0.0,255,False,b7
L16_s4006_final,16,4006,final,11,1.0,1.0,0.0,0.0,255,False,ed
L16_s4006_final,16,4006,final,12,1.0,1.0,0.0,0.0,255,False,b0
L16_s4006_final,16,4006,final,13,1.0,1.0,0.0,0.0,255,False,4a
L16_s4006_final,16,4006,final,14,1.0,1.0,0.0,0.0,255,False,0c
L16_s4006_final,16,4006,final,15,1.0,1.0,0.0,0.0,255,False,77
L16_s4007_first,16,4007,first,0,0.7058823529411765,0.6705882352941176,0.00392156862745098,0.0,255,False,b8
L16_s4007_first,16,4007,first,1,0.00392156862745098,0.00392156862745098,0.2784313725490196,0.00392156862745098,255,False,2e
L16_s4007_first,16,4007,first,2,0.1803921568627451,0.058823529411764705,0.2549019607843137,0.058823529411764705,255,False,c8
L16_s4007_first,16,4007,first,3,0.7607843137254902,0.7411764705882353,0.8470588235294118,0.7411764705882353,255,True,d8
L16_s4007_first,16,4007,first,4,0.7215686274509804,0.7176470588235294,0.8352941176470589,0.7176470588235294,255,True,9f
L16_s4007_first,16,4007,first,5,0.6745098039215687,0.6705882352941176,0.792156862745098,0.6705882352941176,255,True,5b
L16_s4007_first,16,4007,first,6,0.6039215686274509,0.6,0.6431372549019608,0.6,255,True,37
L16_s4007_first,16,4007,first,7,0.0,0.0,0.00392156862745098,0.0,255,False,ed
L16_s4007_first,16,4007,first,8,0.0,0.0,0.0,0.0,255,False,b8
L16_s4007_first,16,4007,first,9,1.0,1.0,0.0,0.0,255,False,2e
L16_s4007_first,16,4007,first,10,1.0,1.0,0.0,0.0,255,False,c8
L16_s4007_first,16,4007,first,11,1.0,1.0,0.0,0.0,255,False,d8
L16_s4007_first,16,4007,first,12,1.0,1.0,0.0,0.0,255,False,9f
L16_s4007_first,16,4007,first,13,1.0,1.0,0.0,0.0,255,False,5b
L16_s4007_first,16,4007,first,14,1.0,1.0,0.0,0.0,255,False,37
L16_s4007_first,16,4007,first,15,1.0,1.0,0.0,0.0,255,False,ed
L16_s4007_final,16,4007,final,0,0.21176470588235294,0.12549019607843137,0.2980392156862745,0.13725490196078433,255,False,04
L16_s4007_final,16,4007,final,1,0.00392156862745098,0.0,0.2235294117647059,0.00392156862745098,255,False,5e
L16_s4007_final,16,4007,final,2,0.00392156862745098,0.00392156862745098,0.06666666666666667,0.00392156862745098,255,False,ed
L16_s4007_final,16,4007,final,3,0.0,0.0,0.0392156862745098,0.0,255,False,b0
L16_s4007_final,16,4007,final,4,1.0,1.0,0.0,0.0,255,False,04
L16_s4007_final,16,4007,final,5,1.0,1.0,0.0,0.0,255,False,5e
L16_s4007_final,16,4007,final,6,1.0,1.0,0.0,0.0,255,False,ed
L16_s4007_final,16,4007,final,7,1.0,1.0,0.0,0.0,255,False,b0
L16_s4007_final,16,4007,final,8,1.0,1.0,0.0,0.0,255,False,04
L16_s4007_final,16,4007,final,9,1.0,1.0,0.0,0.0,255,False,5e
L16_s4007_final,16,4007,final,10,1.0,1.0,0.0,0.0,255,False,ed
L16_s4007_final,16,4007,final,11,1.0,1.0,0.0,0.0,255,False,b0
L16_s4007_final,16,4007,final,12,1.0,1.0,0.0,0.0,255,False,04
L16_s4007_final,16,4007,final,13,1.0,1.0,0.0,0.0,255,False,5e
L16_s4007_final,16,4007,final,14,1.0,1.0,0.0,0.0,255,False,ed
L16_s4007_final,16,4007,final,15,1.0,1.0,0.0,0.0,255,False,b0
L16_s4008_first,16,4008,first,0,0.21568627450980393,0.12549019607843137,0.2901960784313726,0.1411764705882353,255,False,44
L16_s4008_first,16,4008,first,1,0.00784313725490196,0.0,0.23921568627450981,0.00392156862745098,255,False,5e
L16_s4008_first,16,4008,first,2,0.00784313725490196,0.00784313725490196,0.08627450980392157,0.00784313725490196,255,False,ed
L16_s4008_first,16,4008,first,3,0.0,0.0,0.03137254901960784,0.0,255,False,b0
L16_s4008_first,16,4008,first,4,1.0,1.0,0.0,0.0,255,False,44
L16_s4008_first,16,4008,first,5,1.0,1.0,0.0,0.0,255,False,5e
L16_s4008_first,16,4008,first,6,1.0,1.0,0.0,0.0,255,False,ed
L16_s4008_first,16,4008,first,7,1.0,1.0,0.0,0.0,255,False,b0
L16_s4008_first,16,4008,first,8,1.0,1.0,0.0,0.0,255,False,44
L16_s4008_first,16,4008,first,9,1.0,1.0,0.0,0.0,255,False,5e
L16_s4008_first,16,4008,first,10,1.0,1.0,0.0,0.0,255,False,ed
L16_s4008_first,16,4008,first,11,1.0,1.0,0.0,0.0,255,False,b0
L16_s4008_first,16,4008,first,12,1.0,1.0,0.0,0.0,255,False,44
L16_s4008_first,16,4008,first,13,1.0,1.0,0.0,0.0,255,False,5e
L16_s4008_first,16,4008,first,14,1.0,1.0,0.0,0.0,255,False,ed
L16_s4008_first,16,4008,first,15,1.0,1.0,0.0,0.0,255,False,b0
L16_s4008_final,16,4008,final,0,0.2196078431372549,0.12549019607843137,0.3137254901960784,0.14901960784313725,255,False,64
L16_s4008_final,16,4008,final,1,0.00392156862745098,0.0,0.23137254901960785,0.00392156862745098,255,False,5e
L16_s4008_final,16,4008,final,2,0.00784313725490196,0.00784313725490196,0.09803921568627451,0.00784313725490196,255,False,ed
L16_s4008_final,16,4008,final,3,0.0,0.0,0.043137254901960784,0.0,255,False,b0
L16_s4008_final,16,4008,final,4,1.0,1.0,0.0,0.0,255,False,64
L16_s4008_final,16,4008,final,5,1.0,1.0,0.0,0.0,255,False,5e
L16_s4008_final,16,4008,final,6,1.0,1.0,0.0,0.0,255,False,ed
L16_s4008_final,16,4008,final,7,1.0,1.0,0.0,0.0,255,False,b0
L16_s4008_final,16,4008,final,8,1.0,1.0,0.0,0.0,255,False,64
L16_s4008_final,16,4008,final,9,1.0,1.0,0.0,0.0,255,False,5e
L16_s4008_final,16,4008,final,10,1.0,1.0,0.0,0.0,255,False,ed
L16_s4008_final,16,4008,final,11,1.0,1.0,0.0,0.0,255,False,b0
L16_s4008_final,16,4008,final,12,1.0,1.0,0.0,0.0,255,False,64
L16_s4008_final,16,4008,final,13,1.0,1.0,0.0,0.0,255,False,5e
L16_s4008_final,16,4008,final,14,1.0,1.0,0.0,0.0,255,False,ed
L16_s4008_final,16,4008,final,15,1.0,1.0,0.0,0.0,255,False,b0
L16_s4009_first,16,4009,first,0,0.7607843137254902,0.7058823529411765,0.0,0.0,255,False,b8
L16_s4009_first,16,4009,first,1,0.0,0.0,0.1450980392156863,0.0,255,False,2e
L16_s4009_first,16,4009,first,2,0.3411764705882353,0.17647058823529413,0.36470588235294116,0.19607843137254902,255,False,84
L16_s4009_first,16,4009,first,3,0.00392156862745098,0.0,0.8705882352941177,0.00392156862745098,255,False,ed
L16_s4009_first,16,4009,first,4,0.00392156862745098,0.00392156862745098,0.9333333333333333,0.0,255,False,b8
L16_s4009_first,16,4009,first,5,1.0,1.0,0.0,0.0,255,False,2e
L16_s4009_first,16,4009,first,6,1.0,1.0,0.0,0.0,255,False,84
L16_s4009_first,16,4009,first,7,1.0,1.0,0.0,0.0,255,False,ed
L16_s4009_first,16,4009,first,8,1.0,1.0,0.0,0.0,255,False,b8
L16_s4009_first,16,4009,first,9,1.0,1.0,0.0,0.0,255,False,2e
L16_s4009_first,16,4009,first,10,1.0,1.0,0.0,0.0,255,False,84
L16_s4009_first,16,4009,first,11,1.0,1.0,0.0,0.0,255,False,ed
L16_s4009_first,16,4009,first,12,1.0,1.0,0.0,0.0,255,False,b8
L16_s4009_first,16,4009,first,13,1.0,1.0,0.0,0.0,255,False,2e
L16_s4009_first,16,4009,first,14,1.0,1.0,0.0,0.0,255,False,84
L16_s4009_first,16,4009,first,15,1.0,1.0,0.0,0.0,255,False,ed
L16_s4009_final,16,4009,final,0,0.00392156862745098,0.00392156862745098,0.00392156862745098,0.00392156862745098,255,False,1d
L16_s4009_final,16,4009,final,1,0.0,0.0,0.023529411764705882,0.0,255,False,2e
L16_s4009_final,16,4009,final,2,0.027450980392156862,0.027450980392156862,0.12156862745098039,0.027450980392156862,255,False,0f
L16_s4009_final,16,4009,final,3,0.03529411764705882,0.03529411764705882,0.11764705882352941,0.03529411764705882,255,False,c3
L16_s4009_final,16,4009,final,4,0.027450980392156862,0.027450980392156862,0.18823529411764706,0.027450980392156862,255,False,eb
L16_s4009_final,16,4009,final,5,1.0,1.0,1.0,1.0,255,True,1d
L16_s4009_final,16,4009,final,6,1.0,1.0,1.0,1.0,255,True,74
L16_s4009_final,16,4009,final,7,1.0,1.0,1.0,1.0,255,True,5b
L16_s4009_final,16,4009,final,8,1.0,1.0,1.0,1.0,255,True,70
L16_s4009_final,16,4009,final,9,1.0,1.0,1.0,1.0,255,True,a0
L16_s4009_final,16,4009,final,10,1.0,1.0,1.0,1.0,255,True,28
L16_s4009_final,16,4009,final,11,0.0,0.0,0.0,0.0,255,False,ed
L16_s4009_final,16,4009,final,12,0.0,0.0,0.0,0.0,255,False,b8
L16_s4009_final,16,4009,final,13,1.0,1.0,1.0,1.0,255,True,7f
L16_s4009_final,16,4009,final,14,1.0,1.0,1.0,1.0,255,True,8d
L16_s4009_final,16,4009,final,15,1.0,1.0,1.0,1.0,255,True,1c
L16_s4010_first,16,4010,first,0,0.10196078431372549,0.043137254901960784,0.1411764705882353,0.03529411764705882,255,False,48
L16_s4010_first,16,4010,first,1,0.11372549019607843,0.11372549019607843,0.8392156862745098,0.11372549019607843,255,False,16
L16_s4010_first,16,4010,first,2,1.0,1.0,1.0,1.0,255,True,d0
L16_s4010_first,16,4010,first,3,0.00392156862745098,0.00392156862745098,0.09803921568627451,0.00392156862745098,255,False,5e
L16_s4010_first,16,4010,first,4,0.6705882352941176,0.6705882352941176,0.8705882352941177,0.6705882352941176,255,True,7a
L16_s4010_first,16,4010,first,5,0.6039215686274509,0.6039215686274509,0.8862745098039215,0.6039215686274509,255,True,7b
L16_s4010_first,16,4010,first,6,0.00392156862745098,0.00392156862745098,0.0392156862745098,0.00392156862745098,255,False,ed
L16_s4010_first,16,4010,first,7,0.0,0.0,0.0392156862745098,0.0,255,False,b0
L16_s4010_first,16,4010,first,8,1.0,1.0,0.0,0.0,255,False,48
L16_s4010_first,16,4010,first,9,1.0,1.0,0.0,0.0,255,False,16
L16_s4010_first,16,4010,first,10,1.0,1.0,0.0,0.0,255,False,d0
L16_s4010_first,16,4010,first,11,1.0,1.0,0.0,0.0,255,False,5e
L16_s4010_first,16,4010,first,12,1.0,1.0,0.0,0.0,255,False,7a
L16_s4010_first,16,4010,first,13,1.0,1.0,0.0,0.0,255,False,7b
L16_s4010_first,16,4010,first,14,1.0,1.0,0.0,0.0,255,False,ed
L16_s4010_first,16,4010,first,15,1.0,1.0,0.0,0.0,255,False,b0
L16_s4010_final,16,4010,final,0,0.20392156862745098,0.12156862745098039,0.2784313725490196,0.13333333333333333,255,False,84
L16_s4010_final,16,4010,final,1,0.00784313725490196,0.0,0.23921568627450981,0.00392156862745098,255,False,5e
L16_s4010_final,16,4010,final,2,0.01568627450980392,0.01568627450980392,0.07058823529411765,0.01568627450980392,255,False,ed
L16_s4010_final,16,4010,final,3,0.0,0.0,0.027450980392156862,0.0,255,False,b0
L16_s4010_final,16,4010,final,4,1.0,1.0,0.0,0.0,255,False,84
L16_s4010_final,16,4010,final,5,1.0,1.0,0.0,0.0,255,False,5e
L16_s4010_final,16,4010,final,6,1.0,1.0,0.0,0.0,255,False,ed
L16_s4010_final,16,4010,final,7,1.0,1.0,0.0,0.0,255,False,b0
L16_s4010_final,16,4010,final,8,1.0,1.0,0.0,0.0,255,False,84
L16_s4010_final,16,4010,final,9,1.0,1.0,0.0,0.0,255,False,5e
L16_s4010_final,16,4010,final,10,1.0,1.0,0.0,0.0,255,False,ed
L16_s4010_final,16,4010,final,11,1.0,1.0,0.0,0.0,255,False,b0
L16_s4010_final,16,4010,final,12,1.0,1.0,0.0,0.0,255,False,84
L16_s4010_final,16,4010,final,13,1.0,1.0,0.0,0.0,255,False,5e
L16_s4010_final,16,4010,final,14,1.0,1.0,0.0,0.0,255,False,ed
L16_s4010_final,16,4010,final,15,1.0,1.0,0.0,0.0,255,False,b0
