robustness_h,robustness_f,trans_mean_heritable,frac_both,n_sites,capacity_bits,n_mutants,label,L,seed,which,has_loop,tape,K,n_partners,ctrl_score,ctrl_gen2,ctrl_q75,ctrl_herit,ctrl_faith,wall_s
0.7661764705882353,0.759313725490196,0.01265668839198251,0.010049019607843138,0,7.569855608330947,4080,L16_s4001_first,16,4001,first,True,84 5e ed b0 84 5e ed b0 84 5e ed b0 84 5e ed b0,255,32,1.0,1.0,1.0,True,True,0.6
0.7644607843137254,0.7583333333333333,0.011653497529021553,0.009558823529411765,0,7.794415866350106,4080,L16_s4001_final,16,4001,final,True,44 5e ed b0 44 5e ed b0 44 5e ed b0 44 5e ed b0,255,32,1.0,1.0,1.0,True,True,0.2
0.6720588235294118,0.6683823529411764,0.24752475247524752,0.16544117647058823,3,26.744833837499545,4080,L16_s4002_first,16,4002,first,True,a8 6e eb a0 ed b0 28 56 a8 6e eb a0 ed b0 28 56,255,32,1.0,1.0,1.0,True,True,0.2
0.6948529411764706,0.6899509803921569,0.27495559502664296,0.18970588235294117,3,27.32192809488736,4080,L16_s4002_final,16,4002,final,True,c8 6e eb ed b0 ee b6 4e c8 6e eb ed b0 ee b6 4e,255,32,1.0,1.0,1.0,True,True,0.2
0.6181372549019608,0.6122549019607844,0.1833466773418735,0.11225490196078432,2,26.11634396123747,4080,L16_s4003_first,16,4003,first,True,31 a4 02 d1 e8 9e ed b0 31 a4 02 d1 e8 9e ed b0,255,32,1.0,1.0,1.0,True,True,0.2
0.7568627450980392,0.7568627450980392,0.3393782383419689,0.2568627450980392,4,36.857980995127576,4080,L16_s4003_final,16,4003,final,True,11 48 da ed b0 44 c8 11 11 48 da ed b0 44 c8 11,255,32,1.0,1.0,1.0,True,True,0.2
0.7642156862745098,0.7580882352941176,0.010890216952777417,0.008823529411764706,0,7.129283016944966,4080,L16_s4004_first,16,4004,first,True,a4 5e ed b0 a4 5e ed b0 a4 5e ed b0 a4 5e ed b0,255,32,1.0,1.0,1.0,True,True,0.2
0.7642156862745098,0.7590686274509804,0.010989232612322595,0.008823529411764706,0,6.169925001442312,4080,L16_s4004_final,16,4004,final,True,a4 5e ed b0 a4 5e ed b0 a4 5e ed b0 a4 5e ed b0,255,32,1.0,1.0,1.0,True,True,0.2
0.7107843137254902,0.7107843137254902,0.29586206896551726,0.21029411764705883,4,34.77571315038352,4080,L16_s4005_first,16,4005,first,True,b7 11 88 d9 69 ed b0 a0 b7 11 88 d9 69 ed b0 a0,255,32,1.0,1.0,1.0,True,True,0.2
0.753921568627451,0.753921568627451,0.3368010403120936,0.25392156862745097,4,36.08746284125034,4080,L16_s4005_final,16,4005,final,True,11 e8 da ed b0 58 6e 9b 11 e8 da ed b0 58 6e 9b,255,32,1.0,1.0,1.0,True,True,0.2
0.7549019607843137,0.753921568627451,0.3368010403120936,0.25392156862745097,4,37.0,4080,L16_s4006_first,16,4006,first,True,11 68 4f ed b0 9b 11 dc 11 68 4f ed b0 9b 11 dc,255,32,1.0,1.0,1.0,True,True,0.2
0.7558823529411764,0.753921568627451,0.3368010403120936,0.25392156862745097,4,37.0,4080,L16_s4006_final,16,4006,final,True,11 c8 b7 ed b0 4a 0c 77 11 c8 b7 ed b0 4a 0c 77,255,32,1.0,1.0,1.0,True,True,0.2
0.6656862745098039,0.653921568627451,0.26626776364996263,0.17450980392156862,4,34.78646885978496,4080,L16_s4007_first,16,4007,first,True,b8 2e c8 d8 9f 5b 37 ed b8 2e c8 d8 9f 5b 37 ed,255,32,1.0,1.0,1.0,True,True,0.2
0.7637254901960784,0.7580882352941176,0.010756233819073164,0.009068627450980393,0,7.169925001442312,4080,L16_s4007_final,16,4007,final,True,04 5e ed b0 04 5e ed b0 04 5e ed b0 04 5e ed b0,255,32,1.0,1.0,1.0,True,True,0.2
0.7644607843137254,0.7583333333333333,0.011653497529021553,0.009558823529411765,0,7.794415866350106,4080,L16_s4008_first,16,4008,first,True,44 5e ed b0 44 5e ed b0 44 5e ed b0 44 5e ed b0,255,32,1.0,1.0,1.0,True,True,0.2
0.7644607843137254,0.7583333333333333,0.011833402645781758,0.010049019607843138,0,7.870364719583405,4080,L16_s4008_final,16,4008,final,True,64 5e ed b0 64 5e ed b0 64 5e ed b0 64 5e ed b0,255,32,1.0,1.0,1.0,True,True,0.2
0.7568627450980392,0.7428921568627451,0.016385598236677727,0.0125,0,6.672425341971495,4080,L16_s4009_first,16,4009,first,True,b8 2e 84 ed b8 2e 84 ed b8 2e 84 ed b8 2e 84 ed,255,32,1.0,1.0,1.0,True,True,0.2
0.5683823529411764,0.5683823529411764,1.0,0.5683823529411764,9,82.32192809488737,4080,L16_s4009_final,16,4009,final,True,1d 2e 0f c3 eb 1d 74 5b 70 a0 28 ed b8 7f 8d 1c,255,32,1.0,1.0,1.0,True,True,0.2
0.6561274509803922,0.6524509803921569,0.232890512943105,0.15196078431372548,3,32.93120785047222,4080,L16_s4010_first,16,4010,first,True,48 16 d0 5e 7a 7b ed b0 48 16 d0 5e 7a 7b ed b0,255,32,1.0,1.0,1.0,True,True,0.2
0.7642156862745098,0.758578431372549,0.011632128341381314,0.009558823529411765,0,8.451211111832329,4080,L16_s4010_final,16,4010,final,True,84 5e ed b0 84 5e ed b0 84 5e ed b0 84 5e ed b0,255,32,1.0,1.0,1.0,True,True,0.2
