L,which,n_tapes,seeds_identical,distinct,control_flow,period,partners_copied,self_damaged,mean_partner_similarity,gen2_isolated,tape
5,first,9,1,9,-,5,1.0,0.0,1.0,1.0,1d 63 ed b0 1e
5,final,9,5,5,JP nn,5,1.0,0.0,1.0,1.0,00 1d c3 ed b0
6,first,9,2,8,-,4,0.0,0.0,0.6666666666666665,1.0,b0 00 14 ed b0 00
6,final,2,1,2,"JP PO,nn",6,1.0,0.0,1.0,1.0,1e a2 e2 1c ed b0
8,first,10,8,3,-,2,0.58203125,0.38671875,0.701171875,0.53,01 c5 01 c5 01 c5 01 c5
8,final,10,3,8,RET P,8,1.0,0.0,1.0,1.0,bc e3 21 e3 21 f0 bc f0
9,first,8,3,6,-,3,1.0,0.0,1.0,1.0,1d ed b0 1d ed b0 1d ed b0
9,final,8,1,8,JP (HL),9,1.0,0.0,1.0,1.0,00 48 1e 99 70 ed b0 57 e9
10,first,4,1,4,-,2,0.546875,0.40234375,0.6988281249999999,0.31,01 c5 01 c5 01 c5 01 c5 01 c5
10,final,3,1,3,-,5,1.0,0.0,1.0,1.0,05 6e eb ed b0 05 6e eb ed b0
12,first,6,1,6,-,4,1.0,0.0,1.0,1.0,14 14 ed b0 14 14 ed b0 14 14 ed b0
12,final,6,1,6,JR d,12,1.0,0.0,1.0,1.0,1e 3c 18 f1 9c ed b0 78 00 0a b3 18
16,first,20,11,3,-,2,0.63671875,0.375,0.7919921875,0.59,01 c5 01 c5 01 c5 01 c5 01 c5 01 c5 01 c5 01 c5
16,final,20,18,3,RET NZ,8,1.0,0.0,1.0,1.0,ad e3 21 e3 21 c0 ad c0 ad e3 21 e3 21 c0 ad c0
18,first,10,4,4,-,2,0.54296875,0.37109375,0.7176649305555556,0.43,01 c5 01 c5 01 c5 01 c5 01 c5 01 c5 01 c5 01 c5 01 c5
18,final,10,3,5,-,4,1.0,0.0,0.8888888888888892,1.0,b0 62 14 ed b0 62 14 ed b0 62 14 ed b0 62 14 ed b0 62
20,first,10,6,2,-,2,0.66796875,0.46484375,0.7646484375,0.46,01 c5 01 c5 01 c5 01 c5 01 c5 01 c5 01 c5 01 c5 01 c5 01 c5
20,final,10,8,3,-,2,0.6328125,0.44140625,0.755078125,0.47,21 e5 21 e5 21 e5 21 e5 21 e5 21 e5 21 e5 21 e5 21 e5 21 e5
24,first,10,8,2,-,2,0.765625,0.22265625,0.8341471354166666,0.6,01 c5 01 c5 01 c5 01 c5 01 c5 01 c5 01 c5 01 c5 01 c5 01 c5 01 c5 01 c5
24,final,10,6,5,JR d,6,1.0,1.0,1.0,1.0,01 c5 01 18 f8 c5 01 c5 01 18 f8 c5 01 c5 01 18 f8 c5 01 c5 01 18 f8 c5
25,first,20,13,4,-,2,0.7890625,0.890625,0.85671875,0.7,c5 01 c5 01 c5 01 c5 01 c5 01 c5 01 c5 01 c5 01 c5 01 c5 01 c5 01 c5 01 c5
25,final,20,9,5,-,2,0.84375,0.8984375,0.8846875000000001,0.7,c5 01 c5 01 c5 01 c5 01 c5 01 c5 01 c5 01 c5 01 c5 01 c5 01 c5 01 c5 01 c5
32,first,10,7,2,-,2,0.8046875,0.20703125,0.8560791015625,0.72,01 c5 01 c5 01 c5 01 c5 01 c5 01 c5 01 c5 01 c5 01 c5 01 c5 01 c5 01 c5 01 c5 01 c5 01 c5 01 c5
32,final,10,7,3,-,2,0.75390625,0.265625,0.8404541015625,0.66,11 d5 11 d5 11 d5 11 d5 11 d5 11 d5 11 d5 11 d5 11 d5 11 d5 11 d5 11 d5 11 d5 11 d5 11 d5 11 d5
36,first,30,20,2,-,2,0.7734375,0.18359375,0.8328993055555556,0.64,01 c5 01 c5 01 c5 01 c5 01 c5 01 c5 01 c5 01 c5 01 c5 01 c5 01 c5 01 c5 01 c5 01 c5 01 c5 01 c5 01 c5 01 c5
36,final,30,14,5,-,2,0.71875,0.1640625,0.8167317708333333,0.64,01 c5 01 c5 01 c5 01 c5 01 c5 01 c5 01 c5 01 c5 01 c5 01 c5 01 c5 01 c5 01 c5 01 c5 01 c5 01 c5 01 c5 01 c5
49,first,20,18,3,-,2,0.78515625,0.1484375,0.8183195153061225,0.58,01 c5 01 c5 01 c5 01 c5 01 c5 01 c5 01 c5 01 c5 …
49,final,19,6,6,-,2,0.6796875,0.765625,0.8028539540816326,0.62,d5 11 d5 11 d5 11 d5 11 d5 11 d5 11 d5 11 d5 11 …
50,first,10,9,2,-,2,0.671875,0.1015625,0.78328125,0.58,01 c5 01 c5 01 c5 01 c5 01 c5 01 c5 01 c5 01 c5 …
50,final,10,7,2,"JR NZ,d",14,1.0,0.0,0.9600000000000004,0.88,01 c5 01 c5 01 c5 01 c5 01 20 f0 c5 01 c5 01 c5 …
64,first,20,14,3,-,2,0.72265625,0.05859375,0.81219482421875,0.62,01 c5 01 c5 01 c5 01 c5 01 c5 01 c5 01 c5 01 c5 …
64,final,20,12,3,-,2,0.79296875,0.05078125,0.84539794921875,0.73,11 d5 11 d5 11 d5 11 d5 11 d5 11 d5 11 d5 11 d5 …
81,first,20,19,2,-,2,0.79296875,0.66796875,0.8377218364197532,0.68,c5 01 c5 01 c5 01 c5 01 c5 01 c5 01 c5 01 c5 01 …
81,final,18,12,4,-,2,0.859375,0.703125,0.8620756172839508,0.68,c5 01 c5 01 c5 01 c5 01 c5 01 c5 01 c5 01 c5 01 …
100,first,30,23,7,-,2,0.8203125,0.01953125,0.879609375,0.72,01 c5 01 c5 01 c5 01 c5 01 c5 01 c5 01 c5 01 c5 …
100,final,18,17,2,"JP NZ,nn",10,1.0,0.0,0.9901562500000001,0.99,c2 c5 01 c5 01 c5 01 c5 c2 c5 c2 c5 01 c5 01 c5 …
