L,P,steps,A_intact_frac,B_copy_frac,B_last_byte_copied,gen2_isolated
8,16,8,1.0,0.625,0.0,0.53
8,16,16,0.84375,0.75,0.0,0.53
8,16,32,0.671875,0.671875,0.5,0.53
8,16,64,0.671875,0.65625,0.5,0.53
8,16,128,0.671875,0.65625,0.5,0.53
8,32,8,1.0,0.625,0.0,0.28
8,32,16,0.96875,0.640625,0.0,0.28
8,32,32,0.875,0.75,0.0,0.28
8,32,64,0.78125,0.71875,0.0,0.28
8,32,128,0.578125,0.578125,0.625,0.28
10,20,8,1.0,0.425,0.0,0.31
10,20,16,0.9625,0.6,0.0,0.31
10,20,32,0.775,0.4875,0.625,0.31
10,20,64,0.775,0.6125,0.625,0.31
10,20,128,0.75,0.5875,0.625,0.31
10,28,8,1.0,0.45,0.0,0.36
10,28,16,0.9375,0.6125,0.0,0.36
10,28,32,0.825,0.7375,0.0,0.36
10,28,64,0.5875,0.55,0.5,0.36
10,28,128,0.4125,0.475,0.375,0.36
10,40,8,1.0,0.425,0.0,0.37
10,40,16,0.975,0.4625,0.0,0.37
10,40,32,0.925,0.6375,0.0,0.37
10,40,64,0.7625,0.7375,0.0,0.37
10,40,128,0.425,0.4125,0.375,0.37
12,24,8,1.0,0.53125,0.0,0.2
12,24,16,0.90625,0.7395833333333334,0.0,0.2
12,24,32,0.6770833333333334,0.6458333333333334,0.375,0.2
12,24,64,0.6041666666666666,0.5729166666666666,0.375,0.2
12,24,128,0.5520833333333334,0.4895833333333333,0.25,0.2
12,28,8,1.0,0.53125,0.0,0.6
12,28,16,0.8854166666666666,0.71875,0.0,0.6
12,28,32,0.78125,0.7708333333333334,0.0,0.6
12,28,64,0.7083333333333334,0.6770833333333334,0.625,0.6
12,28,128,0.6458333333333334,0.65625,0.5,0.6
12,36,8,1.0,0.53125,0.0,0.58
12,36,16,0.9583333333333334,0.6875,0.0,0.58
12,36,32,0.9166666666666666,0.7395833333333334,0.0,0.58
12,36,64,0.8020833333333334,0.6979166666666666,0.25,0.58
12,36,128,0.7708333333333334,0.6354166666666666,0.625,0.58
16,32,8,1.0,0.5,0.0,0.59
16,32,16,0.984375,0.578125,0.0,0.59
16,32,32,0.8671875,0.625,0.0,0.59
16,32,64,0.5859375,0.546875,0.625,0.59
16,32,128,0.609375,0.59375,0.5,0.59
16,33,8,1.0,0.5,0.0,0.51
16,33,16,0.984375,0.546875,0.0,0.51
16,33,32,0.875,0.7421875,0.0,0.51
16,33,64,0.484375,0.2265625,0.125,0.51
16,33,128,0.421875,0.15625,0.125,0.51
16,34,8,1.0,0.5,0.0,0.59
16,34,16,0.984375,0.5390625,0.0,0.59
16,34,32,0.84375,0.703125,0.0,0.59
16,34,64,0.609375,0.6484375,0.625,0.59
16,34,128,0.625,0.625,0.625,0.59
16,35,8,1.0,0.5,0.0,0.53
16,35,16,0.96875,0.5234375,0.0,0.53
16,35,32,0.859375,0.6796875,0.0,0.53
16,35,64,0.7734375,0.2421875,0.125,0.53
16,35,128,0.8828125,0.484375,0.375,0.53
16,37,8,1.0,0.5,0.0,0.51
16,37,16,0.9765625,0.5078125,0.0,0.51
16,37,32,0.9296875,0.703125,0.0,0.51
16,37,64,0.765625,0.359375,0.125,0.51
16,37,128,0.78125,0.75,0.25,0.51
