stage,label,L,seed,which,zero_halts,has_loop,tape,entered_frac,exec_mean,exec_union,partner_exec_mean,copied_frac,H_bits,n_unique_offspring,n_sites,n_sites_unexecuted,n_unexecuted
G,L16_s2001_first,16,2001,first,False,False,01 c5 01 c5 01 c5 01 c5 01 c5 01 c5 01 c5 01 c5,1.0,16.0,16,15.578125,0.67578125,4.163389059684073,105,0,0,0
G,L16_s2001_final,16,2001,final,False,True,ad e3 21 e3 21 c0 ad c0 ad e3 21 e3 21 c0 ad c0,0.0,8.0,8,0.0,1.0,-0.0,1,0,0,8
G,L16_s2002_first,16,2002,first,False,False,01 c5 01 c5 01 c5 01 c5 01 c5 01 c5 01 c5 01 c5,1.0,16.0,16,15.36328125,0.63671875,4.218703754847903,108,0,0,0
G,L16_s2002_final,16,2002,final,False,True,1e 50 f9 c3 8e 4e f6 b5 e9 d2 5b 01 20 ce ed b0,0.0,8.0,8,0.0,1.0,-0.0,1,10,8,8
G,L16_s2003_first,16,2003,first,False,False,01 c5 01 c5 01 c5 01 c5 01 c5 01 c5 01 c5 01 c5,1.0,16.0,16,15.6875,0.73046875,3.5091228420034373,91,1,0,0
G,L16_s2003_final,16,2003,final,False,True,ad e3 21 e3 21 c0 ad c0 ad e3 21 e3 21 c0 ad c0,0.0,8.0,8,0.0,1.0,-0.0,1,0,0,8
G,L16_s2004_first,16,2004,first,False,False,01 c5 01 c5 01 c5 01 c5 01 c5 01 c5 01 c5 01 c5,1.0,16.0,16,15.66015625,0.72265625,3.890707128078047,106,1,0,0
G,L16_s2004_final,16,2004,final,False,True,ad e3 21 e3 21 c0 ad c0 ad e3 21 e3 21 c0 ad c0,0.0,8.0,8,0.0,1.0,-0.0,1,0,0,8
G,L16_s2005_first,16,2005,first,False,False,01 c5 01 c5 01 c5 01 c5 01 c5 01 c5 01 c5 01 c5,1.0,16.0,16,15.515625,0.703125,3.9285795274284423,105,0,0,0
G,L16_s2005_final,16,2005,final,False,True,ad e3 21 e3 21 c0 ad c0 ad e3 21 e3 21 c0 ad c0,0.0,8.0,8,0.0,1.0,-0.0,1,0,0,8
G,L16_s2006_first,16,2006,first,False,False,01 c5 01 c5 01 c5 01 c5 01 c5 01 c5 01 c5 01 c5,1.0,16.0,16,15.5703125,0.7109375,3.89770892307595,101,0,0,0
G,L16_s2006_final,16,2006,final,False,True,ad e3 21 e3 21 c0 ad c0 ad e3 21 e3 21 c0 ad c0,0.0,8.0,8,0.0,1.0,-0.0,1,0,0,8
G,L16_s2007_first,16,2007,first,False,False,01 c5 01 c5 01 c5 01 c5 01 c5 01 c5 01 c5 01 c5,1.0,16.0,16,15.57421875,0.6796875,3.994302854611784,100,0,0,0
G,L16_s2007_final,16,2007,final,False,True,ad e3 21 e3 21 c0 ad c0 ad e3 21 e3 21 c0 ad c0,0.0,8.0,8,0.0,1.0,-0.0,1,0,0,8
G,L16_s2008_first,16,2008,first,False,False,01 c5 01 c5 01 c5 01 c5 01 c5 01 c5 01 c5 01 c5,1.0,16.0,16,15.7109375,0.6953125,3.9732245708028957,106,0,0,0
G,L16_s2008_final,16,2008,final,False,True,ad e3 21 e3 21 c0 ad c0 ad e3 21 e3 21 c0 ad c0,0.0,8.0,8,0.0,1.0,-0.0,1,0,0,8
G,L16_s2009_first,16,2009,first,False,False,01 c5 01 c5 01 c5 01 c5 01 c5 01 c5 01 c5 01 c5,1.0,16.0,16,15.3125,0.71484375,3.981183509282376,105,0,0,0
G,L16_s2009_final,16,2009,final,False,True,ad e3 21 e3 21 c0 ad c0 ad e3 21 e3 21 c0 ad c0,0.0,8.0,8,0.0,1.0,-0.0,1,0,0,8
G,L16_s2010_first,16,2010,first,False,False,01 c5 01 c5 01 c5 01 c5 01 c5 01 c5 01 c5 01 c5,1.0,16.0,16,15.6328125,0.6953125,4.450043926502373,120,0,0,0
G,L16_s2010_final,16,2010,final,False,True,ad e3 21 e3 21 c0 ad c0 ad e3 21 e3 21 c0 ad c0,0.0,8.0,8,0.0,1.0,-0.0,1,0,0,8
G,L16_s2011_first,16,2011,first,False,False,01 c5 01 c5 01 c5 01 c5 01 c5 01 c5 01 c5 01 c5,1.0,16.0,16,15.56640625,0.71484375,3.6171145873174186,95,0,0,0
G,L16_s2011_final,16,2011,final,False,True,28 19 5e ed b0 aa 6b b4 28 19 5e ed b0 aa 6b b4,0.0,5.0,5,0.0,1.0,-0.0,1,4,3,11
G,L16_s2012_first,16,2012,first,False,False,01 c5 01 c5 01 c5 01 c5 01 c5 01 c5 01 c5 01 c5,1.0,16.0,16,15.52734375,0.72265625,3.3983970895384807,89,0,0,0
G,L16_s2012_final,16,2012,final,False,True,50 5e c3 eb 12 ee 8a 51 0b 0d db ed b0 ad 4d a9,0.0,7.0,7,0.0,1.0,-0.0,1,10,9,9
G,L16_s2013_first,16,2013,first,False,False,01 c5 01 c5 01 c5 01 c5 01 c5 01 c5 01 c5 01 c5,1.0,16.0,16,15.6796875,0.703125,3.766165587127842,100,0,0,0
G,L16_s2013_final,16,2013,final,False,True,ad e3 21 e3 21 c0 ad c0 ad e3 21 e3 21 c0 ad c0,0.0,8.0,8,0.0,1.0,-0.0,1,0,0,8
G,L16_s2014_first,16,2014,first,False,False,01 c5 01 c5 01 c5 01 c5 01 c5 01 c5 01 c5 01 c5,1.0,16.0,16,15.6796875,0.6484375,4.274755065641162,112,0,0,0
G,L16_s2014_final,16,2014,final,False,True,ad e3 21 e3 21 c0 ad c0 ad e3 21 e3 21 c0 ad c0,0.0,8.0,8,0.0,1.0,-0.0,1,0,0,8
G,L16_s2015_first,16,2015,first,False,False,01 c5 01 c5 01 c5 01 c5 01 c5 01 c5 01 c5 01 c5,1.0,16.0,16,15.5859375,0.7109375,4.229024223595145,111,0,0,0
G,L16_s2015_final,16,2015,final,False,True,ad e3 21 e3 21 c0 ad c0 ad e3 21 e3 21 c0 ad c0,0.0,8.0,8,0.0,1.0,-0.0,1,0,0,8
G,L16_s2016_first,16,2016,first,False,False,01 c5 01 c5 01 c5 01 c5 01 c5 01 c5 01 c5 01 c5,1.0,16.0,16,15.44140625,0.6328125,4.391782337236157,112,0,0,0
G,L16_s2016_final,16,2016,final,False,True,ad e3 21 e3 21 c0 ad c0 ad e3 21 e3 21 c0 ad c0,0.0,8.0,8,0.0,1.0,-0.0,1,0,0,8
G,L16_s2017_first,16,2017,first,False,False,11 d5 11 d5 11 d5 11 d5 11 d5 11 d5 11 d5 11 d5,1.0,16.0,16,15.5390625,0.69921875,3.6965290857518767,93,0,0,0
G,L16_s2017_final,16,2017,final,False,True,ad e3 21 e3 21 c0 ad c0 ad e3 21 e3 21 c0 ad c0,0.0,8.0,8,0.0,1.0,-0.0,1,0,0,8
G,L16_s2018_first,16,2018,first,False,False,01 c5 01 c5 01 c5 01 c5 01 c5 01 c5 01 c5 01 c5,1.0,16.0,16,15.6015625,0.69921875,4.060062490768567,107,1,0,0
G,L16_s2018_final,16,2018,final,False,True,ad e3 21 e3 21 c0 ad c0 ad e3 21 e3 21 c0 ad c0,0.0,8.0,8,0.0,1.0,-0.0,1,0,0,8
G,L16_s2019_first,16,2019,first,False,False,01 c5 01 c5 01 c5 01 c5 01 c5 01 c5 01 c5 01 c5,1.0,16.0,16,15.74609375,0.69140625,3.8778746446497467,101,1,0,0
G,L16_s2019_final,16,2019,final,False,True,ad e3 21 e3 21 c0 ad c0 ad e3 21 e3 21 c0 ad c0,0.0,8.0,8,0.0,1.0,-0.0,1,0,0,8
G,L16_s2020_first,16,2020,first,False,False,01 c5 01 c5 01 c5 01 c5 01 c5 01 c5 01 c5 01 c5,1.0,16.0,16,15.47265625,0.640625,4.157922480974485,107,1,0,0
G,L16_s2020_final,16,2020,final,False,True,ad e3 21 e3 21 c0 ad c0 ad e3 21 e3 21 c0 ad c0,0.0,8.0,8,0.0,1.0,-0.0,1,0,0,8
G,L20_s2001_first,20,2001,first,False,False,01 c5 01 c5 01 c5 01 c5 01 c5 01 c5 01 c5 01 c5 01 c5 01 c5,1.0,20.0,20,19.49609375,0.66015625,6.004868880436896,172,0,0,0
G,L20_s2001_final,20,2001,final,False,True,b0 11 5d d9 ed b0 11 5d d9 ed b0 11 5d d9 ed b0 11 5d d9 ed,0.0,6.0,6,0.0,1.0,-0.0,1,0,0,14
G,L20_s2002_first,20,2002,first,False,False,11 d5 11 d5 11 d5 11 d5 11 d5 11 d5 11 d5 11 d5 11 d5 11 d5,1.0,20.0,20,19.06640625,0.578125,5.849748287040067,167,1,0,0
G,L20_s2002_final,20,2002,final,False,True,21 e5 21 e5 21 fd 20 e5 21 e5 21 e5 21 e5 21 fd 20 e5 21 e5,0.0,18.0,18,0.0,1.0,-0.0,1,2,0,2
G,L20_s2003_first,20,2003,first,False,False,11 d5 11 d5 11 d5 11 d5 11 d5 11 d5 11 d5 11 d5 11 d5 11 d5,1.0,20.0,20,19.05859375,0.671875,5.498062968616023,154,1,0,0
G,L20_s2003_final,20,2003,final,False,True,1e 9c 10 f6 6b c2 03 33 76 9c ed b8 08 48 e3 bc 1e ef aa 5c,0.0,6.0,6,0.0,1.0,8.0,256,10,10,14
G,L20_s2004_first,20,2004,first,False,False,21 e5 21 e5 21 e5 21 e5 21 e5 21 e5 21 e5 21 e5 21 e5 21 e5,1.0,20.0,20,19.33984375,0.6640625,5.80309425763226,165,2,0,0
G,L20_s2004_final,20,2004,final,False,True,1e a4 ed b0 1e a4 ed b0 1e a4 ed b0 1e a4 ed b0 1e a4 ed b0,0.0,4.0,4,0.0,1.0,-0.0,1,0,0,16
G,L20_s2005_first,20,2005,first,False,False,01 c5 01 c5 01 c5 01 c5 01 c5 01 c5 01 c5 01 c5 01 c5 01 c5,1.0,20.0,20,19.30078125,0.640625,6.061479011440409,176,4,0,0
G,L20_s2005_final,20,2005,final,False,False,21 e5 21 e5 21 e5 21 e5 21 e5 21 e5 21 e5 21 e5 21 e5 21 e5,1.0,20.0,20,19.33984375,0.640625,6.38895321968488,187,0,0,0
G,L20_s2006_first,20,2006,first,False,False,11 d5 11 d5 11 d5 11 d5 11 d5 11 d5 11 d5 11 d5 11 d5 11 d5,1.0,20.0,20,19.24609375,0.640625,6.073056831501286,175,0,0,0
G,L20_s2006_final,20,2006,final,False,True,1e 04 ed b0 1e 04 ed b0 1e 04 ed b0 1e 04 ed b0 1e 04 ed b0,0.0,4.0,4,0.0,1.0,-0.0,1,0,0,16
G,L20_s2007_first,20,2007,first,False,False,11 d5 11 d5 11 d5 11 d5 11 d5 11 d5 11 d5 11 d5 11 d5 11 d5,1.0,20.0,20,19.34375,0.62109375,6.08751024014111,174,3,0,0
G,L20_s2007_final,20,2007,final,False,True,1e 54 ed b0 1e 54 ed b0 1e 54 ed b0 1e 54 ed b0 1e 54 ed b0,0.0,4.0,4,0.0,1.0,-0.0,1,0,0,16
G,L20_s2008_first,20,2008,first,False,False,01 c5 01 c5 01 c5 01 c5 01 c5 01 c5 01 c5 01 c5 01 c5 01 c5,1.0,20.0,20,19.203125,0.62890625,5.990768722333627,172,2,0,0
G,L20_s2008_final,20,2008,final,False,True,21 e5 21 e5 21 4e 10 e5 21 e5 21 e5 21 e5 21 4e 10 e5 21 e5,0.0,18.0,18,0.0,1.0,-0.0,1,2,0,2
G,L20_s2009_first,20,2009,first,False,False,01 c5 01 c5 01 c5 01 c5 01 c5 01 c5 01 c5 01 c5 01 c5 01 c5,1.0,20.0,20,18.9453125,0.6875,5.95578412352077,174,0,0,0
G,L20_s2009_final,20,2009,final,False,True,11 2c 20 10 ed b8 ce 29 09 d3 7f 55 a4 2e b8 0c 11 29 e1 29,0.0,6.0,6,0.0,1.0,8.0,256,11,10,14
G,L20_s2010_first,20,2010,first,False,False,21 e5 21 e5 21 e5 21 e5 21 e5 21 e5 21 e5 21 e5 21 e5 21 e5,1.0,20.0,20,19.17578125,0.6484375,6.279064116443458,182,1,0,0
G,L20_s2010_final,20,2010,final,False,True,11 ad d9 ed b0 11 ad d9 ed b0 11 ad d9 ed b0 11 ad d9 ed b0,0.0,5.0,5,0.0,1.0,-0.0,1,0,0,15
G,L20_s2011_first,20,2011,first,False,False,11 d5 11 d5 11 d5 11 d5 11 d5 11 d5 11 d5 11 d5 11 d5 11 d5,1.0,20.0,20,19.2890625,0.67578125,5.7639453810934285,167,1,0,0
G,L20_s2011_final,20,2011,final,False,True,1e 04 ed b0 1e 04 ed b0 1e 04 ed b0 1e 04 ed b0 1e 04 ed b0,0.0,4.0,4,0.0,1.0,-0.0,1,0,0,16
G,L20_s2012_first,20,2012,first,False,False,01 c5 01 c5 01 c5 01 c5 01 c5 01 c5 01 c5 01 c5 01 c5 01 c5,1.0,20.0,20,19.19921875,0.609375,6.030491999656599,173,2,0,0
G,L20_s2012_final,20,2012,final,False,True,a4 5e ed b0 a4 5e ed b0 a4 5e ed b0 a4 5e ed b0 a4 5e ed b0,0.0,4.0,4,0.0,1.0,-0.0,1,0,0,16
G,L20_s2013_first,20,2013,first,False,False,11 d5 11 d5 11 d5 11 d5 11 d5 11 d5 11 d5 11 d5 11 d5 11 d5,1.0,20.0,20,18.98828125,0.67578125,6.038467952703343,172,2,0,0
G,L20_s2013_final,20,2013,final,False,True,1e 04 ed b0 1e 04 ed b0 1e 04 ed b0 1e 04 ed b0 1e 04 ed b0,0.0,4.0,4,0.0,1.0,-0.0,1,0,0,16
G,L20_s2014_first,20,2014,first,False,False,01 c5 01 c5 01 c5 01 c5 01 c5 01 c5 01 c5 01 c5 01 c5 01 c5,1.0,20.0,20,19.37890625,0.640625,6.222697314039023,180,3,0,0
G,L20_s2014_final,20,2014,final,False,True,a0 11 2c 20 48 ed b8 80 e6 dd c9 e6 bf 3d bb 2c a0 09 00 83,0.0,7.0,7,0.0,1.0,8.0,256,11,9,13
G,L20_s2015_first,20,2015,first,False,False,01 c5 01 c5 01 c5 01 c5 01 c5 01 c5 01 c5 01 c5 01 c5 01 c5,1.0,20.0,20,19.2734375,0.6796875,6.356631403487553,186,1,0,0
G,L20_s2015_final,20,2015,final,False,True,1e a4 ed b0 1e a4 ed b0 1e a4 ed b0 1e a4 ed b0 1e a4 ed b0,0.0,4.0,4,0.0,1.0,-0.0,1,0,0,16
G,L20_s2016_first,20,2016,first,False,False,01 c5 01 c5 01 c5 01 c5 01 c5 01 c5 01 c5 01 c5 01 c5 01 c5,1.0,20.0,20,19.5703125,0.66015625,5.652483594686544,162,2,0,0
G,L20_s2016_final,20,2016,final,False,True,a4 5e ed b0 a4 5e ed b0 a4 5e ed b0 a4 5e ed b0 a4 5e ed b0,0.0,4.0,4,0.0,1.0,-0.0,1,0,0,16
G,L20_s2017_first,20,2017,first,False,False,01 c5 01 c5 01 c5 01 c5 01 c5 01 c5 01 c5 01 c5 01 c5 01 c5,1.0,20.0,20,19.30859375,0.6171875,6.508144301772853,189,0,0,0
G,L20_s2017_final,20,2017,final,False,True,21 e5 21 e5 21 4e 10 e5 21 e5 21 e5 21 e5 21 4e 10 e5 21 e5,0.0,18.0,18,0.0,1.0,-0.0,1,2,0,2
G,L20_s2018_first,20,2018,first,False,False,01 c5 01 c5 01 c5 01 c5 01 c5 01 c5 01 c5 01 c5 01 c5 01 c5,1.0,20.0,20,19.24609375,0.59765625,6.030655452703343,171,1,0,0
G,L20_s2018_final,20,2018,final,False,True,1e a4 ed b0 1e a4 ed b0 1e a4 ed b0 1e a4 ed b0 1e a4 ed b0,0.0,4.0,4,0.0,1.0,-0.0,1,0,0,16
G,L20_s2019_first,20,2019,first,False,False,01 c5 01 c5 01 c5 01 c5 01 c5 01 c5 01 c5 01 c5 01 c5 01 c5,1.0,20.0,20,19.41796875,0.67578125,6.2114953406318705,181,1,0,0
G,L20_s2019_final,20,2019,final,False,True,11 25 76 ed b0 11 25 76 ed b0 11 25 76 ed b0 11 25 76 ed b0,0.0,5.0,5,0.0,1.0,-0.0,1,0,0,15
G,L20_s2020_first,20,2020,first,False,False,01 c5 01 c5 01 c5 01 c5 01 c5 01 c5 01 c5 01 c5 01 c5 01 c5,1.0,20.0,20,19.65625,0.640625,5.917467684367989,172,1,0,0
G,L20_s2020_final,20,2020,final,False,True,1e 04 ed b0 1e 04 ed b0 1e 04 ed b0 1e 04 ed b0 1e 04 ed b0,0.0,4.0,4,0.0,1.0,-0.0,1,0,0,16
G,L50_s2001_first,50,2001,first,False,False,01 c5 01 c5 01 c5 01 c5 01 c5 01 c5 01 c5 01 c5 01 c5 01 c5 01 c5 01 c5 01 c5 01 c5 01 c5 01 c5 01 c5 01 c5 01 c5 01 c5 01 c5 01 c5 01 c5 01 c5 01 c5,1.0,50.0,50,43.43359375,0.640625,7.768347777699975,240,23,0,0
G,L50_s2001_final,50,2001,final,False,True,21 e5 21 e5 21 e5 21 e5 21 20 f0 e5 21 e5 21 e5 21 e5 21 e5 21 e5 21 20 f0 e5 21 e5 21 e5 21 e5 21 e5 21 e5 21 20 f0 e5 21 e5 21 e5 21 e5 21 e5 21 e5,0.0,30.0,30,0.0,1.0,-0.0,1,1,0,20
G,L50_s2002_first,50,2002,first,False,False,01 c5 01 c5 01 c5 01 c5 01 c5 01 c5 01 c5 01 c5 01 c5 01 c5 01 c5 01 c5 01 c5 01 c5 01 c5 01 c5 01 c5 01 c5 01 c5 01 c5 01 c5 01 c5 01 c5 01 c5 01 c5,1.0,50.0,50,43.08203125,0.6953125,7.843540047636679,245,32,0,0
G,L50_s2002_final,50,2002,final,False,True,21 e5 21 e5 21 e5 21 e5 21 20 f0 e5 21 e5 21 e5 21 e5 21 e5 21 e5 21 20 f0 e5 21 e5 21 e5 21 e5 21 e5 21 e5 21 20 f0 e5 21 e5 21 e5 21 e5 21 e5 21 e5,0.0,30.0,30,0.0,1.0,-0.0,1,2,0,20
G,L50_s2003_first,50,2003,first,False,False,01 c5 01 c5 01 c5 01 c5 01 c5 01 c5 01 c5 01 c5 01 c5 01 c5 01 c5 01 c5 01 c5 01 c5 01 c5 01 c5 01 c5 01 c5 01 c5 01 c5 01 c5 01 c5 01 c5 01 c5 01 c5,1.0,50.0,50,41.82421875,0.6640625,7.767126986952496,239,24,0,0
G,L50_s2003_final,50,2003,final,False,True,01 c5 01 c5 01 c5 01 c5 01 20 f0 c5 01 c5 01 c5 01 c5 01 c5 01 c5 01 20 f0 c5 01 c5 01 c5 01 c5 01 c5 01 c5 01 20 f0 c5 01 c5 01 c5 01 c5 01 c5 01 c5,0.0,30.0,30,0.0,1.0,-0.0,1,0,0,20
G,L50_s2004_first,50,2004,first,False,False,21 e5 21 e5 21 e5 21 e5 21 e5 21 e5 21 e5 21 e5 21 e5 21 e5 21 e5 21 e5 21 e5 21 e5 21 e5 21 e5 21 e5 21 e5 21 e5 21 e5 21 e5 21 e5 21 e5 21 e5 21 e5,1.0,50.0,50,44.90234375,0.7421875,7.8671875,244,22,0,0
G,L50_s2004_final,50,2004,final,False,True,21 e5 21 e5 21 e5 21 e5 21 20 f0 e5 21 e5 21 e5 21 e5 21 e5 21 e5 21 20 f0 e5 21 e5 21 e5 21 e5 21 e5 21 e5 21 20 f0 e5 21 e5 21 e5 21 e5 21 e5 21 e5,0.0,30.0,30,0.0,1.0,-0.0,1,2,0,20
G,L50_s2005_first,50,2005,first,False,False,01 c5 01 c5 01 c5 01 c5 01 c5 01 c5 01 c5 01 c5 01 c5 01 c5 01 c5 01 c5 01 c5 01 c5 01 c5 01 c5 01 c5 01 c5 01 c5 01 c5 01 c5 01 c5 01 c5 01 c5 01 c5,1.0,50.0,50,41.16796875,0.65234375,7.808517382778696,242,23,0,0
G,L50_s2005_final,50,2005,final,False,True,01 c5 01 c5 01 c5 01 c5 01 20 f0 c5 01 c5 01 c5 01 c5 01 c5 01 c5 01 20 f0 c5 01 c5 01 c5 01 c5 01 c5 01 c5 01 20 f0 c5 01 c5 01 c5 01 c5 01 c5 01 c5,0.0,30.0,30,0.0,1.0,-0.0,1,2,0,20
G,L50_s2006_first,50,2006,first,False,False,01 c5 01 c5 01 c5 01 c5 01 c5 01 c5 01 c5 01 c5 01 c5 01 c5 01 c5 01 c5 01 c5 01 c5 01 c5 01 c5 01 c5 01 c5 01 c5 01 c5 01 c5 01 c5 01 c5 01 c5 01 c5,1.0,50.0,50,43.13671875,0.6796875,7.812290047636679,241,23,0,0
G,L50_s2006_final,50,2006,final,False,True,01 c5 01 c5 01 c5 01 c5 01 20 f0 c5 01 c5 01 c5 01 c5 01 c5 01 c5 01 20 f0 c5 01 c5 01 c5 01 c5 01 c5 01 c5 01 20 f0 c5 01 c5 01 c5 01 c5 01 c5 01 c5,0.0,30.0,30,0.0,1.0,-0.0,1,0,0,20
G,L50_s2007_first,50,2007,first,False,False,01 c5 01 c5 01 c5 01 c5 01 c5 01 c5 01 c5 01 c5 01 c5 01 c5 01 c5 01 c5 01 c5 01 c5 01 c5 01 c5 01 c5 01 c5 01 c5 01 c5 01 c5 01 c5 01 c5 01 c5 01 c5,1.0,50.0,50,40.36328125,0.625,7.915423888849988,249,23,0,0
G,L50_s2007_final,50,2007,final,False,True,01 c5 01 c5 01 c5 01 c5 01 20 f0 c5 01 c5 01 c5 01 c5 01 c5 01 c5 01 20 f0 c5 01 c5 01 c5 01 c5 01 c5 01 c5 01 20 f0 c5 01 c5 01 c5 01 c5 01 c5 01 c5,0.0,30.0,30,0.0,1.0,-0.0,1,1,0,20
G,L50_s2008_first,50,2008,first,False,False,11 d5 11 d5 11 d5 11 d5 11 d5 11 d5 11 d5 11 d5 11 d5 11 d5 11 d5 11 d5 11 d5 11 d5 11 d5 11 d5 11 d5 11 d5 11 d5 11 d5 11 d5 11 d5 11 d5 11 d5 11 d5,1.0,50.0,50,44.42578125,0.76171875,7.777888266257822,240,23,0,0
G,L50_s2008_final,50,2008,final,False,True,01 c5 01 c5 01 c5 01 c5 01 20 f0 c5 01 c5 01 c5 01 c5 01 c5 01 c5 01 20 f0 c5 01 c5 01 c5 01 c5 01 c5 01 c5 01 20 f0 c5 01 c5 01 c5 01 c5 01 c5 01 c5,0.0,30.0,30,0.0,1.0,-0.0,1,0,0,20
G,L50_s2009_first,50,2009,first,False,False,11 d5 11 d5 11 d5 11 d5 11 d5 11 d5 11 d5 11 d5 11 d5 11 d5 11 d5 11 d5 11 d5 11 d5 11 d5 11 d5 11 d5 11 d5 11 d5 11 d5 11 d5 11 d5 11 d5 11 d5 11 d5,1.0,50.0,50,44.23828125,0.7109375,7.7476431291635635,239,20,0,0
G,L50_s2009_final,50,2009,final,False,True,01 c5 01 c5 01 c5 01 c5 01 20 f0 c5 01 c5 01 c5 01 c5 01 c5 01 c5 01 20 f0 c5 01 c5 01 c5 01 c5 01 c5 01 c5 01 20 f0 c5 01 c5 01 c5 01 c5 01 c5 01 c5,0.0,30.0,30,0.0,1.0,-0.0,1,2,0,20
G,L50_s2010_first,50,2010,first,False,False,01 c5 01 c5 01 c5 01 c5 01 c5 01 c5 01 c5 01 c5 01 c5 01 c5 01 c5 01 c5 01 c5 01 c5 01 c5 01 c5 01 c5 01 c5 01 c5 01 c5 01 c5 01 c5 01 c5 01 c5 01 c5,1.0,50.0,50,40.71484375,0.6171875,7.965801220694674,252,22,0,0
G,L50_s2010_final,50,2010,final,False,True,01 c5 01 c5 01 c5 01 c5 01 20 f0 c5 01 c5 01 c5 01 c5 01 c5 01 c5 01 20 f0 c5 01 c5 01 c5 01 c5 01 c5 01 c5 01 20 f0 c5 01 c5 01 c5 01 c5 01 c5 01 c5,0.0,30.0,30,0.0,1.0,-0.0,1,1,0,20
G,L50_s2011_first,50,2011,first,False,False,01 c5 01 c5 01 c5 01 c5 01 c5 01 c5 01 c5 01 c5 01 c5 01 c5 01 c5 01 c5 01 c5 01 c5 01 c5 01 c5 01 c5 01 c5 01 c5 01 c5 01 c5 01 c5 01 c5 01 c5 01 c5,1.0,50.0,50,42.33203125,0.66796875,7.643268310420109,232,22,0,0
G,L50_s2011_final,50,2011,final,False,True,01 c5 01 c5 01 c5 01 c5 01 20 f0 c5 01 c5 01 c5 01 c5 01 c5 01 c5 01 20 f0 c5 01 c5 01 c5 01 c5 01 c5 01 c5 01 20 f0 c5 01 c5 01 c5 01 c5 01 c5 01 c5,0.0,30.0,30,0.0,1.0,-0.0,1,2,0,20
G,L50_s2012_first,50,2012,first,False,False,01 c5 01 c5 01 c5 01 c5 01 c5 01 c5 01 c5 01 c5 01 c5 01 c5 01 c5 01 c5 01 c5 01 c5 01 c5 01 c5 01 c5 01 c5 01 c5 01 c5 01 c5 01 c5 01 c5 01 c5 01 c5,1.0,50.0,50,40.65234375,0.609375,7.859375,243,24,0,0
G,L50_s2012_final,50,2012,final,False,True,01 c5 01 c5 01 c5 01 c5 01 20 f0 c5 01 c5 01 c5 01 c5 01 c5 01 c5 01 20 f0 c5 01 c5 01 c5 01 c5 01 c5 01 c5 01 20 f0 c5 01 c5 01 c5 01 c5 01 c5 01 c5,0.0,30.0,30,0.0,1.0,-0.0,1,0,0,20
G,L50_s2013_first,50,2013,first,False,False,01 c5 01 c5 01 c5 01 c5 01 c5 01 c5 01 c5 01 c5 01 c5 01 c5 01 c5 01 c5 01 c5 01 c5 01 c5 01 c5 01 c5 01 c5 01 c5 01 c5 01 c5 01 c5 01 c5 01 c5 01 c5,1.0,50.0,50,41.3359375,0.63671875,7.816329882778696,243,21,0,0
G,L50_s2013_final,50,2013,final,False,True,01 c5 01 c5 01 c5 01 c5 01 20 f0 c5 01 c5 01 c5 01 c5 01 c5 01 c5 01 20 f0 c5 01 c5 01 c5 01 c5 01 c5 01 c5 01 20 f0 c5 01 c5 01 c5 01 c5 01 c5 01 c5,0.0,30.0,30,0.0,1.0,-0.0,1,1,0,20
G,L50_s2014_first,50,2014,first,False,False,01 c5 01 c5 01 c5 01 c5 01 c5 01 c5 01 c5 01 c5 01 c5 01 c5 01 c5 01 c5 01 c5 01 c5 01 c5 01 c5 01 c5 01 c5 01 c5 01 c5 01 c5 01 c5 01 c5 01 c5 01 c5,1.0,50.0,50,41.875,0.66015625,7.809341268331353,241,23,0,0
G,L50_s2014_final,50,2014,final,False,True,01 c5 01 c5 01 c5 01 c5 01 20 f0 c5 01 c5 01 c5 01 c5 01 c5 01 c5 01 20 f0 c5 01 c5 01 c5 01 c5 01 c5 01 c5 01 20 f0 c5 01 c5 01 c5 01 c5 01 c5 01 c5,0.0,30.0,30,0.0,1.0,-0.0,1,2,0,20
G,L50_s2015_first,50,2015,first,False,False,11 d5 11 d5 11 d5 11 d5 11 d5 11 d5 11 d5 11 d5 11 d5 11 d5 11 d5 11 d5 11 d5 11 d5 11 d5 11 d5 11 d5 11 d5 11 d5 11 d5 11 d5 11 d5 11 d5 11 d5 11 d5,1.0,50.0,50,43.43359375,0.7109375,7.796462045563148,242,24,0,0
G,L50_s2015_final,50,2015,final,False,True,01 c5 01 c5 01 c5 01 c5 01 20 f0 c5 01 c5 01 c5 01 c5 01 c5 01 c5 01 20 f0 c5 01 c5 01 c5 01 c5 01 c5 01 c5 01 20 f0 c5 01 c5 01 c5 01 c5 01 c5 01 c5,0.0,30.0,30,0.0,1.0,-0.0,1,1,0,20
G,L50_s2016_first,50,2016,first,False,False,21 e5 21 e5 21 e5 21 e5 21 e5 21 e5 21 e5 21 e5 21 e5 21 e5 21 e5 21 e5 21 e5 21 e5 21 e5 21 e5 21 e5 21 e5 21 e5 21 e5 21 e5 21 e5 21 e5 21 e5 21 e5,1.0,50.0,50,43.734375,0.7109375,7.808517382778696,242,19,0,0
G,L50_s2016_final,50,2016,final,False,True,21 e5 21 e5 21 e5 21 e5 21 20 f0 e5 21 e5 21 e5 21 e5 21 e5 21 e5 21 20 f0 e5 21 e5 21 e5 21 e5 21 e5 21 e5 21 20 f0 e5 21 e5 21 e5 21 e5 21 e5 21 e5,0.0,30.0,30,0.0,1.0,-0.0,1,2,0,20
G,L50_s2017_first,50,2017,first,False,False,01 c5 01 c5 01 c5 01 c5 01 c5 01 c5 01 c5 01 c5 01 c5 01 c5 01 c5 01 c5 01 c5 01 c5 01 c5 01 c5 01 c5 01 c5 01 c5 01 c5 01 c5 01 c5 01 c5 01 c5 01 c5,1.0,50.0,50,42.88671875,0.72265625,7.739012719089323,237,22,0,0
G,L50_s2017_final,50,2017,final,False,True,01 c5 01 c5 01 c5 01 c5 01 20 f0 c5 01 c5 01 c5 01 c5 01 c5 01 c5 01 20 f0 c5 01 c5 01 c5 01 c5 01 c5 01 c5 01 20 f0 c5 01 c5 01 c5 01 c5 01 c5 01 c5,0.0,30.0,30,0.0,1.0,-0.0,1,0,0,20
G,L50_s2018_first,50,2018,first,False,False,21 e5 21 e5 21 e5 21 e5 21 e5 21 e5 21 e5 21 e5 21 e5 21 e5 21 e5 21 e5 21 e5 21 e5 21 e5 21 e5 21 e5 21 e5 21 e5 21 e5 21 e5 21 e5 21 e5 21 e5 21 e5,1.0,50.0,50,45.31640625,0.71875,7.907611388849988,248,24,0,0
G,L50_s2018_final,50,2018,final,False,True,21 e5 21 e5 21 e5 21 e5 21 20 f0 e5 21 e5 21 e5 21 e5 21 e5 21 e5 21 20 f0 e5 21 e5 21 e5 21 e5 21 e5 21 e5 21 20 f0 e5 21 e5 21 e5 21 e5 21 e5 21 e5,0.0,30.0,30,0.0,1.0,-0.0,1,2,0,20
G,L50_s2019_first,50,2019,first,False,False,01 c5 01 c5 01 c5 01 c5 01 c5 01 c5 01 c5 01 c5 01 c5 01 c5 01 c5 01 c5 01 c5 01 c5 01 c5 01 c5 01 c5 01 c5 01 c5 01 c5 01 c5 01 c5 01 c5 01 c5 01 c5,1.0,50.0,50,41.9296875,0.62890625,7.6900068498582375,233,20,0,0
G,L50_s2019_final,50,2019,final,False,True,01 c5 01 c5 01 c5 01 c5 01 20 f0 c5 01 c5 01 c5 01 c5 01 c5 01 c5 01 20 f0 c5 01 c5 01 c5 01 c5 01 c5 01 c5 01 20 f0 c5 01 c5 01 c5 01 c5 01 c5 01 c5,0.0,30.0,30,0.0,1.0,-0.0,1,0,0,20
G,L50_s2020_first,50,2020,first,False,False,01 c5 01 c5 01 c5 01 c5 01 c5 01 c5 01 c5 01 c5 01 c5 01 c5 01 c5 01 c5 01 c5 01 c5 01 c5 01 c5 01 c5 01 c5 01 c5 01 c5 01 c5 01 c5 01 c5 01 c5 01 c5,1.0,50.0,50,42.234375,0.66796875,7.790767489026027,239,21,0,0
G,L50_s2020_final,50,2020,final,False,True,21 e5 21 e5 21 e5 21 e5 21 20 f0 e5 21 e5 21 e5 21 e5 21 e5 21 e5 21 20 f0 e5 21 e5 21 e5 21 e5 21 e5 21 e5 21 20 f0 e5 21 e5 21 e5 21 e5 21 e5 21 e5,0.0,30.0,30,0.0,1.0,-0.0,1,1,0,20
G,L64_s2001_first,64,2001,first,False,False,01 c5 01 c5 01 c5 01 c5 01 c5 01 c5 01 c5 01 c5 01 c5 01 c5 01 c5 01 c5 01 c5 01 c5 01 c5 01 c5 01 c5 01 c5 01 c5 01 c5 01 c5 01 c5 01 c5 01 c5 01 c5 01 c5 01 c5 01 c5 01 c5 01 c5 01 c5 01 c5,1.0,64.0,64,50.33203125,0.69140625,7.984375,254,32,0,0
G,L64_s2001_final,64,2001,final,False,False,01 c5 01 c5 01 c5 01 c5 01 c5 01 c5 01 c5 01 c5 01 c5 01 c5 01 c5 01 c5 01 c5 01 c5 01 c5 01 c5 01 c5 01 c5 01 c5 01 c5 01 c5 01 c5 01 c5 01 c5 01 c5 01 c5 01 c5 01 c5 01 c5 01 c5 01 c5 01 c5,1.0,64.0,64,50.33203125,0.69140625,7.984375,254,32,0,0
G,L64_s2002_first,64,2002,first,False,False,21 e5 21 e5 21 e5 21 e5 21 e5 21 e5 21 e5 21 e5 21 e5 21 e5 21 e5 21 e5 21 e5 21 e5 21 e5 21 e5 21 e5 21 e5 21 e5 21 e5 21 e5 21 e5 21 e5 21 e5 21 e5 21 e5 21 e5 21 e5 21 e5 21 e5 21 e5 21 e5,1.0,64.0,64,57.24609375,0.83984375,7.984375,254,32,0,0
G,L64_s2002_final,64,2002,final,False,False,21 e5 21 e5 21 e5 21 e5 21 e5 21 e5 21 e5 21 e5 21 e5 21 e5 21 e5 21 e5 21 e5 21 e5 21 e5 21 e5 21 e5 21 e5 21 e5 21 e5 21 e5 21 e5 21 e5 21 e5 21 e5 21 e5 21 e5 21 e5 21 e5 21 e5 21 e5 21 e5,1.0,64.0,64,57.24609375,0.83984375,7.984375,254,35,0,0
G,L64_s2003_first,64,2003,first,False,False,01 c5 01 c5 01 c5 01 c5 01 c5 01 c5 01 c5 01 c5 01 c5 01 c5 01 c5 01 c5 01 c5 01 c5 01 c5 01 c5 01 c5 01 c5 01 c5 01 c5 01 c5 01 c5 01 c5 01 c5 01 c5 01 c5 01 c5 01 c5 01 c5 01 c5 01 c5 01 c5,1.0,64.0,64,53.39453125,0.7265625,8.0,256,32,0,0
G,L64_s2003_final,64,2003,final,False,False,11 d5 11 d5 11 d5 11 d5 11 d5 11 d5 11 d5 11 d5 11 d5 11 d5 11 d5 11 d5 11 d5 11 d5 11 d5 11 d5 11 d5 11 d5 11 d5 11 d5 11 d5 11 d5 11 d5 11 d5 11 d5 11 d5 11 d5 11 d5 11 d5 11 d5 11 d5 11 d5,1.0,64.0,64,55.5390625,0.7890625,8.0,256,32,0,0
G,L64_s2004_first,64,2004,first,False,False,01 c5 01 c5 01 c5 01 c5 01 c5 01 c5 01 c5 01 c5 01 c5 01 c5 01 c5 01 c5 01 c5 01 c5 01 c5 01 c5 01 c5 01 c5 01 c5 01 c5 01 c5 01 c5 01 c5 01 c5 01 c5 01 c5 01 c5 01 c5 01 c5 01 c5 01 c5 01 c5,1.0,64.0,64,51.734375,0.69140625,7.9921875,255,32,0,0
G,L64_s2004_final,64,2004,final,False,False,11 d5 11 d5 11 d5 11 d5 11 d5 11 d5 11 d5 11 d5 11 d5 11 d5 11 d5 11 d5 11 d5 11 d5 11 d5 11 d5 11 d5 11 d5 11 d5 11 d5 11 d5 11 d5 11 d5 11 d5 11 d5 11 d5 11 d5 11 d5 11 d5 11 d5 11 d5 11 d5,1.0,64.0,64,53.703125,0.74609375,7.9609375,251,32,0,0
G,L64_s2005_first,64,2005,first,False,False,01 c5 01 c5 01 c5 01 c5 01 c5 01 c5 01 c5 01 c5 01 c5 01 c5 01 c5 01 c5 01 c5 01 c5 01 c5 01 c5 01 c5 01 c5 01 c5 01 c5 01 c5 01 c5 01 c5 01 c5 01 c5 01 c5 01 c5 01 c5 01 c5 01 c5 01 c5 01 c5,1.0,64.0,64,53.5859375,0.7421875,7.9921875,255,32,0,0
G,L64_s2005_final,64,2005,final,False,True,84 5e ed b0 84 5e ed b0 84 5e ed b0 84 5e ed b0 84 5e ed b0 84 5e ed b0 84 5e ed b0 84 5e ed b0 84 5e ed b0 84 5e ed b0 84 5e ed b0 84 5e ed b0 84 5e ed b0 84 5e ed b0 84 5e ed b0 84 5e ed b0,0.0,4.0,4,0.0,1.0,-0.0,1,0,0,60
G,L64_s2006_first,64,2006,first,False,False,01 c5 01 c5 01 c5 01 c5 01 c5 01 c5 01 c5 01 c5 01 c5 01 c5 01 c5 01 c5 01 c5 01 c5 01 c5 01 c5 01 c5 01 c5 01 c5 01 c5 01 c5 01 c5 01 c5 01 c5 01 c5 01 c5 01 c5 01 c5 01 c5 01 c5 01 c5 01 c5,1.0,64.0,64,50.7265625,0.640625,7.9765625,253,32,0,0
G,L64_s2006_final,64,2006,final,False,True,d5 d5 11 73 e9 d5 11 d5 11 73 e9 d5 11 d5 11 d5 11 d5 11 73 e9 d5 11 d5 11 73 e9 d5 11 d5 11 73 e9 d5 11 d5 11 73 e9 d5 11 d5 11 73 e9 d5 11 d5 11 73 e9 d5 11 d5 11 73 e9 d5 11 d5 11 73 e9 d5,0.0,11.0,11,0.0,1.0,7.264438427641414,170,1,0,53
G,L64_s2007_first,64,2007,first,False,False,01 c5 01 c5 01 c5 01 c5 01 c5 01 c5 01 c5 01 c5 01 c5 01 c5 01 c5 01 c5 01 c5 01 c5 01 c5 01 c5 01 c5 01 c5 01 c5 01 c5 01 c5 01 c5 01 c5 01 c5 01 c5 01 c5 01 c5 01 c5 01 c5 01 c5 01 c5 01 c5,1.0,64.0,64,54.21484375,0.73828125,7.984375,254,32,0,0
G,L64_s2007_final,64,2007,final,False,True,08 5e 50 ed b0 bd 2b 0f 08 5e 50 ed b0 bd 2b 0f 08 5e 50 ed b0 bd 2b 0f 08 5e 50 ed b0 bd 2b 0f 08 5e 50 ed b0 bd 2b 0f 08 5e 50 ed b0 bd 2b 0f 08 5e 50 ed b0 bd 2b 0f 08 5e 50 ed b0 bd 2b 0f,0.0,5.0,5,0.0,1.0,-0.0,1,6,3,59
G,L64_s2008_first,64,2008,first,False,False,01 c5 01 c5 01 c5 01 c5 01 c5 01 c5 01 c5 01 c5 01 c5 01 c5 01 c5 01 c5 01 c5 01 c5 01 c5 01 c5 01 c5 01 c5 01 c5 01 c5 01 c5 01 c5 01 c5 01 c5 01 c5 01 c5 01 c5 01 c5 01 c5 01 c5 01 c5 01 c5,1.0,64.0,64,54.3828125,0.76171875,7.9921875,255,32,0,0
G,L64_s2008_final,64,2008,final,False,False,01 c5 01 c5 01 c5 01 c5 01 c5 01 c5 01 c5 01 c5 01 c5 01 c5 01 c5 01 c5 01 c5 01 c5 01 c5 01 c5 01 c5 01 c5 01 c5 01 c5 01 c5 01 c5 01 c5 01 c5 01 c5 01 c5 01 c5 01 c5 01 c5 01 c5 01 c5 01 c5,1.0,64.0,64,54.3828125,0.76171875,7.9921875,255,32,0,0
G,L64_s2009_first,64,2009,first,False,False,01 c5 01 c5 01 c5 01 c5 01 c5 01 c5 01 c5 01 c5 01 c5 01 c5 01 c5 01 c5 01 c5 01 c5 01 c5 01 c5 01 c5 01 c5 01 c5 01 c5 01 c5 01 c5 01 c5 01 c5 01 c5 01 c5 01 c5 01 c5 01 c5 01 c5 01 c5 01 c5,1.0,64.0,64,52.171875,0.73046875,7.96875,252,32,0,0
G,L64_s2009_final,64,2009,final,False,True,b8 4b 2c cf ef ec ae 83 ab f9 0d 2e 90 03 19 ed b8 4b 2c cf ef ec ae 83 ab f9 0d 2e 90 03 19 ed b8 4b 2c cf ef ec ae 83 ab f9 0d 2e 90 03 19 ed b8 4b 2c cf ef ec ae 83 ab f9 0d 2e 90 03 19 ed,0.0,13.0,13,0.0,1.0,-0.0,1,11,4,51
G,L64_s2010_first,64,2010,first,False,False,01 c5 01 c5 01 c5 01 c5 01 c5 01 c5 01 c5 01 c5 01 c5 01 c5 01 c5 01 c5 01 c5 01 c5 01 c5 01 c5 01 c5 01 c5 01 c5 01 c5 01 c5 01 c5 01 c5 01 c5 01 c5 01 c5 01 c5 01 c5 01 c5 01 c5 01 c5 01 c5,1.0,64.0,64,50.89453125,0.66796875,7.9921875,255,32,0,0
G,L64_s2010_final,64,2010,final,False,False,11 d5 11 d5 11 d5 11 d5 11 d5 11 d5 11 d5 11 d5 11 d5 11 d5 11 d5 11 d5 11 d5 11 d5 11 d5 11 d5 11 d5 11 d5 11 d5 11 d5 11 d5 11 d5 11 d5 11 d5 11 d5 11 d5 11 d5 11 d5 11 d5 11 d5 11 d5 11 d5,1.0,64.0,64,54.8046875,0.73828125,8.0,256,32,0,0
G,L64_s2011_first,64,2011,first,False,False,01 c5 01 c5 01 c5 01 c5 01 c5 01 c5 01 c5 01 c5 01 c5 01 c5 01 c5 01 c5 01 c5 01 c5 01 c5 01 c5 01 c5 01 c5 01 c5 01 c5 01 c5 01 c5 01 c5 01 c5 01 c5 01 c5 01 c5 01 c5 01 c5 01 c5 01 c5 01 c5,1.0,64.0,64,54.6484375,0.7734375,7.973613720694674,253,32,0,0
G,L64_s2011_final,64,2011,final,False,True,84 5e ed b0 84 5e ed b0 84 5e ed b0 84 5e ed b0 84 5e ed b0 84 5e ed b0 84 5e ed b0 84 5e ed b0 84 5e ed b0 84 5e ed b0 84 5e ed b0 84 5e ed b0 84 5e ed b0 84 5e ed b0 84 5e ed b0 84 5e ed b0,0.0,4.0,4,0.0,1.0,-0.0,1,0,0,60
G,L64_s2012_first,64,2012,first,False,False,01 c5 01 c5 01 c5 01 c5 01 c5 01 c5 01 c5 01 c5 01 c5 01 c5 01 c5 01 c5 01 c5 01 c5 01 c5 01 c5 01 c5 01 c5 01 c5 01 c5 01 c5 01 c5 01 c5 01 c5 01 c5 01 c5 01 c5 01 c5 01 c5 01 c5 01 c5 01 c5,1.0,64.0,64,52.35546875,0.71875,8.0,256,32,0,0
G,L64_s2012_final,64,2012,final,False,True,04 5e ed b0 04 5e ed b0 04 5e ed b0 04 5e ed b0 04 5e ed b0 04 5e ed b0 04 5e ed b0 04 5e ed b0 04 5e ed b0 04 5e ed b0 04 5e ed b0 04 5e ed b0 04 5e ed b0 04 5e ed b0 04 5e ed b0 04 5e ed b0,0.0,4.0,4,0.0,1.0,-0.0,1,0,0,60
G,L64_s2013_first,64,2013,first,False,False,01 c5 01 c5 01 c5 01 c5 01 c5 01 c5 01 c5 01 c5 01 c5 01 c5 01 c5 01 c5 01 c5 01 c5 01 c5 01 c5 01 c5 01 c5 01 c5 01 c5 01 c5 01 c5 01 c5 01 c5 01 c5 01 c5 01 c5 01 c5 01 c5 01 c5 01 c5 01 c5,1.0,64.0,64,52.75,0.734375,7.984375,254,32,0,0
G,L64_s2013_final,64,2013,final,False,False,21 e5 21 e5 21 e5 21 e5 21 e5 21 e5 21 e5 21 e5 21 e5 21 e5 21 e5 21 e5 21 e5 21 e5 21 e5 21 e5 21 e5 21 e5 21 e5 21 e5 21 e5 21 e5 21 e5 21 e5 21 e5 21 e5 21 e5 21 e5 21 e5 21 e5 21 e5 21 e5,1.0,64.0,64,57.859375,0.8359375,7.984375,254,32,0,0
G,L64_s2014_first,64,2014,first,False,False,01 c5 01 c5 01 c5 01 c5 01 c5 01 c5 01 c5 01 c5 01 c5 01 c5 01 c5 01 c5 01 c5 01 c5 01 c5 01 c5 01 c5 01 c5 01 c5 01 c5 01 c5 01 c5 01 c5 01 c5 01 c5 01 c5 01 c5 01 c5 01 c5 01 c5 01 c5 01 c5,1.0,64.0,64,52.12890625,0.69140625,7.9921875,255,32,0,0
G,L64_s2014_final,64,2014,final,False,False,01 c5 01 c5 01 c5 01 c5 01 c5 01 c5 01 c5 01 c5 01 c5 01 c5 01 c5 01 c5 01 c5 01 c5 01 c5 01 c5 01 c5 01 c5 01 c5 01 c5 01 c5 01 c5 01 c5 01 c5 01 c5 01 c5 01 c5 01 c5 01 c5 01 c5 01 c5 01 c5,1.0,64.0,64,52.12890625,0.69140625,7.9921875,255,32,0,0
G,L64_s2015_first,64,2015,first,False,False,11 d5 11 d5 11 d5 11 d5 11 d5 11 d5 11 d5 11 d5 11 d5 11 d5 11 d5 11 d5 11 d5 11 d5 11 d5 11 d5 11 d5 11 d5 11 d5 11 d5 11 d5 11 d5 11 d5 11 d5 11 d5 11 d5 11 d5 11 d5 11 d5 11 d5 11 d5 11 d5,1.0,64.0,64,55.14453125,0.81640625,7.984375,254,32,0,0
G,L64_s2015_final,64,2015,final,False,True,84 5e ed b0 84 5e ed b0 84 5e ed b0 84 5e ed b0 84 5e ed b0 84 5e ed b0 84 5e ed b0 84 5e ed b0 84 5e ed b0 84 5e ed b0 84 5e ed b0 84 5e ed b0 84 5e ed b0 84 5e ed b0 84 5e ed b0 84 5e ed b0,0.0,4.0,4,0.0,1.0,-0.0,1,0,0,60
G,L64_s2016_first,64,2016,first,False,False,01 c5 01 c5 01 c5 01 c5 01 c5 01 c5 01 c5 01 c5 01 c5 01 c5 01 c5 01 c5 01 c5 01 c5 01 c5 01 c5 01 c5 01 c5 01 c5 01 c5 01 c5 01 c5 01 c5 01 c5 01 c5 01 c5 01 c5 01 c5 01 c5 01 c5 01 c5 01 c5,1.0,64.0,64,54.62109375,0.76171875,7.984375,254,32,0,0
G,L64_s2016_final,64,2016,final,False,True,5f 21 20 8a cf 54 9a 45 ed b8 5d 10 00 de 00 62 00 10 00 10 00 10 00 10 00 55 00 10 00 10 82 97 5f 21 20 8a cf 54 9a 45 ed b8 5d 10 00 de 00 62 00 10 00 10 00 10 00 10 00 55 00 10 00 10 82 97,0.0,7.0,7,0.0,1.0,-0.0,1,28,26,57
G,L64_s2017_first,64,2017,first,False,False,01 c5 01 c5 01 c5 01 c5 01 c5 01 c5 01 c5 01 c5 01 c5 01 c5 01 c5 01 c5 01 c5 01 c5 01 c5 01 c5 01 c5 01 c5 01 c5 01 c5 01 c5 01 c5 01 c5 01 c5 01 c5 01 c5 01 c5 01 c5 01 c5 01 c5 01 c5 01 c5,1.0,64.0,64,52.3671875,0.73828125,7.984375,254,32,0,0
G,L64_s2017_final,64,2017,final,False,False,21 e5 21 e5 21 e5 21 e5 21 e5 21 e5 21 e5 21 e5 21 e5 21 e5 21 e5 21 e5 21 e5 21 e5 21 e5 21 e5 21 e5 21 e5 21 e5 21 e5 21 e5 21 e5 21 e5 21 e5 21 e5 21 e5 21 e5 21 e5 21 e5 21 e5 21 e5 21 e5,1.0,64.0,64,56.49609375,0.83984375,7.9765625,253,33,0,0
G,L64_s2018_first,64,2018,first,False,False,01 c5 01 c5 01 c5 01 c5 01 c5 01 c5 01 c5 01 c5 01 c5 01 c5 01 c5 01 c5 01 c5 01 c5 01 c5 01 c5 01 c5 01 c5 01 c5 01 c5 01 c5 01 c5 01 c5 01 c5 01 c5 01 c5 01 c5 01 c5 01 c5 01 c5 01 c5 01 c5,1.0,64.0,64,53.1953125,0.73828125,7.984375,254,32,0,0
G,L64_s2018_final,64,2018,final,False,False,11 d5 11 d5 11 d5 11 d5 11 d5 11 d5 11 d5 11 d5 11 d5 11 d5 11 d5 11 d5 11 d5 11 d5 11 d5 11 d5 11 d5 11 d5 11 d5 11 d5 11 d5 11 d5 11 d5 11 d5 11 d5 11 d5 11 d5 11 d5 11 d5 11 d5 11 d5 11 d5,1.0,64.0,64,55.3125,0.77734375,7.984375,254,32,0,0
G,L64_s2019_first,64,2019,first,False,False,01 c5 01 c5 01 c5 01 c5 01 c5 01 c5 01 c5 01 c5 01 c5 01 c5 01 c5 01 c5 01 c5 01 c5 01 c5 01 c5 01 c5 01 c5 01 c5 01 c5 01 c5 01 c5 01 c5 01 c5 01 c5 01 c5 01 c5 01 c5 01 c5 01 c5 01 c5 01 c5,1.0,64.0,64,52.1640625,0.6953125,8.0,256,32,0,0
G,L64_s2019_final,64,2019,final,False,False,01 c5 01 c5 01 c5 01 c5 01 c5 01 c5 01 c5 01 c5 01 c5 01 c5 01 c5 01 c5 01 c5 01 c5 01 c5 01 c5 01 c5 01 c5 01 c5 01 c5 01 c5 01 c5 01 c5 01 c5 01 c5 01 c5 01 c5 01 c5 01 c5 01 c5 01 c5 01 c5,1.0,64.0,64,52.1640625,0.6953125,8.0,256,32,0,0
G,L64_s2020_first,64,2020,first,False,False,01 c5 01 c5 01 c5 01 c5 01 c5 01 c5 01 c5 01 c5 01 c5 01 c5 01 c5 01 c5 01 c5 01 c5 01 c5 01 c5 01 c5 01 c5 01 c5 01 c5 01 c5 01 c5 01 c5 01 c5 01 c5 01 c5 01 c5 01 c5 01 c5 01 c5 01 c5 01 c5,1.0,64.0,64,53.63671875,0.68359375,8.0,256,32,0,0
G,L64_s2020_final,64,2020,final,False,False,11 d5 11 d5 11 d5 11 d5 11 d5 11 d5 11 d5 11 d5 11 d5 11 d5 11 d5 11 d5 11 d5 11 d5 11 d5 11 d5 11 d5 11 d5 11 d5 11 d5 11 d5 11 d5 11 d5 11 d5 11 d5 11 d5 11 d5 11 d5 11 d5 11 d5 11 d5 11 d5,1.0,64.0,64,54.80859375,0.7265625,8.0,256,32,0,0
K,L32_s5001_first,32,5001,first,False,False,01 c5 01 c5 01 c5 01 c5 01 c5 01 c5 01 c5 01 c5 01 c5 01 c5 01 c5 01 c5 01 c5 01 c5 01 c5 01 c5,1.0,32.0,32,30.4921875,0.8359375,5.795671857124876,165,9,0,0
K,L32_s5001_final,32,5001,final,False,False,11 d5 11 d5 11 d5 11 d5 11 d5 11 d5 11 d5 11 d5 11 d5 11 d5 11 d5 11 d5 11 d5 11 d5 11 d5 11 d5,1.0,32.0,32,30.69921875,0.79296875,5.917268223874775,170,10,0,0
K,L32_s5002_first,32,5002,first,False,False,01 c5 01 c5 01 c5 01 c5 01 c5 01 c5 01 c5 01 c5 01 c5 01 c5 01 c5 01 c5 01 c5 01 c5 01 c5 01 c5,1.0,32.0,32,30.6015625,0.8046875,5.69163103087732,159,11,0,0
K,L32_s5002_final,32,5002,final,False,True,04 5e ed b0 04 5e ed b0 04 5e ed b0 04 5e ed b0 04 5e ed b0 04 5e ed b0 04 5e ed b0 04 5e ed b0,0.0,4.0,4,0.0,1.0,-0.0,1,0,0,28
K,L32_s5003_first,32,5003,first,False,False,11 d5 11 d5 11 d5 11 d5 11 d5 11 d5 11 d5 11 d5 11 d5 11 d5 11 d5 11 d5 11 d5 11 d5 11 d5 11 d5,1.0,32.0,32,29.68359375,0.7734375,5.771343421332659,166,12,0,0
K,L32_s5003_final,32,5003,final,False,True,44 5e ed b0 44 5e ed b0 44 5e ed b0 44 5e ed b0 44 5e ed b0 44 5e ed b0 44 5e ed b0 44 5e ed b0,0.0,4.0,4,0.0,1.0,-0.0,1,0,0,28
K,L32_s5004_first,32,5004,first,False,False,01 c5 01 c5 01 c5 01 c5 01 c5 01 c5 01 c5 01 c5 01 c5 01 c5 01 c5 01 c5 01 c5 01 c5 01 c5 01 c5,1.0,32.0,32,31.22265625,0.83203125,5.613790623558632,157,10,0,0
K,L32_s5004_final,32,5004,final,False,False,11 d5 11 d5 11 d5 11 d5 11 d5 11 d5 11 d5 11 d5 11 d5 11 d5 11 d5 11 d5 11 d5 11 d5 11 d5 11 d5,1.0,32.0,32,30.66015625,0.78125,5.901643223874775,168,9,0,0
K,L32_s5005_first,32,5005,first,False,False,01 c5 01 c5 01 c5 01 c5 01 c5 01 c5 01 c5 01 c5 01 c5 01 c5 01 c5 01 c5 01 c5 01 c5 01 c5 01 c5,1.0,32.0,32,30.078125,0.828125,5.76873202528019,163,9,0,0
K,L32_s5005_final,32,5005,final,False,False,11 d5 11 d5 11 d5 11 d5 11 d5 11 d5 11 d5 11 d5 11 d5 11 d5 11 d5 11 d5 11 d5 11 d5 11 d5 11 d5,1.0,32.0,32,30.0859375,0.77734375,6.041118290986018,170,11,0,0
K,L32_s5006_first,32,5006,first,False,False,01 c5 01 c5 01 c5 01 c5 01 c5 01 c5 01 c5 01 c5 01 c5 01 c5 01 c5 01 c5 01 c5 01 c5 01 c5 01 c5,1.0,32.0,32,30.36328125,0.86328125,5.611095483184051,158,12,0,0
K,L32_s5006_final,32,5006,final,False,True,04 5e ed b0 04 5e ed b0 04 5e ed b0 04 5e ed b0 04 5e ed b0 04 5e ed b0 04 5e ed b0 04 5e ed b0,0.0,4.0,4,0.0,1.0,-0.0,1,0,0,28
K,L32_s5007_first,32,5007,first,False,False,01 c5 01 c5 01 c5 01 c5 01 c5 01 c5 01 c5 01 c5 01 c5 01 c5 01 c5 01 c5 01 c5 01 c5 01 c5 01 c5,1.0,32.0,32,30.63671875,0.83203125,5.356843997344308,149,13,0,0
K,L32_s5007_final,32,5007,final,False,True,84 5e ed b0 84 5e ed b0 84 5e ed b0 84 5e ed b0 84 5e ed b0 84 5e ed b0 84 5e ed b0 84 5e ed b0,0.0,4.0,4,0.0,1.0,-0.0,1,0,0,28
K,L32_s5008_first,32,5008,first,False,False,01 c5 01 c5 01 c5 01 c5 01 c5 01 c5 01 c5 01 c5 01 c5 01 c5 01 c5 01 c5 01 c5 01 c5 01 c5 01 c5,1.0,32.0,32,30.6640625,0.875,5.57549550536626,153,10,0,0
K,L32_s5008_final,32,5008,final,False,False,11 d5 11 d5 11 d5 11 d5 11 d5 11 d5 11 d5 11 d5 11 d5 11 d5 11 d5 11 d5 11 d5 11 d5 11 d5 11 d5,1.0,32.0,32,30.8984375,0.80859375,5.698847020085262,162,10,0,0
K,L32_s5009_first,32,5009,first,False,False,21 e5 21 e5 21 e5 21 e5 21 e5 21 e5 21 e5 21 e5 21 e5 21 e5 21 e5 21 e5 21 e5 21 e5 21 e5 21 e5,1.0,32.0,32,28.68359375,0.68359375,6.230274175054111,176,11,0,0
K,L32_s5009_final,32,5009,final,False,True,04 5e ed b0 04 5e ed b0 04 5e ed b0 04 5e ed b0 04 5e ed b0 04 5e ed b0 04 5e ed b0 04 5e ed b0,0.0,4.0,4,0.0,1.0,-0.0,1,0,0,28
K,L32_s5010_first,32,5010,first,False,False,01 c5 01 c5 01 c5 01 c5 01 c5 01 c5 01 c5 01 c5 01 c5 01 c5 01 c5 01 c5 01 c5 01 c5 01 c5 01 c5,1.0,32.0,32,30.28515625,0.859375,5.29898107159311,145,9,0,0
K,L32_s5010_final,32,5010,final,False,True,1e 04 ed b0 1e 04 ed b0 1e 04 ed b0 1e 04 ed b0 1e 04 ed b0 1e 04 ed b0 1e 04 ed b0 1e 04 ed b0,0.0,4.0,4,0.0,1.0,-0.0,1,0,0,28
K,L32_s5011_first,32,5011,first,False,False,01 c5 01 c5 01 c5 01 c5 01 c5 01 c5 01 c5 01 c5 01 c5 01 c5 01 c5 01 c5 01 c5 01 c5 01 c5 01 c5,1.0,32.0,32,30.21484375,0.8359375,5.664094688240576,161,12,0,0
K,L32_s5011_final,32,5011,final,False,True,04 5e ed b0 04 5e ed b0 04 5e ed b0 04 5e ed b0 04 5e ed b0 04 5e ed b0 04 5e ed b0 04 5e ed b0,0.0,4.0,4,0.0,1.0,-0.0,1,0,0,28
K,L32_s5012_first,32,5012,first,False,False,01 c5 01 c5 01 c5 01 c5 01 c5 01 c5 01 c5 01 c5 01 c5 01 c5 01 c5 01 c5 01 c5 01 c5 01 c5 01 c5,1.0,32.0,32,29.90234375,0.78515625,5.926743880436896,167,12,0,0
K,L32_s5012_final,32,5012,final,False,True,04 5e ed b0 04 5e ed b0 04 5e ed b0 04 5e ed b0 04 5e ed b0 04 5e ed b0 04 5e ed b0 04 5e ed b0,0.0,4.0,4,0.0,1.0,-0.0,1,0,0,28
K,L32_s5013_first,32,5013,first,False,False,01 c5 01 c5 01 c5 01 c5 01 c5 01 c5 01 c5 01 c5 01 c5 01 c5 01 c5 01 c5 01 c5 01 c5 01 c5 01 c5,1.0,32.0,32,30.359375,0.85546875,5.907060497108809,168,9,0,0
K,L32_s5013_final,32,5013,final,False,False,11 d5 11 d5 11 d5 11 d5 11 d5 11 d5 11 d5 11 d5 11 d5 11 d5 11 d5 11 d5 11 d5 11 d5 11 d5 11 d5,1.0,32.0,32,30.0390625,0.81640625,6.223823063904098,178,8,0,0
K,L32_s5014_first,32,5014,first,False,False,11 d5 11 d5 11 d5 11 d5 11 d5 11 d5 11 d5 11 d5 11 d5 11 d5 11 d5 11 d5 11 d5 11 d5 11 d5 11 d5,1.0,32.0,32,30.546875,0.7890625,6.343603061581611,183,10,0,0
K,L32_s5014_final,32,5014,final,False,False,11 d5 11 d5 11 d5 11 d5 11 d5 11 d5 11 d5 11 d5 11 d5 11 d5 11 d5 11 d5 11 d5 11 d5 11 d5 11 d5,1.0,32.0,32,30.546875,0.7890625,6.343603061581611,183,13,0,0
K,L32_s5015_first,32,5015,first,False,False,01 c5 01 c5 01 c5 01 c5 01 c5 01 c5 01 c5 01 c5 01 c5 01 c5 01 c5 01 c5 01 c5 01 c5 01 c5 01 c5,1.0,32.0,32,30.61328125,0.84375,5.667597020085262,159,11,0,0
K,L32_s5015_final,32,5015,final,False,True,44 5e ed b0 44 5e ed b0 44 5e ed b0 44 5e ed b0 44 5e ed b0 44 5e ed b0 44 5e ed b0 44 5e ed b0,0.0,4.0,4,0.0,1.0,-0.0,1,0,0,28
K,L32_s5016_first,32,5016,first,False,False,01 c5 01 c5 01 c5 01 c5 01 c5 01 c5 01 c5 01 c5 01 c5 01 c5 01 c5 01 c5 01 c5 01 c5 01 c5 01 c5,1.0,32.0,32,30.6953125,0.8046875,5.91672162352077,170,11,0,0
K,L32_s5016_final,32,5016,final,False,False,11 d5 11 d5 11 d5 11 d5 11 d5 11 d5 11 d5 11 d5 11 d5 11 d5 11 d5 11 d5 11 d5 11 d5 11 d5 11 d5,1.0,32.0,32,30.109375,0.7265625,6.246134814039023,183,10,0,0
K,L32_s5017_first,32,5017,first,False,False,01 c5 01 c5 01 c5 01 c5 01 c5 01 c5 01 c5 01 c5 01 c5 01 c5 01 c5 01 c5 01 c5 01 c5 01 c5 01 c5,1.0,32.0,32,30.23828125,0.82421875,5.686170799390588,161,8,0,0
K,L32_s5017_final,32,5017,final,False,True,b0 1e 84 ed b0 1e 84 ed b0 1e 84 ed b0 1e 84 ed b0 1e 84 ed b0 1e 84 ed b0 1e 84 ed b0 1e 84 ed,0.0,5.0,5,0.0,1.0,-0.0,1,0,0,27
K,L32_s5018_first,32,5018,first,False,False,11 d5 11 d5 11 d5 11 d5 11 d5 11 d5 11 d5 11 d5 11 d5 11 d5 11 d5 11 d5 11 d5 11 d5 11 d5 11 d5,1.0,32.0,32,29.70703125,0.78125,5.90890912352077,169,11,0,0
K,L32_s5018_final,32,5018,final,False,True,04 5e ed b0 04 5e ed b0 04 5e ed b0 04 5e ed b0 04 5e ed b0 04 5e ed b0 04 5e ed b0 04 5e ed b0,0.0,4.0,4,0.0,1.0,-0.0,1,0,0,28
K,L32_s5019_first,32,5019,first,False,False,01 c5 01 c5 01 c5 01 c5 01 c5 01 c5 01 c5 01 c5 01 c5 01 c5 01 c5 01 c5 01 c5 01 c5 01 c5 01 c5,1.0,32.0,32,30.06640625,0.80859375,5.399604216029381,150,12,0,0
K,L32_s5019_final,32,5019,final,False,False,11 d5 11 d5 11 d5 11 d5 11 d5 11 d5 11 d5 11 d5 11 d5 11 d5 11 d5 11 d5 11 d5 11 d5 11 d5 11 d5,1.0,32.0,32,30.25390625,0.83984375,5.64892023771833,160,10,0,0
K,L32_s5020_first,32,5020,first,False,False,01 c5 01 c5 01 c5 01 c5 01 c5 01 c5 01 c5 01 c5 01 c5 01 c5 01 c5 01 c5 01 c5 01 c5 01 c5 01 c5,1.0,32.0,32,30.6484375,0.7734375,5.940374911737047,169,10,0,0
K,L32_s5020_final,32,5020,final,False,True,44 5e ed b0 44 5e ed b0 44 5e ed b0 44 5e ed b0 44 5e ed b0 44 5e ed b0 44 5e ed b0 44 5e ed b0,0.0,4.0,4,0.0,1.0,-0.0,1,0,0,28
I,L16_s4001_first,16,4001,first,True,True,84 5e ed b0 84 5e ed b0 84 5e ed b0 84 5e ed b0,0.0,4.0,4,0.0,1.0,-0.0,1,0,0,12
I,L16_s4001_final,16,4001,final,True,True,44 5e ed b0 44 5e ed b0 44 5e ed b0 44 5e ed b0,0.0,4.0,4,0.0,1.0,-0.0,1,0,0,12
I,L16_s4002_first,16,4002,first,True,True,a8 6e eb a0 ed b0 28 56 a8 6e eb a0 ed b0 28 56,0.0,6.0,6,0.0,1.0,-0.0,1,3,2,10
I,L16_s4002_final,16,4002,final,True,True,c8 6e eb ed b0 ee b6 4e c8 6e eb ed b0 ee b6 4e,0.0,5.0,5,0.0,1.0,-0.0,1,3,3,11
I,L16_s4003_first,16,4003,first,True,True,31 a4 02 d1 e8 9e ed b0 31 a4 02 d1 e8 9e ed b0,0.0,8.0,8,0.0,1.0,-0.0,1,2,0,8
I,L16_s4003_final,16,4003,final,True,True,11 48 da ed b0 44 c8 11 11 48 da ed b0 44 c8 11,0.0,5.0,5,0.0,1.0,-0.0,1,4,3,11
I,L16_s4004_first,16,4004,first,True,True,a4 5e ed b0 a4 5e ed b0 a4 5e ed b0 a4 5e ed b0,0.0,4.0,4,0.0,1.0,-0.0,1,0,0,12
I,L16_s4004_final,16,4004,final,True,True,a4 5e ed b0 a4 5e ed b0 a4 5e ed b0 a4 5e ed b0,0.0,4.0,4,0.0,1.0,-0.0,1,0,0,12
I,L16_s4005_first,16,4005,first,True,True,b7 11 88 d9 69 ed b0 a0 b7 11 88 d9 69 ed b0 a0,0.0,7.0,7,0.0,1.0,-0.0,1,4,1,9
I,L16_s4005_final,16,4005,final,True,True,11 e8 da ed b0 58 6e 9b 11 e8 da ed b0 58 6e 9b,0.0,5.0,5,0.0,1.0,-0.0,1,4,3,11
I,L16_s4006_first,16,4006,first,True,True,11 68 4f ed b0 9b 11 dc 11 68 4f ed b0 9b 11 dc,0.0,5.0,5,0.0,1.0,-0.0,1,4,3,11
I,L16_s4006_final,16,4006,final,True,True,11 c8 b7 ed b0 4a 0c 77 11 c8 b7 ed b0 4a 0c 77,0.0,5.0,5,0.0,1.0,-0.0,1,4,3,11
I,L16_s4007_first,16,4007,first,True,True,b8 2e c8 d8 9f 5b 37 ed b8 2e c8 d8 9f 5b 37 ed,0.0,9.0,9,0.0,1.0,-0.0,1,4,0,7
I,L16_s4007_final,16,4007,final,True,True,04 5e ed b0 04 5e ed b0 04 5e ed b0 04 5e ed b0,0.0,4.0,4,0.0,1.0,-0.0,1,0,0,12
I,L16_s4008_first,16,4008,first,True,True,44 5e ed b0 44 5e ed b0 44 5e ed b0 44 5e ed b0,0.0,4.0,4,0.0,1.0,-0.0,1,0,0,12
I,L16_s4008_final,16,4008,final,True,True,64 5e ed b0 64 5e ed b0 64 5e ed b0 64 5e ed b0,0.0,4.0,4,0.0,1.0,-0.0,1,0,0,12
I,L16_s4009_first,16,4009,first,True,True,b8 2e 84 ed b8 2e 84 ed b8 2e 84 ed b8 2e 84 ed,0.0,5.0,5,0.0,1.0,-0.0,1,0,0,11
I,L16_s4009_final,16,4009,final,True,True,1d 2e 0f c3 eb 1d 74 5b 70 a0 28 ed b8 7f 8d 1c,0.0,8.0,8,0.0,1.0,-0.0,1,9,8,8
I,L16_s4010_first,16,4010,first,True,True,48 16 d0 5e 7a 7b ed b0 48 16 d0 5e 7a 7b ed b0,0.0,8.0,8,0.0,1.0,-0.0,1,3,0,8
I,L16_s4010_final,16,4010,final,True,True,84 5e ed b0 84 5e ed b0 84 5e ed b0 84 5e ed b0,0.0,4.0,4,0.0,1.0,-0.0,1,0,0,12
