tape,zero_at,rule,copies,functional,entered
R,,benign,1.0,1.0,0.0
R,,lethal,1.0,1.0,0.0
R,0.0,benign,0.0,0.790283203125,0.0
R,0.0,lethal,0.0,0.790283203125,0.0
R,1.0,benign,0.0,0.790283203125,0.0
R,1.0,lethal,0.0,0.790283203125,0.0
R,2.0,benign,0.0,0.783203125,0.026123046875
R,2.0,lethal,0.0,0.790283203125,0.0
R,3.0,benign,0.0,0.790283203125,0.0
R,3.0,lethal,0.0,0.790283203125,0.0
T,,benign,1.0,1.0,0.0
T,,lethal,1.0,1.0,0.0
T,0.0,benign,0.0,0.0625,0.0
T,0.0,lethal,0.0,0.0625,0.0
T,1.0,benign,0.0,0.0625,0.0
T,1.0,lethal,0.0,0.0625,0.0
T,2.0,benign,0.000244140625,0.033203125,0.8017578125
T,2.0,lethal,0.0,0.0625,0.0
T,3.0,benign,0.0,0.03125,0.7998046875
T,3.0,lethal,0.0,0.037841796875,0.759033203125
