composition,rule,executor,partner,n,stays,to_other,to_X,to_N,share_exec,T_share_before,T_share_after
benign,benign,R,R,141047,1.0,0.0,0.0,0.0,0.77703,0.07165038271520072,0.07112854123498949
benign,benign,R,T,2770,0.0,1.0,0.0,0.0,0.77703,0.07165038271520072,0.07112854123498949
benign,benign,T,R,2614,0.0,1.0,0.0,0.0,0.059485,0.07165038271520072,0.07112854123498949
benign,benign,T,T,8439,1.0,0.0,0.0,0.0,0.059485,0.07165038271520072,0.07112854123498949
benign,benign,X,R,474,0.3438818565400844,0.0,0.25738396624472576,0.3987341772151899,0.00351,0.07165038271520072,0.07112854123498949
benign,benign,X,T,47,0.2978723404255319,0.0,0.3404255319148936,0.3617021276595745,0.00351,0.07165038271520072,0.07112854123498949
benign,benign,N,R,11069,0.18709910561026288,0.0,0.0020778751468063963,0.8108230192429307,0.159975,0.07165038271520072,0.07112854123498949
benign,benign,N,T,820,0.22073170731707317,0.0012195121951219512,0.0,0.7780487804878049,0.159975,0.07165038271520072,0.07112854123498949
benign,benign,all,R,155204,0.9231785263266411,0.016842349423983917,0.0009342542717971186,0.0590448699775779,1.0,0.07165038271520072,0.07112854123498949
benign,benign,all,T,12076,0.714971844981782,0.22946339847631667,0.001324942033786022,0.05423981450811527,1.0,0.07165038271520072,0.07112854123498949
benign,lethal,R,R,141047,1.0,0.0,0.0,0.0,0.77703,0.07165038271520072,0.07121749583982281
benign,lethal,R,T,2770,0.0,1.0,0.0,0.0,0.77703,0.07165038271520072,0.07121749583982281
benign,lethal,T,R,2614,0.0,1.0,0.0,0.0,0.059485,0.07165038271520072,0.07121749583982281
benign,lethal,T,T,8439,1.0,0.0,0.0,0.0,0.059485,0.07165038271520072,0.07121749583982281
benign,lethal,X,R,474,0.350210970464135,0.0,0.25738396624472576,0.3924050632911392,0.00351,0.07165038271520072,0.07121749583982281
benign,lethal,X,T,47,0.3829787234042553,0.0,0.3404255319148936,0.2765957446808511,0.00351,0.07165038271520072,0.07121749583982281
benign,lethal,N,R,11069,0.21718312404011203,9.034239768723462e-05,0.0027102719306170385,0.7800162616315837,0.159975,0.07165038271520072,0.07121749583982281
benign,lethal,N,T,820,0.29024390243902437,0.0012195121951219512,0.0012195121951219512,0.7073170731707317,0.159975,0.07165038271520072,0.07121749583982281
benign,lethal,all,R,155204,0.9253434189840468,0.016848792556892863,0.0009793562021597382,0.056828432256900596,1.0,0.07165038271520072,0.07121749583982281
benign,lethal,all,T,12076,0.7200231864855913,0.22946339847631667,0.0014077509108976483,0.049105664127194436,1.0,0.07165038271520072,0.07121749583982281
lethal,benign,R,R,35739,1.0,0.0,0.0,0.0,0.23509,0.735612778902956,0.7355927092407692
lethal,benign,R,T,8805,0.0,1.0,0.0,0.0,0.23509,0.735612778902956,0.7355927092407692
lethal,benign,T,R,8815,0.0,1.0,0.0,0.0,0.65467,0.735612778902956,0.7355927092407692
lethal,benign,T,T,116081,1.0,0.0,0.0,0.0,0.65467,0.735612778902956,0.7355927092407692
lethal,benign,X,R,145,0.38620689655172413,0.0,0.2413793103448276,0.3724137931034483,0.003855,0.735612778902956,0.7355927092407692
lethal,benign,X,T,442,0.3936651583710407,0.0,0.2239819004524887,0.38235294117647056,0.003855,0.735612778902956,0.7355927092407692
lethal,benign,N,R,2403,0.21306699958385353,0.0,0.0020807324178110697,0.7848522679983354,0.106385,0.735612778902956,0.7355927092407692
lethal,benign,N,T,5611,0.24808412047763323,0.0007128854036713598,0.004990197825699519,0.7462127962929959,0.106385,0.735612778902956,0.7355927092407692
lethal,benign,all,R,47102,0.770816525837544,0.18714704258842513,0.0008492208398794106,0.041187210734151415,1.0,0.735612778902956,0.7355927092407692
lethal,benign,all,T,130939,0.898487081770901,0.06727560161601967,0.0009699172897303324,0.03326739932334904,1.0,0.735612778902956,0.7355927092407692
lethal,lethal,R,R,35739,1.0,0.0,0.0,0.0,0.23509,0.735612778902956,0.735814189434017
lethal,lethal,R,T,8805,0.0,1.0,0.0,0.0,0.23509,0.735612778902956,0.735814189434017
lethal,lethal,T,R,8815,0.0,1.0,0.0,0.0,0.65467,0.735612778902956,0.735814189434017
lethal,lethal,T,T,116081,1.0,0.0,0.0,0.0,0.65467,0.735612778902956,0.735814189434017
lethal,lethal,X,R,145,0.4068965517241379,0.0,0.23448275862068965,0.3586206896551724,0.003855,0.735612778902956,0.735814189434017
lethal,lethal,X,T,442,0.504524886877828,0.0,0.22171945701357465,0.2737556561085973,0.003855,0.735612778902956,0.735814189434017
lethal,lethal,N,R,2403,0.2534332084893883,0.0,0.0012484394506866417,0.7453183520599251,0.106385,0.735612778902956,0.735814189434017
lethal,lethal,N,T,5611,0.33559080377829265,0.0007128854036713598,0.0060595259312065585,0.6576367848868294,0.106385,0.735612778902956,0.735814189434017
lethal,lethal,all,R,47102,0.7729395779372426,0.18714704258842513,0.0007855292768884549,0.039127850197443845,1.0,0.735612778902956,0.735814189434017
lethal,lethal,all,T,130939,0.9026111395382582,0.06727560161601967,0.0010081030097984559,0.0291051558359236,1.0,0.735612778902956,0.735814189434017
