L,xx,offset,class,confined,parent_unchanged
16,00,0,broken,1.0,1.0
16,01,1,broken,0.0,0.0859375
16,02,2,broken,1.0,0.0
16,03,3,broken,0.5,0.0
16,04,4,R4,1.0,0.0
16,05,5,broken,0.0,0.0
16,06,6,broken,1.0,1.0
16,07,7,broken,0.0,0.0
16,08,8,R8,1.0,0.0
16,09,9,broken,0.0,0.0
16,0a,10,broken,0.5,0.0
16,0b,11,broken,0.0,0.0
16,0c,12,broken,0.0,0.0703125
16,0d,13,broken,0.0,0.0
16,0e,14,broken,0.0,0.234375
16,0f,15,broken,0.0,0.0
16,10,16,broken,1.0,1.0
16,11,17,broken,0.0,0.03125
16,12,18,broken,1.0,0.0
16,13,19,broken,0.25,0.0
16,14,20,broken,0.0,0.0
16,15,21,broken,0.0,0.0
16,16,22,broken,1.0,1.0
16,17,23,broken,0.25,0.0
16,18,24,broken,1.0,1.0
16,19,25,broken,0.0,0.0
16,1a,26,broken,0.0,0.0
16,1b,27,broken,0.0,0.0
16,1c,28,broken,0.0,0.0
16,1d,29,broken,0.0,0.0
16,1e,30,broken,0.0,0.0
16,1f,31,broken,0.0,0.0
16,20,0,broken,1.0,1.0
16,21,1,broken,0.0,0.203125
16,22,2,broken,0.25,0.296875
16,23,3,broken,0.0,0.0
16,24,4,R4,1.0,0.0
16,25,5,broken,0.25,0.0
16,26,6,broken,1.0,1.0
16,27,7,broken,0.25,0.0
16,28,8,broken,1.0,1.0
16,29,9,broken,0.0,0.0
16,2a,10,broken,0.015625,0.3046875
16,2b,11,broken,0.09375,0.03125
16,2c,12,broken,0.0,0.0
16,2d,13,broken,0.140625,0.0546875
16,2e,14,broken,0.4609375,0.0
16,2f,15,broken,0.0,0.0
16,30,16,broken,1.0,1.0
16,31,17,broken,0.0,0.328125
16,32,18,broken,0.0,0.109375
16,33,19,broken,0.0,0.0
16,34,20,broken,0.25,0.0
16,35,21,broken,0.0,0.0
16,36,22,broken,1.0,0.0
16,37,23,broken,0.0,0.0
16,38,24,broken,1.0,1.0
16,39,25,broken,0.078125,0.0234375
16,3a,26,broken,0.078125,0.3125
16,3b,27,broken,0.0,0.0
16,3c,28,broken,0.0,0.0
16,3d,29,broken,0.0,0.0
16,3e,30,broken,1.0,1.0
16,3f,31,broken,0.0,0.0
16,40,0,broken,1.0,1.0
16,41,1,broken,0.25,0.0
16,42,2,broken,0.0,0.0
16,43,3,broken,0.75,0.0
16,44,4,R4,1.0,0.0
16,45,5,broken,0.0,0.0
16,46,6,broken,0.5,0.0
16,47,7,broken,0.25,0.0
16,48,8,R8,1.0,0.0
16,49,9,broken,0.25,0.0
16,4a,10,broken,0.0,0.0
16,4b,11,broken,0.0,0.0
16,4c,12,broken,0.0,0.0
16,4d,13,broken,0.0,0.0
16,4e,14,broken,0.0,0.0
16,4f,15,broken,0.5,0.0
16,50,16,T,1.0,1.0
16,51,17,broken,0.0078125,0.0
16,52,18,broken,0.2578125,0.0
16,53,19,broken,0.0,0.0
16,54,20,broken,0.0,0.0
16,55,21,broken,0.0,0.0
16,56,22,broken,0.0,0.0
16,57,23,broken,0.0,0.0
16,58,24,broken,0.0,0.0
16,59,25,broken,0.0,0.0
16,5a,26,broken,0.25,0.0
16,5b,27,broken,0.0,0.0
16,5c,28,broken,0.0,0.0
16,5d,29,broken,0.5,0.0
16,5e,30,broken,0.0,0.0
16,5f,31,broken,0.0,0.0
16,60,0,broken,1.0,1.0
16,61,1,broken,0.0,0.0
16,62,2,broken,0.0,0.0
16,63,3,broken,0.0,0.0
16,64,4,R4,1.0,0.0
16,65,5,broken,0.0,0.0
16,66,6,broken,0.5,0.0
16,67,7,broken,0.0,0.0
16,68,8,R8,1.0,0.0
16,69,9,broken,0.0,0.0
16,6a,10,broken,0.0,0.0
16,6b,11,broken,0.5,0.0
16,6c,12,broken,0.25,0.0
16,6d,13,broken,0.0,0.0
16,6e,14,broken,0.0,0.0
16,6f,15,broken,0.0,0.0
16,70,16,broken,1.0,0.0
16,71,17,broken,1.0,0.0
16,72,18,broken,1.0,0.0
16,73,19,broken,1.0,0.0
16,74,20,broken,1.0,0.0
16,75,21,broken,1.0,0.0
16,76,22,broken,1.0,1.0
16,77,23,broken,1.0,0.0
16,78,24,broken,0.25,0.0
16,79,25,broken,0.0,0.0
16,7a,26,broken,0.0,0.0
16,7b,27,broken,0.0,0.0
16,7c,28,broken,0.0,0.0
16,7d,29,broken,0.0,0.0
16,7e,30,broken,0.0,0.0
16,7f,31,broken,0.0,0.0
16,80,0,broken,1.0,1.0
16,81,1,broken,0.0,0.0
16,82,2,broken,0.25,0.0
16,83,3,broken,0.25,0.0
16,84,4,R4,1.0,0.0
16,85,5,broken,0.0,0.0
16,86,6,broken,0.25,0.0
16,87,7,broken,0.0,0.0
16,88,8,R8,1.0,0.0
16,89,9,broken,0.0,0.0
16,8a,10,broken,0.25,0.0
16,8b,11,broken,0.25,0.0
16,8c,12,broken,0.0,0.0
16,8d,13,broken,0.0,0.0
16,8e,14,broken,0.0,0.0
16,8f,15,broken,0.0,0.0
16,90,16,T,1.0,1.0
16,91,17,broken,0.0,0.0
16,92,18,broken,0.0234375,0.0
16,93,19,broken,0.0,0.0
16,94,20,broken,0.25,0.0
16,95,21,broken,0.0,0.0
16,96,22,broken,0.0,0.0
16,97,23,broken,0.0,0.0
16,98,24,broken,0.25,0.0
16,99,25,broken,0.25,0.0
16,9a,26,broken,0.0,0.0
16,9b,27,broken,0.5,0.0
16,9c,28,broken,0.0,0.0
16,9d,29,broken,0.0,0.0
16,9e,30,broken,0.0,0.0
16,9f,31,broken,0.0,0.0
16,a0,0,broken,1.0,1.0
16,a1,1,broken,0.25,0.0
16,a2,2,broken,0.25,0.0
16,a3,3,broken,0.0,0.0
16,a4,4,R4,1.0,0.0
16,a5,5,broken,0.0,0.0
16,a6,6,broken,0.75,0.0
16,a7,7,broken,0.0,0.0
16,a8,8,R8,1.0,0.0
16,a9,9,broken,0.25,0.0
16,aa,10,broken,0.5,0.0
16,ab,11,broken,0.25,0.0
16,ac,12,broken,0.25,0.0
16,ad,13,broken,0.25,0.0
16,ae,14,broken,0.0,0.0
16,af,15,broken,0.25,0.0
16,b0,16,T,1.0,1.0
16,b1,17,broken,0.0,0.0
16,b2,18,broken,0.1796875,0.0
16,b3,19,broken,0.0,0.0
16,b4,20,broken,0.0,0.0
16,b5,21,broken,0.0,0.0
16,b6,22,broken,0.25,0.0
16,b7,23,broken,0.0,0.0
16,b8,24,broken,0.0,0.0
16,b9,25,broken,0.0,0.0
16,ba,26,broken,0.0,0.0
16,bb,27,broken,0.0,0.0
16,bc,28,broken,0.0,0.0
16,bd,29,broken,0.0,0.0
16,be,30,broken,0.25,0.0
16,bf,31,broken,0.0,0.0
16,c0,0,broken,0.1796875,0.4140625
16,c1,1,broken,0.0,0.0
16,c2,2,broken,0.0,0.4921875
16,c3,3,broken,0.0,0.6640625
16,c4,4,broken,0.0,0.125
16,c5,5,broken,0.0,0.0
16,c6,6,broken,1.0,1.0
16,c7,7,broken,0.0,0.0
16,c8,8,R8,1.0,0.0
16,c9,9,broken,0.0078125,0.1796875
16,ca,10,broken,0.0,0.2109375
16,cb,11,broken,1.0,1.0
16,cc,12,broken,0.0,0.171875
16,cd,13,broken,0.0,0.078125
16,ce,14,broken,1.0,1.0
16,cf,15,broken,0.25,0.140625
16,d0,16,broken,0.0546875,0.328125
16,d1,17,broken,0.40625,0.0
16,d2,18,broken,0.0,0.609375
16,d3,19,broken,1.0,1.0
16,d4,20,broken,0.0,0.09375
16,d5,21,broken,0.0,0.0
16,d6,22,broken,1.0,1.0
16,d7,23,broken,0.0,0.1328125
16,d8,24,broken,0.0,0.0
16,d9,25,broken,0.0,0.0
16,da,26,broken,0.015625,0.34375
16,db,27,broken,1.0,1.0
16,dc,28,broken,0.0078125,0.1875
16,dd,29,broken,0.25,0.265625
16,de,30,broken,1.0,1.0
16,df,31,broken,0.0,0.2109375
16,e0,0,broken,0.0625,0.328125
16,e1,1,broken,0.21875,0.078125
16,e2,2,broken,0.0,0.453125
16,e3,3,broken,0.0859375,0.0
16,e4,4,broken,0.0,0.1015625
16,e5,5,broken,0.25,0.0
16,e6,6,broken,1.0,1.0
16,e7,7,broken,0.0,0.0
16,e8,8,R8,1.0,0.0
16,e9,9,broken,1.0,1.0
16,ea,10,broken,0.0,0.2265625
16,eb,11,broken,0.75,0.0
16,ec,12,broken,0.0390625,0.1015625
16,ed,13,broken,1.0,1.0
16,ee,14,broken,1.0,1.0
16,ef,15,broken,0.0,0.078125
16,f0,16,broken,0.0703125,0.375
16,f1,17,broken,0.0,0.0
16,f2,18,broken,0.0,0.671875
16,f3,19,broken,0.0,0.0
16,f4,20,broken,0.0,0.09375
16,f5,21,broken,0.0,0.0
16,f6,22,broken,1.0,1.0
16,f7,23,broken,0.0,0.125
16,f8,24,broken,0.25,0.0
16,f9,25,broken,0.0,0.0
16,fa,26,broken,0.0,0.1796875
16,fb,27,broken,0.0,0.0
16,fc,28,broken,0.25,0.078125
16,fd,29,broken,0.015625,0.0859375
16,fe,30,broken,1.0,1.0
16,ff,31,broken,0.0,0.15625
20,00,0,broken,1.0,1.0
20,01,1,broken,0.0,0.2890625
20,02,2,broken,1.0,0.0
20,03,3,broken,0.5,0.0
20,04,4,R4,1.0,0.0
20,05,5,R5,1.0,0.0
20,06,6,broken,1.0,1.0
20,07,7,broken,0.5,0.0
20,08,8,broken,1.0,0.0
20,09,9,broken,0.0,0.0
20,0a,10,R10,1.0,0.0
20,0b,11,broken,0.0,0.0
20,0c,12,broken,0.25,0.0
20,0d,13,broken,0.5,0.0
20,0e,14,broken,0.3359375,0.296875
20,0f,15,broken,0.0,0.0
20,10,16,broken,0.0,0.234375
20,11,17,broken,0.0625,0.2265625
20,12,18,broken,1.0,0.0
20,13,19,broken,0.75,0.0
20,14,20,broken,0.0,0.0
20,15,21,broken,0.0,0.0
20,16,22,broken,0.0,0.0
20,17,23,broken,0.5,0.0
20,18,24,broken,0.0,0.234375
20,19,25,broken,0.25,0.0
20,1a,26,broken,0.25,0.0
20,1b,27,broken,0.0,0.0
20,1c,28,broken,0.0,0.0
20,1d,29,broken,0.25,0.0
20,1e,30,broken,0.0,0.0
20,1f,31,broken,0.25,0.0
20,20,32,broken,0.25,0.4375
20,21,33,broken,0.25,0.5
20,22,34,broken,0.0234375,0.0
20,23,35,broken,0.0,0.0
20,24,36,broken,0.0,0.0
20,25,37,broken,0.0,0.0
20,26,38,broken,0.0546875,0.0
20,27,39,broken,0.25,0.0
20,28,0,broken,1.0,1.0
20,29,1,broken,0.0,0.0
20,2a,2,broken,0.25,0.140625
20,2b,3,broken,0.25,0.25
20,2c,4,broken,0.0,0.0
20,2d,5,broken,0.2578125,0.0
20,2e,6,broken,0.0,0.0
20,2f,7,broken,0.5,0.0
20,30,8,broken,0.0,0.1953125
20,31,9,broken,0.25,0.09375
20,32,10,broken,0.0,0.0
20,33,11,broken,0.0,0.0
20,34,12,broken,0.0,0.0
20,35,13,broken,0.0,0.0
20,36,14,broken,1.0,0.0
20,37,15,broken,0.25,0.0
20,38,16,broken,1.0,1.0
20,39,17,broken,0.0859375,0.0234375
20,3a,18,broken,0.0,0.25
20,3b,19,broken,0.25,0.0
20,3c,20,T,1.0,1.0
20,3d,21,broken,0.25,0.0
20,3e,22,broken,1.0,1.0
20,3f,23,broken,0.0,0.0
20,40,24,broken,0.25,0.0
20,41,25,broken,0.0,0.0
20,42,26,broken,0.0,0.0
20,43,27,broken,0.0,0.0
20,44,28,broken,0.25,0.0
20,45,29,broken,0.5,0.0
20,46,30,broken,0.25,0.0
20,47,31,broken,0.0,0.0
20,48,32,broken,0.0,0.0
20,49,33,broken,0.25,0.0
20,4a,34,broken,0.0,0.0
20,4b,35,broken,0.0,0.0
20,4c,36,broken,0.0,0.0
20,4d,37,broken,0.0,0.0
20,4e,38,broken,0.25,0.0
20,4f,39,broken,0.5,0.0
20,50,0,broken,1.0,1.0
20,51,1,broken,0.25,0.0
20,52,2,broken,0.0,0.0
20,53,3,broken,0.0,0.0
20,54,4,R4,1.0,0.0
20,55,5,R5,1.0,0.0
20,56,6,broken,0.0234375,0.0
20,57,7,broken,0.5,0.0
20,58,8,broken,1.0,0.0
20,59,9,broken,0.0,0.0
20,5a,10,R10,1.0,0.0
20,5b,11,broken,0.0,0.0
20,5c,12,broken,0.0,0.0
20,5d,13,broken,0.25,0.0
20,5e,14,broken,0.5,0.0
20,5f,15,broken,0.25,0.0
20,60,16,broken,0.25,0.0
20,61,17,broken,0.0,0.0
20,62,18,broken,0.0,0.0
20,63,19,broken,0.25,0.0
20,64,20,T,1.0,1.0
20,65,21,broken,0.0,0.0
20,66,22,broken,0.140625,0.03125
20,67,23,broken,0.0,0.0
20,68,24,broken,0.0,0.0
20,69,25,broken,0.0,0.0
20,6a,26,broken,0.0,0.0
20,6b,27,broken,0.0,0.0
20,6c,28,broken,0.0,0.0
20,6d,29,broken,0.25,0.0
20,6e,30,broken,0.4921875,0.015625
20,6f,31,broken,0.0,0.0
20,70,32,broken,1.0,0.0
20,71,33,broken,1.0,0.0
20,72,34,broken,1.0,0.0
20,73,35,broken,1.0,0.0
20,74,36,broken,1.0,0.0
20,75,37,broken,1.0,0.0
20,76,38,broken,1.0,1.0
20,77,39,broken,1.0,0.0
20,78,0,broken,1.0,1.0
20,79,1,broken,0.0,0.0
20,7a,2,broken,0.0,0.0
20,7b,3,broken,0.03125,0.0
20,7c,4,R4,1.0,0.0
20,7d,5,R5,1.0,0.0
20,7e,6,broken,0.25,0.0
20,7f,7,broken,0.0,0.0
20,80,8,broken,1.0,0.0
20,81,9,broken,0.0,0.0
20,82,10,R10,1.0,0.0
20,83,11,broken,0.25,0.0
20,84,12,broken,0.25,0.0
20,85,13,broken,0.0,0.0
20,86,14,broken,0.0,0.0
20,87,15,broken,0.25,0.0
20,88,16,broken,0.0,0.0
20,89,17,broken,0.0,0.0
20,8a,18,broken,0.0,0.0
20,8b,19,broken,0.0,0.0
20,8c,20,T,1.0,1.0
20,8d,21,broken,0.0,0.0
20,8e,22,broken,0.0078125,0.0
20,8f,23,broken,0.0,0.0
20,90,24,broken,0.25,0.0
20,91,25,broken,0.25,0.0
20,92,26,broken,0.0,0.0
20,93,27,broken,0.0,0.0
20,94,28,broken,0.0,0.0
20,95,29,broken,0.25,0.0
20,96,30,broken,0.0,0.0
20,97,31,broken,0.75,0.0
20,98,32,broken,0.25,0.0
20,99,33,broken,0.25,0.0
20,9a,34,broken,0.0,0.0
20,9b,35,broken,0.0,0.0
20,9c,36,broken,0.0546875,0.0
20,9d,37,broken,0.25,0.0
20,9e,38,broken,0.0,0.0
20,9f,39,broken,0.0,0.0
20,a0,0,broken,1.0,1.0
20,a1,1,broken,0.25,0.0
20,a2,2,broken,0.0,0.0
20,a3,3,broken,0.0,0.0
20,a4,4,R4,1.0,0.0
20,a5,5,R5,1.0,0.0
20,a6,6,broken,0.5,0.0
20,a7,7,broken,0.5,0.0
20,a8,8,broken,1.0,0.0
20,a9,9,broken,0.0,0.0
20,aa,10,R10,1.0,0.0
20,ab,11,broken,0.0,0.0
20,ac,12,broken,0.5,0.0
20,ad,13,broken,0.25,0.0
20,ae,14,broken,0.25,0.0
20,af,15,broken,0.0,0.0
20,b0,16,broken,0.0,0.0
20,b1,17,broken,0.5,0.0
20,b2,18,broken,0.0,0.0
20,b3,19,broken,0.25,0.0
20,b4,20,T,1.0,1.0
20,b5,21,broken,0.0,0.0
20,b6,22,broken,0.21875,0.0
20,b7,23,broken,0.25,0.0
20,b8,24,broken,0.0,0.0
20,b9,25,broken,0.25,0.0
20,ba,26,broken,0.0,0.0
20,bb,27,broken,0.0,0.0
20,bc,28,broken,0.25,0.0
20,bd,29,broken,0.0,0.0
20,be,30,broken,0.25,0.0
20,bf,31,broken,0.0,0.0
20,c0,32,broken,0.1171875,0.1953125
20,c1,33,broken,0.0,0.0
20,c2,34,broken,0.25,0.375
20,c3,35,broken,0.0,0.328125
20,c4,36,broken,0.0,0.125
20,c5,37,broken,0.25,0.0
20,c6,38,broken,1.0,1.0
20,c7,39,broken,0.0,0.0
20,c8,0,broken,1.0,1.0
20,c9,1,broken,0.140625,0.3125
20,ca,2,broken,0.25,0.3828125
20,cb,3,broken,1.0,1.0
20,cc,4,broken,0.0,0.265625
20,cd,5,broken,0.0,0.0625
20,ce,6,broken,1.0,1.0
20,cf,7,broken,0.0,0.109375
20,d0,8,broken,0.0703125,0.109375
20,d1,9,broken,0.5,0.0
20,d2,10,broken,0.0,0.015625
20,d3,11,broken,1.0,1.0
20,d4,12,broken,0.265625,0.0859375
20,d5,13,broken,0.5,0.0
20,d6,14,broken,1.0,1.0
20,d7,15,broken,0.0,0.140625
20,d8,16,broken,0.25,0.0
20,d9,17,broken,0.0,0.0
20,da,18,broken,0.25,0.4453125
20,db,19,broken,1.0,1.0
20,dc,20,broken,0.5078125,0.3046875
20,dd,21,broken,0.0,0.1796875
20,de,22,broken,1.0,1.0
20,df,23,broken,0.0,0.1171875
20,e0,24,broken,0.0546875,0.2109375
20,e1,25,broken,0.1015625,0.0390625
20,e2,26,broken,0.2734375,0.359375
20,e3,27,broken,0.1640625,0.0
20,e4,28,broken,0.25,0.3671875
20,e5,29,broken,0.0,0.0
20,e6,30,broken,1.0,1.0
20,e7,31,broken,0.0,0.0859375
20,e8,32,broken,0.0,0.0
20,e9,33,broken,1.0,1.0
20,ea,34,broken,0.5,0.2578125
20,eb,35,broken,0.0,0.0
20,ec,36,broken,0.0,0.109375
20,ed,37,broken,1.0,1.0
20,ee,38,broken,1.0,1.0
20,ef,39,broken,0.0,0.0
20,f0,0,broken,0.0234375,0.203125
20,f1,1,broken,0.5,0.0
20,f2,2,broken,0.5,0.2734375
20,f3,3,broken,0.0,0.0
20,f4,4,broken,0.25,0.3828125
20,f5,5,R5,1.0,0.0
20,f6,6,broken,1.0,1.0
20,f7,7,broken,0.078125,0.2109375
20,f8,8,broken,1.0,0.0
20,f9,9,broken,0.0,0.0
20,fa,10,broken,0.0,0.1875
20,fb,11,broken,0.0,0.0
20,fc,12,broken,0.0,0.1484375
20,fd,13,broken,0.25,0.3828125
20,fe,14,broken,1.0,1.0
20,ff,15,broken,0.0,0.234375
32,00,0,broken,1.0,1.0
32,01,1,broken,0.25,0.0546875
32,02,2,broken,1.0,0.0
32,03,3,broken,0.25,0.0
32,04,4,R4,1.0,0.0
32,05,5,broken,1.0,0.0
32,06,6,broken,1.0,1.0
32,07,7,broken,1.0,0.0
32,08,8,R8,1.0,0.0
32,09,9,broken,1.0,0.0
32,0a,10,broken,0.25,0.0
32,0b,11,broken,0.5,0.0
32,0c,12,broken,0.25,0.0
32,0d,13,broken,0.5,0.0
32,0e,14,broken,0.03125,0.0859375
32,0f,15,broken,0.75,0.0
32,10,16,broken,0.0,0.25
32,11,17,broken,0.2265625,0.1796875
32,12,18,broken,1.0,0.0
32,13,19,broken,0.0,0.0
32,14,20,broken,0.0,0.0
32,15,21,broken,0.5,0.0
32,16,22,broken,1.0,1.0
32,17,23,broken,0.25,0.0
32,18,24,broken,0.0,0.28125
32,19,25,broken,0.0,0.0
32,1a,26,broken,0.25,0.0
32,1b,27,broken,0.25,0.0
32,1c,28,broken,0.25,0.0
32,1d,29,broken,0.0,0.0
32,1e,30,broken,0.25,0.0
32,1f,31,broken,0.0,0.0
32,20,32,broken,0.0,0.359375
32,21,33,broken,0.0546875,0.1015625
32,22,34,broken,0.25,0.0
32,23,35,broken,0.0,0.0
32,24,36,broken,0.25,0.0
32,25,37,broken,0.5,0.0
32,26,38,broken,1.0,1.0
32,27,39,broken,0.75,0.0
32,28,40,broken,1.0,1.0
32,29,41,broken,0.0,0.0
32,2a,42,broken,0.0,0.234375
32,2b,43,broken,0.59375,0.03125
32,2c,44,broken,0.25,0.0
32,2d,45,broken,0.203125,0.0546875
32,2e,46,broken,0.21875,0.0
32,2f,47,broken,0.0,0.0
32,30,48,broken,0.0,0.3046875
32,31,49,broken,0.25,0.25
32,32,50,broken,0.25,0.0
32,33,51,broken,0.25,0.0
32,34,52,broken,0.25,0.0
32,35,53,broken,0.0,0.0
32,36,54,broken,1.0,0.0
32,37,55,broken,0.25,0.0
32,38,56,broken,1.0,1.0
32,39,57,broken,0.3359375,0.046875
32,3a,58,broken,0.25,0.1484375
32,3b,59,broken,0.25,0.0
32,3c,60,broken,0.0,0.0
32,3d,61,broken,0.25,0.0
32,3e,62,broken,1.0,1.0
32,3f,63,broken,0.0,0.0
32,40,0,broken,1.0,1.0
32,41,1,broken,0.0,0.0
32,42,2,broken,0.0,0.0
32,43,3,broken,0.25,0.0
32,44,4,R4,1.0,0.0
32,45,5,broken,0.75,0.0
32,46,6,broken,0.75,0.0
32,47,7,broken,0.75,0.0
32,48,8,R8,1.0,0.0
32,49,9,broken,0.5,0.0
32,4a,10,broken,0.0,0.0
32,4b,11,broken,0.75,0.0
32,4c,12,broken,0.75,0.0
32,4d,13,broken,0.25,0.0
32,4e,14,broken,0.0,0.0
32,4f,15,broken,0.0,0.0
32,50,16,R16,1.0,0.0
32,51,17,broken,0.5,0.0
32,52,18,broken,0.0,0.0
32,53,19,broken,0.0,0.0
32,54,20,broken,0.5,0.0
32,55,21,broken,0.5,0.0
32,56,22,broken,0.0,0.0
32,57,23,broken,0.25,0.0
32,58,24,broken,0.0,0.0
32,59,25,broken,0.25,0.0
32,5a,26,broken,0.0,0.0
32,5b,27,broken,0.25,0.0
32,5c,28,broken,0.0,0.0
32,5d,29,broken,0.0,0.0
32,5e,30,broken,0.25,0.0
32,5f,31,broken,0.25,0.0
32,60,32,T,1.0,1.0
32,61,33,broken,0.0,0.0
32,62,34,broken,0.0,0.0
32,63,35,broken,0.0,0.0
32,64,36,broken,0.0,0.0
32,65,37,broken,0.0,0.0
32,66,38,broken,0.25,0.0
32,67,39,broken,0.0,0.0
32,68,40,broken,0.0,0.0
32,69,41,broken,0.0,0.0
32,6a,42,broken,0.0,0.0
32,6b,43,broken,0.0,0.0
32,6c,44,broken,0.0,0.0
32,6d,45,broken,0.25,0.0
32,6e,46,broken,0.296875,0.015625
32,6f,47,broken,0.25,0.0
32,70,48,broken,1.0,0.0
32,71,49,broken,1.0,0.0
32,72,50,broken,1.0,0.0
32,73,51,broken,1.0,0.0
32,74,52,broken,1.0,0.0
32,75,53,broken,1.0,0.0
32,76,54,broken,1.0,1.0
32,77,55,broken,1.0,0.0
32,78,56,broken,0.0,0.0
32,79,57,broken,0.0,0.0
32,7a,58,broken,0.0,0.0
32,7b,59,broken,0.25,0.0
32,7c,60,broken,0.0,0.0
32,7d,61,broken,0.25,0.0
32,7e,62,broken,0.0,0.0
32,7f,63,broken,0.0,0.0
32,80,0,broken,1.0,1.0
32,81,1,broken,0.0,0.0
32,82,2,broken,0.0,0.0
32,83,3,broken,0.0,0.0
32,84,4,R4,1.0,0.0
32,85,5,broken,0.75,0.0
32,86,6,broken,0.75,0.0
32,87,7,broken,1.0,0.0
32,88,8,R8,1.0,0.0
32,89,9,broken,0.5,0.0
32,8a,10,broken,0.5,0.0
32,8b,11,broken,0.5,0.0
32,8c,12,broken,0.25,0.0
32,8d,13,broken,0.5,0.0
32,8e,14,broken,0.25,0.0
32,8f,15,broken,0.5,0.0
32,90,16,R16,1.0,0.0
32,91,17,broken,0.25,0.0
32,92,18,broken,0.5,0.0
32,93,19,broken,0.0,0.0
32,94,20,broken,0.0,0.0
32,95,21,broken,0.0,0.0
32,96,22,broken,0.0,0.0
32,97,23,broken,0.0,0.0
32,98,24,broken,0.25,0.0
32,99,25,broken,0.25,0.0
32,9a,26,broken,0.0,0.0
32,9b,27,broken,0.0,0.0
32,9c,28,broken,0.0,0.0
32,9d,29,broken,0.0,0.0
32,9e,30,broken,0.25,0.0
32,9f,31,broken,0.25,0.0
32,a0,32,T,1.0,1.0
32,a1,33,broken,0.25,0.0
32,a2,34,broken,0.21875,0.0
32,a3,35,broken,0.25,0.0
32,a4,36,broken,0.0,0.0
32,a5,37,broken,0.0,0.0078125
32,a6,38,broken,0.0,0.0
32,a7,39,broken,0.25,0.0
32,a8,40,broken,0.0,0.0
32,a9,41,broken,0.25,0.0
32,aa,42,broken,0.0,0.0
32,ab,43,broken,0.25,0.0
32,ac,44,broken,0.5,0.0
32,ad,45,broken,0.25,0.0
32,ae,46,broken,0.0,0.0
32,af,47,broken,0.75,0.0
32,b0,48,broken,0.25,0.0
32,b1,49,broken,0.25,0.0
32,b2,50,broken,0.25,0.0
32,b3,51,broken,0.0,0.0
32,b4,52,broken,0.0,0.0
32,b5,53,broken,0.0,0.0
32,b6,54,broken,0.0,0.0
32,b7,55,broken,0.25,0.0
32,b8,56,broken,0.25,0.0
32,b9,57,broken,0.0,0.0
32,ba,58,broken,0.0,0.0
32,bb,59,broken,0.25,0.0
32,bc,60,broken,0.0,0.0
32,bd,61,broken,0.25,0.0
32,be,62,broken,0.0,0.0
32,bf,63,broken,0.25,0.0
32,c0,0,broken,0.015625,0.203125
32,c1,1,broken,0.25,0.0
32,c2,2,broken,0.25,0.390625
32,c3,3,broken,0.0,0.2890625
32,c4,4,broken,0.0,0.2109375
32,c5,5,broken,1.0,0.0
32,c6,6,broken,1.0,1.0
32,c7,7,broken,0.0,0.0
32,c8,8,R8,1.0,0.0
32,c9,9,broken,0.03125,0.203125
32,ca,10,broken,0.0078125,0.1484375
32,cb,11,broken,1.0,1.0
32,cc,12,broken,0.0,0.09375
32,cd,13,broken,0.0,0.2578125
32,ce,14,broken,1.0,1.0
32,cf,15,broken,0.0,0.0
32,d0,16,broken,0.1953125,0.0859375
32,d1,17,broken,0.25,0.0
32,d2,18,broken,0.0,0.3203125
32,d3,19,broken,1.0,1.0
32,d4,20,broken,0.0,0.1875
32,d5,21,broken,0.0,0.0
32,d6,22,broken,1.0,1.0
32,d7,23,broken,0.0,0.09375
32,d8,24,broken,0.5,0.0
32,d9,25,broken,0.25,0.0
32,da,26,broken,0.0,0.25
32,db,27,broken,1.0,1.0
32,dc,28,broken,0.25,0.359375
32,dd,29,broken,0.25,0.3359375
32,de,30,broken,1.0,1.0
32,df,31,broken,0.0,0.3515625
32,e0,32,broken,0.0234375,0.1875
32,e1,33,broken,0.1796875,0.0546875
32,e2,34,broken,0.0,0.2109375
32,e3,35,broken,0.1171875,0.0
32,e4,36,broken,0.0,0.265625
32,e5,37,broken,0.25,0.0
32,e6,38,broken,1.0,1.0
32,e7,39,broken,0.0,0.2109375
32,e8,40,broken,0.0,0.0
32,e9,41,broken,1.0,1.0
32,ea,42,broken,0.0,0.0078125
32,eb,43,broken,0.0,0.0
32,ec,44,broken,0.25,0.4609375
32,ed,45,broken,1.0,1.0
32,ee,46,broken,1.0,1.0
32,ef,47,broken,0.0,0.2734375
32,f0,48,broken,0.0078125,0.140625
32,f1,49,broken,0.25,0.0
32,f2,50,broken,0.0,0.28125
32,f3,51,broken,0.25,0.0
32,f4,52,broken,0.0,0.25
32,f5,53,broken,0.25,0.0
32,f6,54,broken,1.0,1.0
32,f7,55,broken,0.0,0.296875
32,f8,56,broken,0.25,0.0
32,f9,57,broken,0.0,0.0
32,fa,58,broken,0.0,0.1875
32,fb,59,broken,0.0,0.0
32,fc,60,broken,0.25,0.3671875
32,fd,61,broken,0.25,0.2578125
32,fe,62,broken,1.0,1.0
32,ff,63,broken,0.0,0.109375
