stage,L,seed,core_share,offset_L_share,offset_4_share,offset_8_share,offset_5_share,offset_10_share,offset_16_share
G,16,2001,0.0,0.0,0.0,0.0,0.0,0.0,0.0
G,16,2002,0.0,0.0,0.0,0.0,0.0,0.0,0.0
G,16,2003,0.0,0.0,0.0,0.0,0.0,0.0,0.0
G,16,2004,0.0,0.0,0.0,0.0,0.0,0.0,0.0
G,16,2005,0.0,0.0,0.0,0.0,0.0,0.0,0.0
G,16,2006,0.0,0.0,0.0,0.0,0.0,0.0,0.0
G,16,2007,0.0,0.0,0.0,0.0,0.0,0.0,0.0
G,16,2008,0.0,0.0,0.0,0.0,0.0,0.0,0.0
G,16,2009,0.0,0.0,0.0,0.0,0.0,0.0,0.0
G,16,2010,0.0,0.0,0.0,0.0,0.0,0.0,0.0
G,16,2011,0.023,0.0152,0.00185,0.0056,0.0,0.0,0.0152
G,16,2012,0.0,0.0,0.0,0.0,0.0,0.0,0.0
G,16,2013,0.0,0.0,0.0,0.0,0.0,0.0,0.0
G,16,2014,0.0,0.0,0.0,0.0,0.0,0.0,0.0
G,16,2015,0.0,0.0,0.0,0.0,0.0,0.0,0.0
G,16,2016,0.0,0.0,0.0,0.0,0.0,0.0,0.0
G,16,2017,0.0,0.0,0.0,0.0,0.0,0.0,0.0
G,16,2018,0.0,0.0,0.0,0.0,0.0,0.0,0.0
G,16,2019,0.0,0.0,0.0,0.0,0.0,0.0,0.0
G,16,2020,0.0,0.0,0.0,0.0,0.0,0.0,0.0
G,20,2001,0.0,0.0,0.0,0.0,0.0,0.0,0.0
G,20,2002,0.0,0.0,0.0,0.0,0.0,0.0,0.0
G,20,2003,0.0,0.0,0.0,0.0,0.0,0.0,0.0
G,20,2004,0.58425,0.0085,0.5097,0.00025,0.0467,0.01685,0.0001
G,20,2005,0.0,0.0,0.0,0.0,0.0,0.0,0.0
G,20,2006,0.66465,0.0205,0.55225,5e-05,0.0669,0.023,5e-05
G,20,2007,0.61255,0.00845,0.4966,0.00065,0.08135,0.0235,0.0001
G,20,2008,0.0,0.0,0.0,0.0,0.0,0.0,0.0
G,20,2009,0.0,0.0,0.0,0.0,0.0,0.0,0.0
G,20,2010,0.0,0.0,0.0,0.0,0.0,0.0,0.0
G,20,2011,0.64565,0.0058,0.51605,0.00405,0.085,0.03265,0.0
G,20,2012,0.86625,0.0213,0.78305,0.0007,0.04505,0.0126,0.00015
G,20,2013,0.683,0.0042,0.5701,0.00025,0.0875,0.019,0.0
G,20,2014,0.0,0.0,0.0,0.0,0.0,0.0,0.0
G,20,2015,0.6612,0.008,0.55255,5e-05,0.079,0.0196,0.0001
G,20,2016,0.84455,0.02005,0.7396,0.0001,0.0464,0.03535,0.0002
G,20,2017,0.0,0.0,0.0,0.0,0.0,0.0,0.0
G,20,2018,0.67545,0.00455,0.59795,0.0008,0.04755,0.02295,5e-05
G,20,2019,0.0002,0.0,0.0,5e-05,0.0,0.0,0.00015
G,20,2020,0.6687,0.00745,0.56485,0.0001,0.0853,0.0093,5e-05
G,50,2001,0.0,0.0,0.0,0.0,0.0,0.0,0.0
G,50,2002,0.0,0.0,0.0,0.0,0.0,0.0,0.0
G,50,2003,0.0,0.0,0.0,0.0,0.0,0.0,0.0
G,50,2004,0.0,0.0,0.0,0.0,0.0,0.0,0.0
G,50,2005,0.0,0.0,0.0,0.0,0.0,0.0,0.0
G,50,2006,0.0,0.0,0.0,0.0,0.0,0.0,0.0
G,50,2007,0.0,0.0,0.0,0.0,0.0,0.0,0.0
G,50,2008,0.0,0.0,0.0,0.0,0.0,0.0,0.0
G,50,2009,0.0,0.0,0.0,0.0,0.0,0.0,0.0
G,50,2010,0.0,0.0,0.0,0.0,0.0,0.0,0.0
G,50,2011,0.0,0.0,0.0,0.0,0.0,0.0,0.0
G,50,2012,0.0,0.0,0.0,0.0,0.0,0.0,0.0
G,50,2013,0.0,0.0,0.0,0.0,0.0,0.0,0.0
G,50,2014,0.0,0.0,0.0,0.0,0.0,0.0,0.0
G,50,2015,0.0,0.0,0.0,0.0,0.0,0.0,0.0
G,50,2016,0.0,0.0,0.0,0.0,0.0,0.0,0.0
G,50,2017,0.0,0.0,0.0,0.0,0.0,0.0,0.0
G,50,2018,0.0,0.0,0.0,0.0,0.0,0.0,0.0
G,50,2019,0.0,0.0,0.0,0.0,0.0,0.0,0.0
G,50,2020,0.0,0.0,0.0,0.0,0.0,0.0,0.0
G,64,2001,0.0,0.0,0.0,0.0,0.0,0.0,0.0
G,64,2002,0.0,0.0,0.0,0.0,0.0,0.0,0.0
G,64,2003,0.0,0.0,0.0,0.0,0.0,0.0,0.0
G,64,2004,0.0,0.0,0.0,0.0,0.0,0.0,0.0
G,64,2005,0.86015,0.1307,0.5285,0.1684,5e-05,0.0,0.03085
G,64,2006,0.0,0.0,0.0,0.0,0.0,0.0,0.0
G,64,2007,0.0,0.0,0.0,0.0,0.0,0.0,0.0
G,64,2008,0.0,0.0,0.0,0.0,0.0,0.0,0.0
G,64,2009,0.0,0.0,0.0,0.0,0.0,0.0,0.0
G,64,2010,0.0,0.0,0.0,0.0,0.0,0.0,0.0
G,64,2011,0.83665,0.1044,0.6676,0.0215,0.0001,0.0,0.0
G,64,2012,0.84275,0.3631,0.4384,0.0223,0.0,5e-05,0.01765
G,64,2013,0.0,0.0,0.0,0.0,0.0,0.0,0.0
G,64,2014,0.0,0.0,0.0,0.0,0.0,0.0,0.0
G,64,2015,0.628,0.1759,0.09625,0.3023,0.0,0.0,0.00055
G,64,2016,0.0,0.0,0.0,0.0,0.0,0.0,0.0
G,64,2017,0.0,0.0,0.0,0.0,0.0,0.0,0.0
G,64,2018,0.0,0.0,0.0,0.0,0.0,0.0,0.0
G,64,2019,0.0,0.0,0.0,0.0,0.0,0.0,0.0
G,64,2020,0.0,0.0,0.0,0.0,0.0,0.0,0.0
I,16,4001,0.68945,0.5956,0.04045,0.04915,0.00015,0.0001,0.5956
I,16,4002,0.0,0.0,0.0,0.0,0.0,0.0,0.0
I,16,4003,0.0084,0.0071,0.00085,0.00035,0.0,0.0,0.0071
I,16,4004,0.47065,0.38265,0.02075,0.0647,0.00015,0.00015,0.38265
I,16,4005,0.002,0.00195,0.0,0.0,0.0,0.0,0.00195
I,16,4006,0.0,0.0,0.0,0.0,0.0,0.0,0.0
I,16,4007,0.68855,0.6031,0.0178,0.064,0.00015,0.0,0.6031
I,16,4008,0.67655,0.5901,0.0368,0.04645,0.0,0.0001,0.5901
I,16,4009,0.0,0.0,0.0,0.0,0.0,0.0,0.0
I,16,4010,0.69255,0.58335,0.0308,0.07405,0.0001,5e-05,0.58335
K,32,5001,0.0,0.0,0.0,0.0,0.0,0.0,0.0
K,32,5002,0.7777,0.0306,0.6616,0.05605,0.0,0.0,0.0276
K,32,5003,0.79685,0.1426,0.56225,0.08705,0.0,0.0001,0.0029
K,32,5004,0.0,0.0,0.0,0.0,0.0,0.0,0.0
K,32,5005,0.0,0.0,0.0,0.0,0.0,0.0,0.0
K,32,5006,0.7793,0.11595,0.3611,0.2954,0.0,5e-05,0.0051
K,32,5007,0.8335,0.0289,0.33475,0.43815,0.0,0.0,0.0295
K,32,5008,0.0,0.0,0.0,0.0,0.0,0.0,0.0
K,32,5009,0.81055,0.1763,0.3515,0.2592,0.0001,5e-05,0.02145
K,32,5010,0.5291,0.01685,0.5081,0.00255,5e-05,0.0,0.0006
K,32,5011,0.80055,0.05815,0.3037,0.43545,0.0,0.0,0.00095
K,32,5012,0.81075,0.01995,0.61455,0.1724,0.0001,0.0,0.00255
K,32,5013,0.0,0.0,0.0,0.0,0.0,0.0,0.0
K,32,5014,0.0,0.0,0.0,0.0,0.0,0.0,0.0
K,32,5015,0.77565,0.0316,0.362,0.36775,0.0,0.0,0.0122
K,32,5016,0.0,0.0,0.0,0.0,0.0,0.0,0.0
K,32,5017,0.5398,0.00905,0.5104,0.01555,5e-05,0.0,0.00365
K,32,5018,0.88415,0.10705,0.3646,0.40925,5e-05,5e-05,0.00065
K,32,5019,0.0,0.0,0.0,0.0,0.0,0.0,0.0
K,32,5020,0.85065,0.08945,0.5638,0.1834,0.0001,0.0,0.01235
L,16,6001,0.0,0.0,0.0,0.0,0.0,0.0,0.0
L,16,6002,0.0,0.0,0.0,0.0,0.0,0.0,0.0
L,16,6003,0.0,0.0,0.0,0.0,0.0,0.0,0.0
L,16,6004,0.0,0.0,0.0,0.0,0.0,0.0,0.0
L,16,6005,0.0,0.0,0.0,0.0,0.0,0.0,0.0
L,16,6006,0.0,0.0,0.0,0.0,0.0,0.0,0.0
L,16,6007,0.0,0.0,0.0,0.0,0.0,0.0,0.0
L,16,6008,0.0,0.0,0.0,0.0,0.0,0.0,0.0
L,16,6009,0.0,0.0,0.0,0.0,0.0,0.0,0.0
L,16,6010,0.0,0.0,0.0,0.0,0.0,0.0,0.0
L,20,6001,0.62235,0.01365,0.53885,0.0002,0.05105,0.01645,0.0001
L,20,6002,0.65825,0.01445,0.5685,0.00105,0.0452,0.0262,5e-05
L,20,6003,0.0,0.0,0.0,0.0,0.0,0.0,0.0
L,20,6004,0.69195,0.01505,0.5994,0.0003,0.07105,0.0036,0.00015
L,20,6005,0.66515,0.0074,0.54555,0.0002,0.09165,0.01805,0.0
L,20,6006,0.67505,0.0047,0.5407,0.0024,0.10005,0.0254,0.0001
L,20,6007,0.6324,0.0204,0.53135,0.0001,0.06565,0.01235,5e-05
L,20,6008,0.647,0.035,0.5329,0.00015,0.07015,0.00645,0.0004
L,20,6009,0.65375,0.0093,0.54835,0.00205,0.07885,0.0126,0.0001
L,20,6010,0.0,0.0,0.0,0.0,0.0,0.0,0.0
