variant,p,seed,horizon,t_rep,t_closed,first_tape,first_open,first_loadpush,frac_heritable,frac_confined_of_heritable,frac_regenerator_of_heritable,frac_intermediate_of_heritable,frac_transmitter_of_heritable,median_unexec_sites_transmitters
lp0,0.0,9001,300000,250.0,72500.0,01 c5 01 c5 01 c5 01 c5 01 c5 01 c5 01 c5 01 c5,True,True,0.953125,1.0,0.0,0.125,0.875,9.0
lp0,0.0,9002,300000,1650.0,14750.0,21 e5 21 e5 21 e5 21 e5 21 e5 21 e5 21 e5 21 e5,True,True,0.90625,1.0,1.0,0.0,0.0,
lp0,0.0,9003,300000,150.0,50000.0,01 c5 01 c5 01 c5 01 c5 01 c5 01 c5 01 c5 01 c5,True,True,0.875,1.0,1.0,0.0,0.0,
lp0,0.0,9004,300000,1000.0,32500.0,01 c5 01 c5 01 c5 01 c5 01 c5 01 c5 01 c5 01 c5,True,True,0.859375,1.0,1.0,0.0,0.0,
lp0,0.0,9005,300000,100.0,1300.0,21 e5 21 e5 21 e5 21 e5 21 e5 21 e5 21 e5 21 e5,True,True,0.90625,1.0,1.0,0.0,0.0,
lp0,0.0,9006,300000,400.0,100000.0,01 c5 01 c5 01 c5 01 c5 01 c5 01 c5 01 c5 01 c5,True,True,0.90625,1.0,1.0,0.0,0.0,
lp0,0.0,9007,300000,3000.0,16250.0,01 c5 01 c5 01 c5 01 c5 01 c5 01 c5 01 c5 01 c5,True,True,0.96875,1.0,1.0,0.0,0.0,
lp0,0.0,9008,300000,550.0,18000.0,01 c5 01 c5 01 c5 01 c5 01 c5 01 c5 01 c5 01 c5,True,True,0.890625,1.0,1.0,0.0,0.0,
lp0,0.0,9009,300000,400.0,30000.0,01 c5 01 c5 01 c5 01 c5 01 c5 01 c5 01 c5 01 c5,True,True,0.8125,1.0,1.0,0.0,0.0,
lp0,0.0,9010,300000,150.0,7750.0,01 c5 01 c5 01 c5 01 c5 01 c5 01 c5 01 c5 01 c5,True,True,0.84375,1.0,1.0,0.0,0.0,
lp001,0.01,9001,300000,200.0,120000.0,01 c5 01 c5 01 c5 01 c5 01 c5 01 c5 01 c5 01 c5,True,True,0.765625,0.6122448979591837,0.6122448979591837,0.0,0.0,
lp001,0.01,9002,300000,600.0,82500.0,01 c5 01 c5 01 c5 01 c5 01 c5 01 c5 01 c5 01 c5,True,True,0.96875,1.0,0.75,0.0625,0.1875,11.0
lp001,0.01,9003,300000,250.0,257500.0,01 c5 01 c5 01 c5 01 c5 01 c5 01 c5 01 c5 01 c5,True,True,0.890625,0.9824561403508771,0.0,0.0,0.9824561403508771,5.0
lp001,0.01,9004,300000,700.0,17250.0,21 e5 21 e5 21 e5 21 e5 21 e5 21 e5 21 e5 21 e5,True,True,0.875,0.6785714285714286,0.6785714285714286,0.0,0.0,
lp001,0.01,9005,300000,150.0,42500.0,21 e5 21 e5 21 e5 21 e5 21 e5 21 e5 21 e5 21 e5,True,True,0.8125,0.5961538461538461,0.5961538461538461,0.0,0.0,
lp001,0.01,9006,300000,350.0,27500.0,11 d5 11 d5 11 d5 11 d5 11 d5 11 d5 11 d5 11 d5,True,True,0.703125,0.5333333333333333,0.5333333333333333,0.0,0.0,
lp001,0.01,9007,300000,150.0,11250.0,11 d5 11 d5 11 d5 11 d5 11 d5 11 d5 11 d5 11 d5,True,True,0.9375,0.5,0.5,0.0,0.0,
lp001,0.01,9008,300000,200.0,55000.0,01 c5 01 c5 01 c5 01 c5 01 c5 01 c5 01 c5 01 c5,True,True,0.828125,0.5660377358490566,0.5660377358490566,0.0,0.0,
lp001,0.01,9009,300000,450.0,75000.0,01 c5 01 c5 01 c5 01 c5 01 c5 01 c5 01 c5 01 c5,True,True,0.703125,0.6222222222222222,0.6222222222222222,0.0,0.0,
lp001,0.01,9010,300000,600.0,30000.0,11 d5 11 d5 11 d5 11 d5 11 d5 11 d5 11 d5 11 d5,True,True,0.859375,0.6363636363636364,0.6363636363636364,0.0,0.0,
lp003,0.03,9001,300000,300.0,60000.0,01 c5 01 c5 01 c5 01 c5 01 c5 01 c5 01 c5 01 c5,True,True,0.859375,0.41818181818181815,0.41818181818181815,0.0,0.0,
lp003,0.03,9002,300000,1100.0,80000.0,01 c5 01 c5 01 c5 01 c5 01 c5 01 c5 01 c5 01 c5,True,True,0.8125,1.0,1.0,0.0,0.0,
lp003,0.03,9003,300000,400.0,15000.0,01 c5 01 c5 01 c5 01 c5 01 c5 01 c5 01 c5 01 c5,True,True,0.890625,1.0,1.0,0.0,0.0,
lp003,0.03,9004,300000,3500.0,40000.0,21 e5 21 e5 21 e5 21 e5 21 e5 21 e5 21 e5 21 e5,True,True,0.953125,1.0,0.0,0.625,0.375,9.5
lp003,0.03,9005,300000,350.0,90000.0,01 c5 01 c5 01 c5 01 c5 01 c5 01 c5 01 c5 01 c5,True,True,0.984375,1.0,0.0,1.0,0.0,
lp003,0.03,9006,300000,450.0,32500.0,01 c5 01 c5 01 c5 01 c5 01 c5 01 c5 01 c5 01 c5,True,True,0.859375,1.0,1.0,0.0,0.0,
lp003,0.03,9007,300000,350.0,,11 d5 11 d5 11 d5 11 d5 11 d5 11 d5 11 d5 11 d5,True,True,0.9375,1.0,0.0,0.0,1.0,8.0
lp003,0.03,9008,300000,950.0,140000.0,11 d5 11 d5 11 d5 11 d5 11 d5 11 d5 11 d5 11 d5,True,True,0.78125,1.0,1.0,0.0,0.0,
lp003,0.03,9009,300000,3000.0,72500.0,01 c5 01 c5 01 c5 01 c5 01 c5 01 c5 01 c5 01 c5,True,True,0.765625,0.32653061224489793,0.32653061224489793,0.0,0.0,
lp003,0.03,9010,300000,150.0,30000.0,01 c5 01 c5 01 c5 01 c5 01 c5 01 c5 01 c5 01 c5,True,True,0.875,0.39285714285714285,0.39285714285714285,0.0,0.0,
lp01,0.1,9001,300000,18250.0,45000.0,e5 2a e5 2a e5 2a e5 2a e5 2a e5 2a e5 2a e5 2a,True,True,0.90625,0.9655172413793104,0.0,0.7080459770114942,0.2574712643678161,9.0
lp01,0.1,9002,300000,14500.0,45000.0,e5 2a e5 2a e5 2a e5 2a e5 2a e5 2a e5 2a e5 2a,True,True,0.96875,1.0,0.0,0.6875,0.3125,11.0
lp01,0.1,9003,300000,3000.0,130000.0,e5 2a e5 2a e5 2a e5 2a e5 2a e5 2a e5 2a e5 2a,True,True,0.90625,1.0,0.875,0.0625,0.0625,11.0
lp01,0.1,9004,300000,5000.0,115000.0,e5 2a e5 2a e5 2a e5 2a e5 2a e5 2a e5 2a e5 2a,True,True,0.859375,0.9818181818181818,0.0,0.8590909090909091,0.12272727272727273,10.5
lp01,0.1,9005,300000,22500.0,152500.0,e5 2a e5 2a e5 2a e5 2a e5 2a e5 2a e5 2a e5 2a,True,True,0.90625,1.0,0.0,0.0625,0.9375,9.0
lp01,0.1,9006,300000,37500.0,152500.0,e5 2a e5 2a e5 2a e5 2a e5 2a e5 2a e5 2a e5 2a,True,True,0.9375,0.9833333333333333,0.0,0.721111111111111,0.2622222222222222,12.0
lp01,0.1,9007,300000,40000.0,75000.0,e5 2a e5 2a e5 2a e5 2a e5 2a e5 2a e5 2a e5 2a,True,True,0.953125,1.0,0.0,0.5,0.5,11.5
lp01,0.1,9008,300000,1600.0,82500.0,e5 2a e5 2a e5 2a e5 2a e5 2a e5 2a e5 2a e5 2a,True,True,0.9375,1.0,0.0625,0.75,0.1875,12.0
lp01,0.1,9009,300000,3250.0,14750.0,e5 2a e5 2a e5 2a e5 2a e5 2a e5 2a e5 2a e5 2a,True,True,0.921875,1.0,0.0,0.625,0.375,10.0
lp01,0.1,9010,300000,2750.0,14500.0,e5 2a e5 2a e5 2a e5 2a e5 2a e5 2a e5 2a e5 2a,True,True,0.875,1.0,0.9375,0.0625,0.0,
lp03,0.3,9001,300000,57500.0,57500.0,04 5e ed b0 04 5e ed b0 04 5e ed b0 04 5e ed b0,False,False,0.953125,1.0,0.125,0.125,0.75,12.0
lp03,0.3,9002,300000,40000.0,40000.0,84 5e ed b0 84 5e ed b0 84 5e ed b0 84 5e ed b0,False,False,0.90625,1.0,0.0,0.375,0.625,11.5
lp03,0.3,9003,300000,137500.0,137500.0,04 5e ed b0 04 5e ed b0 04 5e ed b0 04 5e ed b0,False,False,0.921875,1.0,0.0,0.4375,0.5625,12.0
lp03,0.3,9004,300000,15750.0,117500.0,e5 2a e5 2a e5 2a e5 2a e5 2a e5 2a e5 2a e5 2a,True,True,0.9375,1.0,0.8125,0.0,0.1875,12.0
lp03,0.3,9005,300000,197500.0,197500.0,24 5e ed b0 24 5e ed b0 24 5e ed b0 24 5e ed b0,False,False,0.9375,1.0,0.0,0.1875,0.8125,12.0
lp03,0.3,9006,300000,17250.0,40000.0,e5 2a e5 2a e5 2a e5 2a e5 2a e5 2a e5 2a e5 2a,True,True,0.890625,1.0,0.0625,0.1875,0.75,12.0
lp03,0.3,9007,300000,187500.0,187500.0,b0 1e 24 ed b0 1e 24 ed b0 1e 24 ed b0 1e 24 ed,False,False,0.890625,1.0,0.8125,0.0625,0.125,8.5
lp03,0.3,9008,300000,117500.0,117500.0,11 28 6a ed b0 b4 c2 a8 11 28 6a ed b0 b4 c2 a8,False,False,0.90625,1.0,0.0,0.4375,0.5625,12.0
lp03,0.3,9009,300000,27500.0,27500.0,1e 24 ed b0 1e 24 ed b0 1e 24 ed b0 1e 24 ed b0,False,False,0.953125,0.9836065573770492,0.6762295081967213,0.06147540983606557,0.2459016393442623,10.5
lp03,0.3,9010,300000,25000.0,25000.0,b8 2e 04 ed b8 2e 04 ed b8 2e 04 ed b8 2e 04 ed,False,False,0.953125,1.0,0.375,0.625,0.0,
lp1,1.0,9001,300000,45000.0,45000.0,24 5e ed b0 24 5e ed b0 24 5e ed b0 24 5e ed b0,False,False,0.984375,1.0,0.1875,0.0,0.8125,12.0
lp1,1.0,9002,300000,65000.0,65000.0,04 5e ed b0 04 5e ed b0 04 5e ed b0 04 5e ed b0,False,False,0.984375,1.0,0.125,0.0625,0.8125,12.0
lp1,1.0,9003,300000,52500.0,52500.0,24 5e ed b0 24 5e ed b0 24 5e ed b0 24 5e ed b0,False,False,0.921875,1.0,1.0,0.0,0.0,
lp1,1.0,9004,300000,,,,,,0.875,1.0,0.0,0.125,0.875,11.0
lp1,1.0,9005,300000,57500.0,57500.0,24 5e ed b0 24 5e ed b0 24 5e ed b0 24 5e ed b0,False,False,0.9375,1.0,0.0625,0.0625,0.875,12.0
lp1,1.0,9006,300000,1050.0,1050.0,b8 68 5b 9d 2a a1 9b ed b8 68 5b 9d 2a a1 9b ed,False,False,0.9375,1.0,0.0,1.0,0.0,
lp1,1.0,9007,300000,35000.0,35000.0,c3 21 c7 cb 1d ed b8 6c c3 21 c7 cb 1d ed b8 6c,False,False,0.96875,1.0,0.0,1.0,0.0,
lp1,1.0,9008,300000,4250.0,4250.0,68 98 5e 87 ed b0 8d 52 68 98 5e 87 ed b0 8d 52,False,False,0.90625,1.0,0.0,0.25,0.75,12.0
lp1,1.0,9009,300000,152500.0,152500.0,c3 21 68 5a ed b8 b2 35 c3 21 68 5a ed b8 b2 35,False,False,0.859375,1.0,0.125,0.875,0.0,
lp1,1.0,9010,300000,125000.0,125000.0,64 5e ed b0 64 5e ed b0 64 5e ed b0 64 5e ed b0,False,False,0.921875,1.0,0.0,0.125,0.875,12.0
