seed,t_close,F_step,F_tape,F_kind,last_open_step,last_open_tape,chain_records,steps_elapsed,contributing_events,all_between_noncopiers,sources,source_classes,roles_classes,kinds_on_chain,first,soup_noncopier,soup_open,soup_confined,snapshot
31001,11140,10065,87 e3 21 e3 21 e0 87 e0 87 e3 21 e3 21 e0 87 e0,novel,10051,21 e5 21 e3 21 e5 21 e5 21 e3 21 e3 21 e3 21 e5,5,14,3,True,"{'minor parent': 14, 'inherited from the last open copier': 2}","{'non-copier': 6, 'open copier': 8}","{'minor parent:non-copier': 6, 'minor parent:open copier': 8}","{'damage': 2, 'novel': 3}",True,0.8395,0.1605,0.0,10000.0
31002,3366,2457,3d e3 21 e3 21 e0 3d e0 3d e3 21 e3 21 e0 3d e0,novel,2389,21 e5 21 e5 21 e5 21 e5 21 e5 21 e5 21 e5 21 e5,16,68,5,True,"{'minor parent': 11, 'writer': 3, 'inherited from the last open copier': 2}",{'non-copier': 14},"{'minor parent:non-copier': 11, 'writer:non-copier': 3}","{'copy': 2, 'damage': 9, 'novel': 5}",True,0.883,0.1165,0.0005,2000.0
31003,22892,21933,00 e3 21 e3 21 e0 00 e0 00 e0 00 e0 00 e0 00 e0,novel,21911,21 e5 21 e5 21 e3 21 e5 21 e5 21 e5 21 e3 21 e5,7,22,4,True,"{'writer': 2, 'minor parent': 12, 'inherited from the last open copier': 2}",{'non-copier': 14},"{'writer:non-copier': 2, 'minor parent:non-copier': 12}","{'novel': 3, 'damage': 4}",True,0.866,0.134,0.0,20000.0
31005,12440,10861,ed ed b0 1e b0 b0 ed ed ed b0 1e b0 1e b0 1e e6,novel,10611,21 b0 21 e5 21 e5 21 e5 21 e5 21 e5 21 e5 21 e5,24,250,2,True,"{'minor parent': 15, 'writer': 1}",{'non-copier': 16},"{'minor parent:non-copier': 15, 'writer:non-copier': 1}","{'novel': 5, 'copy': 5, 'damage': 9, 'mut': 4, 'copyA': 1}",True,0.857,0.143,0.0,10000.0
31005,12440,13456,1e b0 c2 e5 49 ed b0 97 e9 e5 e9 e5 e9 e5 b0 97,novel,13093,21 e5 e9 e5 21 e5 21 e5 21 e5 21 e5 21 e5 21 e5,30,363,6,True,"{'minor parent': 12, 'copier': 1, 'writer': 3}","{'non-copier': 14, 'open copier': 2}","{'minor parent:non-copier': 11, 'copier:non-copier': 1, 'writer:open copier': 1, 'minor parent:open copier': 1, 'writer:non-copier': 2}","{'novel': 5, 'copyA': 9, 'mut': 10, 'damage': 6}",False,0.7945,0.1245,0.081,12000.0
31006,37307,36041,81 e3 21 e3 21 e0 81 e0 81 e3 21 e3 21 e0 81 e0,novel,35723,21 e5 21 e5 21 e5 21 e5 21 e0 21 e5 21 e5 21 e5,23,318,6,True,"{'minor parent': 9, 'writer': 5, 'mutation': 1, 'inherited from the last open copier': 1}","{'non-copier': 13, 'open copier': 1}","{'minor parent:non-copier': 8, 'writer:non-copier': 5, 'minor parent:open copier': 1}","{'novel': 3, 'mut': 11, 'damage': 9}",True,0.8505,0.1495,0.0,36000.0
31007,56801,55792,4f e3 21 e3 21 e0 4f e0 4f e3 21 e3 21 e0 4f e0,copyA,55791,21 e3 21 e3 21 e3 21 e3 21 e0 4f e0 4f e3 21 e3,1,1,1,,"{'copier': 12, 'inherited from the last open copier': 4}",{'open copier': 12},{'copier:open copier': 12},{'copyA': 1},True,0.851,0.149,0.0,54000.0
31008,42643,41419,53 e3 21 e3 21 e0 53 e0 53 e3 21 e3 21 e0 53 e0,novel,41059,21 e5 21 e5 21 e5 21 e5 21 e5 21 e5 21 e5 21 e5,24,360,3,True,{'minor parent': 16},{'non-copier': 16},{'minor parent:non-copier': 16},"{'copy': 1, 'damage': 9, 'mut': 6, 'novel': 8}",True,0.866,0.1335,0.0005,40000.0
31008,42643,44385,02 e3 21 e3 21 e0 02 e0 02 e3 21 e3 21 e0 02 e0,damage,44134,21 e3 21 e3 21 e3 21 e3 21 e3 21 e3 21 e0 40 e0,55,251,9,True,"{'writer': 8, 'copier': 6, 'minor parent': 2}","{'confined copier': 6, 'non-copier': 10}","{'writer:confined copier': 4, 'writer:non-copier': 4, 'copier:non-copier': 6, 'minor parent:confined copier': 2}","{'damage': 25, 'copy': 15, 'novel': 10, 'mut': 5}",False,0.3465,0.0025,0.651,44000.0
31010,37883,36835,93 e3 21 e3 21 e0 93 e0 93 e3 21 e0 93 e3 21 e0,novel,36750,21 e5 21 e5 21 e5 21 e5 21 e5 21 e5 21 e5 21 e5,15,85,4,True,"{'minor parent': 12, 'inherited from the last open copier': 1, 'copier': 1, 'writer': 2}",{'non-copier': 15},"{'minor parent:non-copier': 12, 'copier:non-copier': 1, 'writer:non-copier': 2}","{'copy': 2, 'novel': 3, 'mut': 7, 'damage': 3}",True,0.88,0.12,0.0,36000.0
31010,37883,39080,8c e3 21 e3 21 e0 8c e0 8c e3 21 e3 21 e0 8c e0,damage,39078,8c e3 21 e3 21 e0 a4 e0 8c e3 21 e3 21 e0 8c e0,1,2,1,,"{'inherited from the last open copier': 15, 'writer': 1}",{'confined copier': 1},{'writer:confined copier': 1},{'damage': 1},False,0.5425,0.061,0.3965,38000.0
31011,37709,35960,00 e3 21 e3 21 e0 00 e0 00 e3 21 e3 21 e0 00 e0,novel,35733,21 e5 21 e5 21 e5 21 e5 21 e5 21 e5 21 e5 21 e5,14,227,4,True,"{'writer': 2, 'minor parent': 12, 'inherited from the last open copier': 2}",{'non-copier': 14},"{'writer:non-copier': 2, 'minor parent:non-copier': 12}","{'damage': 5, 'mut': 6, 'novel': 3}",True,0.836,0.164,0.0,34000.0
31011,37709,37202,6d e3 21 e3 21 e0 6d e0 6d e3 21 e3 21 e0 6d e0,damage,37199,21 e3 21 e3 21 e3 21 e3 21 e3 21 e3 21 e0 6d e0,2,3,2,True,"{'writer': 5, 'inherited from the last open copier': 11}","{'confined copier': 3, 'non-copier': 2}","{'writer:confined copier': 3, 'writer:non-copier': 2}",{'damage': 2},False,0.887,0.1125,0.0005,36000.0
31012,57799,56804,00 e3 21 e3 21 c0 00 c0 21 c0 21 c0 21 c0 00 c0,novel,56795,21 e5 21 e3 21 e5 21 e3 21 e3 21 e3 21 e5 21 e5,3,9,3,True,"{'writer': 1, 'minor parent': 9, 'inherited from the last open copier': 6}",{'non-copier': 10},"{'writer:non-copier': 1, 'minor parent:non-copier': 9}","{'novel': 2, 'damage': 1}",True,0.837,0.163,0.0,56000.0
31012,57799,58120,00 e3 21 e3 21 c0 00 c0 00 e3 21 e3 21 c0 00 c0,damage,58046,21 e3 21 e3 21 e3 21 e3 21 e3 21 e3 21 c0 00 c0,18,74,5,True,"{'writer': 6, 'copier': 6, 'inherited from the last open copier': 4}","{'confined copier': 6, 'non-copier': 6}","{'writer:confined copier': 6, 'copier:non-copier': 6}","{'damage': 9, 'novel': 2, 'copy': 6, 'mut': 1}",False,0.475,0.0435,0.4815,58000.0
31013,43980,42059,00 c5 01 c0 01 c5 01 c0 01 c0 01 c0 01 c0 01 c0,novel,42044,01 c5 01 c5 01 c5 01 c5 01 c5 01 c5 01 c5 01 c5,2,15,2,True,"{'minor parent': 7, 'inherited from the last open copier': 8, 'copier': 1}","{'non-copier': 7, 'open copier': 1}","{'minor parent:non-copier': 7, 'copier:open copier': 1}","{'copy': 1, 'novel': 1}",True,0.854,0.146,0.0,42000.0
31013,43980,42870,4d e3 21 e3 21 e0 4d e0 4d e3 21 e3 21 e0 4d e0,novel,42752,21 e0 21 e5 21 e5 21 e5 21 e0 21 e5 21 e0 21 e5,7,118,5,True,"{'minor parent': 12, 'writer': 3, 'mutation': 1}",{'non-copier': 15},"{'minor parent:non-copier': 12, 'writer:non-copier': 3}","{'damage': 3, 'novel': 3, 'mut': 1}",False,0.854,0.146,0.0,42000.0
31013,43980,42928,4d e3 21 e3 21 e0 4d e0 4d e3 21 e3 21 e0 4d e0,damage,42916,4d e3 21 e3 21 e0 a7 e0 4d e3 21 e3 21 e0 4d e0,4,12,2,True,"{'writer': 4, 'inherited from the last open copier': 8, 'copier': 4}","{'confined copier': 4, 'non-copier': 4}","{'writer:confined copier': 4, 'copier:non-copier': 4}","{'damage': 2, 'novel': 1, 'copy': 1}",False,0.854,0.146,0.0,42000.0
31014,52040,50693,8e e3 21 e3 21 e0 8e e0 8e e3 21 e3 21 e0 8e e0,novel,50439,21 e5 21 e5 21 e5 21 e5 21 e5 21 e5 21 e5 21 e5,33,254,2,True,"{'minor parent': 15, 'inherited from the last open copier': 1}",{'non-copier': 15},{'minor parent:non-copier': 15},"{'damage': 23, 'novel': 3, 'mut': 7}",True,0.888,0.112,0.0,50000.0
31014,52040,52015,8e e3 21 e3 21 e0 8e e0 8e e3 21 e3 21 e0 8e e0,damage,51996,21 e5 21 e3 21 e5 21 e3 21 e5 21 e5 21 e3 21 e5,4,19,4,True,"{'writer': 5, 'inherited from the last open copier': 4, 'minor parent': 3, 'copier': 4}","{'confined copier': 4, 'open copier': 4, 'non-copier': 4}","{'writer:confined copier': 4, 'writer:open copier': 1, 'minor parent:open copier': 3, 'copier:non-copier': 4}","{'damage': 2, 'novel': 1, 'copy': 1}",False,0.688,0.055,0.257,52000.0
31014,52040,51389,8e e3 21 e3 21 e0 8e e0 8e e3 21 e3 21 e0 8e e0,damage,51187,01 06 01 c5 01 06 01 c5 01 06 01 c5 01 06 01 c5,31,202,4,True,"{'writer': 4, 'minor parent': 8, 'copier': 4}","{'confined copier': 8, 'non-copier': 8}","{'writer:confined copier': 4, 'minor parent:non-copier': 4, 'copier:non-copier': 4, 'minor parent:confined copier': 4}","{'damage': 16, 'copy': 2, 'mut': 11, 'novel': 2}",False,0.888,0.112,0.0,50000.0
31015,27099,26104,5c e3 21 e3 21 c0 5c c0 5c e3 21 e3 21 c0 5c c0,novel,25892,01 c5 01 c5 01 c5 01 c5 01 e0 01 e0 01 e0 01 c5,22,212,2,True,{'minor parent': 16},{'non-copier': 16},{'minor parent:non-copier': 16},"{'damage': 13, 'novel': 3, 'mut': 6}",True,0.8465,0.1535,0.0,26000.0
31016,31296,30424,4d e3 21 e3 21 e0 4d e0 4d e3 21 e3 21 e0 4d e0,damage,30372,21 e5 21 e5 21 e5 21 e5 21 e5 21 e5 21 e5 21 e5,8,52,6,True,"{'writer': 6, 'minor parent': 2, 'inherited from the last open copier': 4, 'copier': 4}","{'confined copier': 4, 'non-copier': 8}","{'writer:confined copier': 3, 'minor parent:confined copier': 1, 'writer:non-copier': 3, 'copier:non-copier': 4, 'minor parent:non-copier': 1}","{'novel': 2, 'damage': 5, 'copy': 1}",False,0.8675,0.1325,0.0,30000.0
31016,31296,30236,4d e3 21 e3 21 e0 4d e0 4d e3 21 e3 21 e0 4d e0,novel,30199,21 e5 21 e5 21 e5 21 e5 21 e5 21 e5 21 e5 21 e5,6,37,4,True,"{'minor parent': 13, 'inherited from the last open copier': 1, 'copier': 2}","{'non-copier': 13, 'open copier': 2}","{'minor parent:non-copier': 13, 'copier:open copier': 2}","{'copy': 1, 'novel': 4, 'damage': 1}",True,0.8675,0.1325,0.0,30000.0
31018,48566,47460,42 e3 21 e3 21 e0 42 e0 42 e3 21 e3 21 e0 42 e0,novel,47434,21 e5 21 e5 21 e5 21 e5 21 e5 21 e5 21 e5 21 e5,6,26,3,True,"{'minor parent': 14, 'inherited from the last open copier': 2}",{'non-copier': 14},{'minor parent:non-copier': 14},"{'novel': 3, 'damage': 2, 'copy': 1}",True,0.8375,0.1625,0.0,46000.0
31019,55501,54130,96 e3 21 e3 21 e0 96 e0 96 e3 21 e3 21 e0 96 e0,novel,54051,21 e5 21 e5 21 e5 21 e5 21 e5 21 e5 21 e5 21 e5,11,79,4,True,"{'minor parent': 9, 'writer': 4, 'inherited from the last open copier': 2, 'mutation': 1}",{'non-copier': 13},"{'minor parent:non-copier': 9, 'writer:non-copier': 4}","{'novel': 5, 'copy': 1, 'damage': 3, 'mut': 2}",True,0.889,0.111,0.0,54000.0
31019,55501,57680,b5 e3 21 e3 21 e8 b5 e8 b5 e3 21 e3 21 e8 b5 e8,damage,57679,b5 e3 21 e3 21 e8 b5 e8 b5 e3 21 e3 bd e8 b5 e8,1,1,1,,"{'inherited from the last open copier': 15, 'writer': 1}",{'confined copier': 1},{'writer:confined copier': 1},{'damage': 1},False,0.482,0.019,0.499,56000.0
31019,55501,55007,b5 e3 21 e3 21 e0 b5 e0 b5 e3 21 e3 21 e0 b5 e0,damage,54960,21 e3 21 e3 21 e3 21 e3 21 e3 21 e3 21 e0 7f e0,11,47,2,True,"{'writer': 4, 'inherited from the last open copier': 8, 'copier': 4}","{'confined copier': 4, 'non-copier': 4}","{'writer:confined copier': 4, 'copier:non-copier': 4}","{'damage': 6, 'copy': 5}",False,0.889,0.111,0.0,54000.0
31019,55501,61580,b5 e3 21 e3 21 e8 b5 e8 b5 e3 21 e3 21 e8 b5 e8,damage,61579,b5 e3 21 e3 21 e8 b5 e8 b5 e3 21 e3 7b e8 b5 e8,1,1,1,,"{'inherited from the last open copier': 15, 'writer': 1}",{'confined copier': 1},{'writer:confined copier': 1},{'damage': 1},False,0.196,0.0,0.804,60000.0
31019,55501,54520,b5 e3 21 e3 21 e0 b5 e0 b5 e3 21 e3 21 e0 b5 e0,damage,54519,96 e3 21 e3 21 e0 b5 e0 96 e3 21 e3 21 e0 96 e0,1,1,1,,"{'writer': 3, 'inherited from the last open copier': 13}",{'non-copier': 3},{'writer:non-copier': 3},{'damage': 1},False,0.889,0.111,0.0,54000.0
31020,65679,64732,f8 e3 21 e3 21 e0 f8 e0 f8 e3 21 e3 21 e0 f8 e0,novel,64562,21 e5 21 e5 21 e5 21 e5 21 e5 21 e5 21 e5 21 e5,17,170,4,True,"{'minor parent': 8, 'writer': 7, 'inherited from the last open copier': 1}",{'non-copier': 15},"{'minor parent:non-copier': 8, 'writer:non-copier': 7}","{'novel': 3, 'copy': 1, 'damage': 8, 'mut': 5}",True,0.861,0.139,0.0,64000.0
31020,65679,65033,00 e3 21 e3 21 e0 00 e0 00 e3 21 e3 21 e0 00 e0,novel,64981,21 e5 21 e0 21 e5 21 e5 21 e5 21 e0 21 e0 21 e0,13,52,4,True,"{'minor parent': 14, 'inherited from the last open copier': 2}",{'non-copier': 14},{'minor parent:non-copier': 14},"{'damage': 6, 'novel': 5, 'mut': 2}",False,0.861,0.139,0.0,64000.0
