label,tape_len,steps,k,step,n,heritable,faithful
none@closure10M,16,128,4,200,10,0.00625,0.0
none@closure10M,16,128,4,1000,10,0.05625,0.05
none@closure10M,16,128,4,5000,10,0.10625,0.1
none@closure10M,16,128,4,50000,10,0.7375,0.7375
none@closure10M,16,128,4,300000,10,0.84375,0.84375
none@closure10M,16,128,4,1000000,10,0.89375,0.89375
none@closure10M,20,128,4,200,10,0.0,0.0
none@closure10M,20,128,4,1000,10,0.025,0.01875
none@closure10M,20,128,4,5000,10,0.04375,0.04375
none@closure10M,20,128,4,50000,10,0.15625,0.13125
none@closure10M,20,128,4,300000,10,0.61875,0.6125
none@closure10M,20,128,4,1000000,10,0.95,0.94375
