unit,period,closed,entered_any,min_copy,mean_copy,self_intact
[P[]]][][],10,True,0,0.796875,0.796875,False
[P[]x][][],10,True,0,0.796875,0.796875,False
][P[]]][][,10,True,0,0.796875,0.796875,False
][P[]x][][,10,True,0,0.796875,0.796875,False
[P[]]][],8,True,0,0.75,0.75,False
[P[]x][],8,True,0,0.75,0.75,False
][P[]]][,8,True,0,0.75,0.75,False
][P[]x][,8,True,0,0.75,0.75,False
P,1,False,3,1.0,1.0,True
PP,2,False,3,1.0,1.0,True
PPP,3,False,3,1.0,1.0,True
PPPP,4,False,3,1.0,1.0,True
PPPPP,5,False,3,1.0,1.0,True
PPPPPP,6,False,3,1.0,1.0,True
PPPPPPP,7,False,3,1.0,1.0,True
PPPPPPPP,8,False,3,1.0,1.0,True
PPPPPPPPP,9,False,3,1.0,1.0,True
PPPPPPPPPP,10,False,3,1.0,1.0,True
PPPPPPPPP[,10,False,3,0.90625,0.9114583333333334,False
PPPPPPPPP],10,False,3,0.90625,0.9114583333333334,False
PPPPPPPPPx,10,False,3,0.90625,0.9114583333333334,False
PPPPPPPP[P,10,False,3,0.90625,0.90625,False
PPPPPPPP]P,10,False,3,0.90625,0.90625,False
PPPPPPPPxP,10,False,3,0.90625,0.90625,False
PPPPPPP[PP,10,False,3,0.90625,0.90625,False
PPPPPPP]PP,10,False,3,0.90625,0.90625,False
PPPPPPPxPP,10,False,3,0.90625,0.90625,False
PPPPPP[PPP,10,False,3,0.90625,0.90625,False
PPPPPP]PPP,10,False,3,0.90625,0.90625,False
PPPPPPxPPP,10,False,3,0.90625,0.90625,False
PPPPP[PPPP,10,False,3,0.90625,0.90625,False
PPPPP]PPPP,10,False,3,0.90625,0.90625,False
PPPPPxPPPP,10,False,3,0.90625,0.90625,False
PPPP[PPPPP,10,False,3,0.90625,0.90625,False
PPPP]PPPPP,10,False,3,0.90625,0.90625,False
PPPPxPPPPP,10,False,3,0.90625,0.90625,False
P[P[P[P[[[,10,False,3,0.90625,0.90625,False
P[P[P[P[x[,10,False,3,0.90625,0.90625,False
P[P[[[P[P[,10,False,3,0.90625,0.90625,False
P[P[x[P[P[,10,False,3,0.90625,0.90625,False
P]P]P]P]P[,10,False,3,0.90625,0.90625,False
P]P]P]P]]],10,False,3,0.90625,0.90625,False
P]P]P]P]x],10,False,3,0.90625,0.90625,False
P]P]]]P]P],10,False,3,0.90625,0.90625,False
P]P]x]P]P],10,False,3,0.90625,0.90625,False
PxPxPxPx[x,10,False,3,0.90625,0.90625,False
PxPxPxPx]x,10,False,3,0.90625,0.90625,False
PxPxPxPxxx,10,False,3,0.90625,0.90625,False
PxPx[xPxPx,10,False,3,0.90625,0.90625,False
PxPx]xPxPx,10,False,3,0.90625,0.90625,False
PxPxxxPxPx,10,False,3,0.90625,0.90625,False
[P[P[P[P[[,10,False,3,0.90625,0.90625,False
[P[P[P[P[x,10,False,3,0.90625,0.90625,False
[P[P[[[P[P,10,False,3,0.90625,0.90625,False
[P[P[x[P[P,10,False,3,0.90625,0.90625,False
[[[[P[[[[[,10,False,3,0.90625,0.90625,False
[[[[[P[[[[,10,False,3,0.90625,0.90625,False
[[[[[[P[[[,10,False,3,0.90625,0.90625,False
[[[[[[[P[[,10,False,3,0.90625,0.90625,False
[[[[[[[[P[,10,False,3,0.90625,0.90625,False
[[[[[[[[[P,10,False,3,0.90625,0.90625,False
]P]P]P]P]],10,False,3,0.90625,0.90625,False
]P]P]P]P]x,10,False,3,0.90625,0.90625,False
]P]P]]]P]P,10,False,3,0.90625,0.90625,False
]P]P]x]P]P,10,False,3,0.90625,0.90625,False
]]]]P]]]]],10,False,3,0.90625,0.90625,False
]]]]]P]]]],10,False,3,0.90625,0.90625,False
]]]]]]P]]],10,False,3,0.90625,0.90625,False
]]]]]]]P]],10,False,3,0.90625,0.90625,False
]]]]]]]]P],10,False,3,0.90625,0.90625,False
]]]]]]]]]P,10,False,3,0.90625,0.90625,False
xPxPxPxPx[,10,False,3,0.90625,0.90625,False
xPxPxPxPx],10,False,3,0.90625,0.90625,False
xPxPxPxPxx,10,False,3,0.90625,0.90625,False
xPxPx[xPxP,10,False,3,0.90625,0.90625,False
xPxPx]xPxP,10,False,3,0.90625,0.90625,False
xPxPxxxPxP,10,False,3,0.90625,0.90625,False
xxxxPxxxxx,10,False,3,0.90625,0.90625,False
xxxxxPxxxx,10,False,3,0.90625,0.90625,False
xxxxxxPxxx,10,False,3,0.90625,0.90625,False
xxxxxxxPxx,10,False,3,0.90625,0.90625,False
xxxxxxxxPx,10,False,3,0.90625,0.90625,False
xxxxxxxxxP,10,False,3,0.90625,0.90625,False
