label,family,n,steps_run_min,stopped_early,tq_10_n,tq_10_frac,tq_10_lo,tq_10_hi,tq_10_km,tq_10_km_ix,t_rep_n,t_rep_frac,t_rep_lo,t_rep_hi,t_rep_km,t_rep_km_ix,t_faith_n,t_faith_frac,t_faith_lo,t_faith_hi,t_faith_km,t_faith_km_ix,tiled_frac,div2L_tiled,periods,mechs,final_faithful_n,func_rnd_median,zero_final_median,ix_per_cell_step,km_ratio_vs_none,slower,faster,ties,sign_p
none,comparator,10,300000,0,2,0.2,0.056680947980693314,0.5098431532792765,inf,inf,9,0.9,0.5958436145024278,0.9821242504842788,68500.0,27032.259025787967,9,0.9,0.5958436145024278,0.9821242504842788,68500.0,27032.259025787967,1.0,1.0,4×9,"block-copy:8, block-copy+stack:1",9,0.78125,0.050765624999999995,0.3947888252148998,1.0,,,,
stack-writes,stack,10,300000,0,0,0.0,0.0,0.2775401687666166,inf,inf,5,0.5,0.23658959361548731,0.7634104063845126,228000.0,89974.646991404,5,0.5,0.23658959361548731,0.7634104063845126,228000.0,89974.646991404,1.0,1.0,4×5,block-copy:5,10,0.71875,0.01063125,0.39468743553008595,3.3284671532846715,7.0,3.0,0.0,0.34375
stack-write-only,stack,10,300000,0,1,0.1,0.01787574951572113,0.4041563854975721,inf,inf,10,1.0,0.7224598312333834,1.0,21500.0,8488.930014326646,10,1.0,0.7224598312333834,1.0,21500.0,8488.930014326646,1.0,1.0,4×10,block-copy:10,10,0.75,0.009290625,0.3947232808022923,0.31386861313868614,4.0,6.0,0.0,0.75390625
stack-read-only,stack,10,300000,0,1,0.1,0.01787574951572113,0.4041563854975721,inf,inf,10,1.0,0.7224598312333834,1.0,98000.0,38664.594269340974,10,1.0,0.7224598312333834,1.0,98000.0,38664.594269340974,1.0,1.0,4×10,block-copy:10,10,0.75,0.0501171875,0.3946334670487106,1.4306569343065694,6.0,4.0,0.0,0.75390625
push-only,stack,10,300000,0,0,0.0,0.0,0.2775401687666166,inf,inf,9,0.9,0.5958436145024278,0.9821242504842788,93000.0,36697.60014326648,9,0.9,0.5958436145024278,0.9821242504842788,93000.0,36697.60014326648,1.0,1.0,4×9,block-copy:9,9,0.71875,0.0393578125,0.39477150429799424,1.3576642335766422,7.0,3.0,0.0,0.34375
ex-sp-only,stack,10,300000,0,0,0.0,0.0,0.2775401687666166,inf,inf,10,1.0,0.7224598312333834,1.0,74000.0,29242.340401146135,10,1.0,0.7224598312333834,1.0,74000.0,29242.340401146135,1.0,1.0,4×10,block-copy:10,10,0.765625,0.0516234375,0.3947768051575931,1.0802919708029197,4.0,6.0,0.0,0.75390625
call-rst,stack,10,300000,0,5,0.5,0.23658959361548731,0.7634104063845126,239000.0,94300.56590257879,6,0.6,0.3126695474501864,0.8318224187964902,42500.0,16787.81053008596,6,0.6,0.3126695474501864,0.8318224187964902,42500.0,16787.81053008596,1.0,1.0,"2×4, 4×2","stack:4, block-copy+stack:1, block-copy:1",10,0.765625,0.02453125,0.39475293696275066,0.6204379562043796,5.0,4.0,1.0,1.0
ld-imm,load,10,300000,0,0,0.0,0.0,0.2775401687666166,inf,inf,9,0.9,0.5958436145024278,0.9821242504842788,67500.0,26639.11676217765,9,0.9,0.5958436145024278,0.9821242504842788,67500.0,26639.11676217765,1.0,1.0,4×9,block-copy:9,9,0.75,0.051921875000000006,0.39474090257879657,0.9854014598540146,4.0,5.0,1.0,1.0
ld-reg,load,10,300000,0,0,0.0,0.0,0.2775401687666166,inf,inf,10,1.0,0.7224598312333834,1.0,104500.0,41282.35071633238,10,1.0,0.7224598312333834,1.0,104500.0,41282.35071633238,1.0,1.0,4×10,block-copy:10,10,0.734375,0.0502,0.394770888252149,1.5255474452554745,7.0,3.0,0.0,0.34375
cb-page,other,10,300000,0,0,0.0,0.0,0.2775401687666166,inf,inf,9,0.9,0.5958436145024278,0.9821242504842788,99000.0,39065.89641833811,9,0.9,0.5958436145024278,0.9821242504842788,99000.0,39065.89641833811,1.0,1.0,4×9,block-copy:9,9,0.734375,0.051475,0.3947206876790831,1.4452554744525548,5.0,5.0,0.0,1.0
ed-loads,other,10,300000,0,0,0.0,0.0,0.2775401687666166,inf,inf,9,0.9,0.5958436145024278,0.9821242504842788,60500.0,23881.664255014326,9,0.9,0.5958436145024278,0.9821242504842788,60500.0,23881.664255014326,1.0,1.0,4×9,block-copy:9,10,0.734375,0.0508890625,0.39484282234957013,0.8832116788321168,5.0,5.0,0.0,1.0
all-ld,copy,10,1000000,0,2,0.2,0.056680947980693314,0.5098431532792765,inf,inf,2,0.2,0.056680947980693314,0.5098431532792765,inf,inf,2,0.2,0.056680947980693314,0.5098431532792765,inf,inf,1.0,1.0,4×2,"block-copy:1, block-copy+stack:1",9,0.671875,0.052728125,0.3948634904805077,inf,9.0,0.0,1.0,0.00390625
rmw-only,copy,10,1000000,0,0,0.0,0.0,0.2775401687666166,inf,inf,0,0.0,0.0,0.2775401687666166,inf,inf,0,0.0,0.0,0.2775401687666166,inf,inf,,,–,–,0,0.0,0.00403125,0.3948832094288305,inf,9.0,0.0,1.0,0.00390625
no-copy,copy,10,1000000,0,0,0.0,0.0,0.2775401687666166,inf,inf,0,0.0,0.0,0.2775401687666166,inf,inf,0,0.0,0.0,0.2775401687666166,inf,inf,,,–,–,0,0.0,0.1935171875,0.3948889936536718,inf,9.0,0.0,1.0,0.00390625
