L,seed,which,exact_frac,aligned_frac
16,2001,first,0.546875,0.51171875
16,2001,final,1.0,1.0
16,2002,first,0.546875,0.50390625
16,2002,final,1.0,1.0
16,2003,first,0.6328125,0.59765625
16,2003,final,1.0,1.0
16,2004,first,0.5859375,0.5625
16,2004,final,1.0,1.0
16,2005,first,0.578125,0.5546875
16,2005,final,1.0,1.0
16,2006,first,0.58203125,0.55078125
16,2006,final,1.0,1.0
16,2007,first,0.57421875,0.53125
16,2007,final,1.0,1.0
16,2008,first,0.578125,0.546875
16,2008,final,1.0,1.0
16,2009,first,0.578125,0.54296875
16,2009,final,1.0,1.0
16,2010,first,0.51953125,0.4921875
16,2010,final,1.0,1.0
16,2011,first,0.61328125,0.58984375
16,2011,final,1.0,1.0
16,2012,first,0.64453125,0.61328125
16,2012,final,1.0,1.0
16,2013,first,0.59765625,0.57421875
16,2013,final,1.0,1.0
16,2014,first,0.5390625,0.5078125
16,2014,final,1.0,1.0
16,2015,first,0.5390625,0.515625
16,2015,final,1.0,1.0
16,2016,first,0.52734375,0.48046875
16,2016,final,1.0,1.0
16,2017,first,0.609375,0.5703125
16,2017,final,1.0,1.0
16,2018,first,0.5703125,0.53125
16,2018,final,1.0,1.0
16,2019,first,0.5859375,0.5546875
16,2019,final,1.0,1.0
16,2020,first,0.52734375,0.51953125
16,2020,final,1.0,1.0
20,2001,first,0.3125,0.30859375
20,2001,final,1.0,1.0
20,2002,first,0.33203125,0.328125
20,2002,final,1.0,1.0
20,2003,first,0.38671875,0.3671875
20,2003,final,0.0,0.0
20,2004,first,0.3515625,0.33203125
20,2004,final,1.0,1.0
20,2005,first,0.30859375,0.3046875
20,2005,final,0.26953125,0.26171875
20,2006,first,0.3125,0.30078125
20,2006,final,1.0,1.0
20,2007,first,0.3046875,0.296875
20,2007,final,1.0,1.0
20,2008,first,0.328125,0.30859375
20,2008,final,1.0,1.0
20,2009,first,0.32421875,0.3203125
20,2009,final,0.0,0.0
20,2010,first,0.28515625,0.2734375
20,2010,final,1.0,1.0
20,2011,first,0.34765625,0.34375
20,2011,final,1.0,1.0
20,2012,first,0.328125,0.30078125
20,2012,final,1.0,1.0
20,2013,first,0.3203125,0.30078125
20,2013,final,1.0,1.0
20,2014,first,0.29296875,0.28125
20,2014,final,0.0,0.0
20,2015,first,0.27734375,0.265625
20,2015,final,1.0,1.0
20,2016,first,0.3671875,0.35546875
20,2016,final,1.0,1.0
20,2017,first,0.25,0.2421875
20,2017,final,1.0,1.0
20,2018,first,0.3203125,0.30078125
20,2018,final,1.0,1.0
20,2019,first,0.2890625,0.28515625
20,2019,final,1.0,1.0
20,2020,first,0.328125,0.32421875
20,2020,final,1.0,1.0
50,2001,first,0.0546875,0.0546875
50,2001,final,0.0,0.0
50,2002,first,0.04296875,0.04296875
50,2002,final,0.0,0.0
50,2003,first,0.05078125,0.05078125
50,2003,final,0.0,0.0
50,2004,first,0.03125,0.03125
50,2004,final,0.0,0.0
50,2005,first,0.046875,0.046875
50,2005,final,0.0,0.0
50,2006,first,0.04296875,0.04296875
50,2006,final,0.0,0.0
50,2007,first,0.02734375,0.02734375
50,2007,final,0.0,0.0
50,2008,first,0.05078125,0.05078125
50,2008,final,0.0,0.0
50,2009,first,0.05859375,0.05859375
50,2009,final,0.0,0.0
50,2010,first,0.01171875,0.01171875
50,2010,final,0.0,0.0
50,2011,first,0.0703125,0.0703125
50,2011,final,0.0,0.0
50,2012,first,0.03125,0.03125
50,2012,final,0.0,0.0
50,2013,first,0.046875,0.046875
50,2013,final,0.0,0.0
50,2014,first,0.04296875,0.04296875
50,2014,final,0.0,0.0
50,2015,first,0.0546875,0.05078125
50,2015,final,0.0,0.0
50,2016,first,0.046875,0.046875
50,2016,final,0.0,0.0
50,2017,first,0.0546875,0.0546875
50,2017,final,0.0,0.0
50,2018,first,0.02734375,0.02734375
50,2018,final,0.0,0.0
50,2019,first,0.05859375,0.05859375
50,2019,final,0.0,0.0
50,2020,first,0.04296875,0.04296875
50,2020,final,0.0,0.0
64,2001,first,0.00390625,0.00390625
64,2001,final,0.00390625,0.00390625
64,2002,first,0.0,0.0
64,2002,final,0.0,0.0
64,2003,first,0.0,0.0
64,2003,final,0.0,0.0
64,2004,first,0.0,0.0
64,2004,final,0.0078125,0.0078125
64,2005,first,0.00390625,0.00390625
64,2005,final,1.0,1.0
64,2006,first,0.0,0.0
64,2006,final,0.0,0.0
64,2007,first,0.00390625,0.00390625
64,2007,final,1.0,1.0
64,2008,first,0.00390625,0.0
64,2008,final,0.00390625,0.0
64,2009,first,0.00390625,0.00390625
64,2009,final,1.0,1.0
64,2010,first,0.0,0.0
64,2010,final,0.00390625,0.00390625
64,2011,first,0.0078125,0.0078125
64,2011,final,1.0,1.0
64,2012,first,0.0,0.0
64,2012,final,1.0,1.0
64,2013,first,0.0,0.0
64,2013,final,0.0,0.0
64,2014,first,0.0,0.0
64,2014,final,0.0,0.0
64,2015,first,0.0,0.0
64,2015,final,1.0,1.0
64,2016,first,0.0,0.0
64,2016,final,1.0,1.0
64,2017,first,0.00390625,0.00390625
64,2017,final,0.0,0.0
64,2018,first,0.00390625,0.00390625
64,2018,final,0.0078125,0.00390625
64,2019,first,0.0,0.0
64,2019,final,0.0,0.0
64,2020,first,0.0078125,0.00390625
64,2020,final,0.00390625,0.0
