L,seed,set,snapshot,step,target_step,registered_snapshot,H_bits,entered_frac,copied_frac,partner_exec_mean,n_unique_offspring,n_unique_partners,H_partners,kin_frac,partner_identical_frac
50,2001,emergence,emergence,850,900,t1000,6.868776605425139,1.0,0.796875,46.08203125,188,250,7.923236388849988,0.0859375,0.02734375
50,2004,emergence,emergence,1050,1400,t1000,6.805776532515644,1.0,0.79296875,46.93359375,191,246,7.862424683793463,0.12109375,0.0390625
50,2005,emergence,emergence,700,700,t500,6.968677158126014,1.0,0.7421875,45.17578125,197,249,7.90625,0.08203125,0.03125
50,2008,emergence,emergence,700,800,t1000,6.549271560881994,1.0,0.71875,46.8984375,171,245,7.860899841896732,0.09765625,0.01953125
50,2011,emergence,emergence,1050,1300,t1000,7.204705036496396,1.0,0.8046875,46.90625,204,248,7.888557324168044,0.11328125,0.03515625
50,2012,emergence,emergence,1200,1300,t1000,7.105374310215618,1.0,0.6953125,47.19140625,197,248,7.908164941389348,0.11328125,0.0234375
50,2016,emergence,emergence,800,700,t500,6.450798076271654,1.0,0.8359375,47.82421875,176,248,7.888557324168044,0.10546875,0.03515625
64,2004,tie_later,t2000,2000,1500,t1000,6.9889266707459585,1.0,0.9296875,57.84765625,196,244,7.854838830239336,0.25,0.0234375
64,2004,emergence,emergence,1150,1500,t1000,7.29574235087655,1.0,0.8984375,61.1796875,211,246,7.877886230746719,0.11328125,0.02734375
64,2012,emergence,emergence,1250,1200,t1000,7.479696814400863,1.0,0.87109375,58.62109375,219,248,7.913028662084022,0.1171875,0.0234375
64,2013,emergence,emergence,1050,1300,t1000,7.202394520388952,1.0,0.890625,58.61328125,205,251,7.946837341896732,0.125,0.01953125
64,2014,emergence,emergence,1050,1200,t1000,7.466075034349745,1.0,0.87109375,58.79296875,219,248,7.888557324168044,0.12109375,0.03515625
